repository_name,release_id,tag_name,release_name,release_date,prerelease_flag,draft_flag,target_commitish,release_notes,previous_release_tag,tag_name_clean,is_stable
kubernetes/kubernetes,36351013,v1.17.17,Kubernetes v1.17.17,2021-01-13 18:49:29+00:00,False,False,master,"
See [kubernetes-announce@](https://groups.google.com/forum/#!forum/kubernetes-announce). Additional binary downloads are linked in the [CHANGELOG](https://github.com/kubernetes/kubernetes/blob/master/CHANGELOG/CHANGELOG-1.17.md).

See [the CHANGELOG](https://github.com/kubernetes/kubernetes/blob/master/CHANGELOG/CHANGELOG-1.17.md) for more details.

### Release Assets


<table>
<tr><td colspan=""2""><b>Kubernetes Source Code: </b> kubernetes.tar.gz</td><tr>
<tr><td>SHA256</td><td>3c041f08d8660f6c4715f9b81f3081e5f54dff358b2ad886bcaf5a614483444e</td></tr>
<tr><td>SHA512</td><td>b150df23f93cd08bb7e77bc08723af1344793efebf61926d24fdfe06df1d4d7a658990fba20457816b881d7bf4b8d37f8e44a3c33d2a62d50fdecfed99fcfd19</td></tr>
</table>


",v1.17.16,1.17.17,True
kubernetes/kubernetes,36351486,v1.18.15,Kubernetes v1.18.15,2021-01-13 18:58:44+00:00,False,False,master,"
See [kubernetes-announce@](https://groups.google.com/forum/#!forum/kubernetes-announce). Additional binary downloads are linked in the [CHANGELOG](https://github.com/kubernetes/kubernetes/blob/master/CHANGELOG/CHANGELOG-1.18.md).

See [the CHANGELOG](https://github.com/kubernetes/kubernetes/blob/master/CHANGELOG/CHANGELOG-1.18.md) for more details.

### Release Assets


<table>
<tr><td colspan=""2""><b>Kubernetes Source Code: </b> kubernetes.tar.gz</td><tr>
<tr><td>SHA256</td><td>2ba461710bbbf3b26ca5afe11a8a7a503b60e45d47b851f2fcc0aed6d7b32eeb</td></tr>
<tr><td>SHA512</td><td>b4cc40d35873704332a2076f8f52bf3724146d71faa0a699e0154d9e41ece441160d080e8244063e9c2fd804d7e00ba7925c13ec0cf1b6ffe0fc2fe83ec46b4e</td></tr>
</table>


",v1.17.17,1.18.15,True
kubernetes/kubernetes,36351831,v1.19.7,Kubernetes v1.19.7,2021-01-13 19:06:48+00:00,False,False,master,"
See [kubernetes-announce@](https://groups.google.com/forum/#!forum/kubernetes-announce). Additional binary downloads are linked in the [CHANGELOG](https://github.com/kubernetes/kubernetes/blob/master/CHANGELOG/CHANGELOG-1.19.md).

See [the CHANGELOG](https://github.com/kubernetes/kubernetes/blob/master/CHANGELOG/CHANGELOG-1.19.md) for more details.

### Release Assets


<table>
<tr><td colspan=""2""><b>Kubernetes Source Code: </b> kubernetes.tar.gz</td><tr>
<tr><td>SHA256</td><td>949d2fc6905bf3fbc665bfc0e166315f9d2d27ceac1788fa08d023ac6ef2d7ce</td></tr>
<tr><td>SHA512</td><td>c073db59462f36e9e57ba8676e6f3472dec44cedb74b4c4be726524d954f871f1b603b4e636e83e2a2017de8bfbb631e1cc5a258e54585d30f7af34e7e7f7e32</td></tr>
</table>


",v1.18.15,1.19.7,True
kubernetes/kubernetes,36352135,v1.20.2,Kubernetes v1.20.2,2021-01-13 19:14:04+00:00,False,False,master,"
See [kubernetes-announce@](https://groups.google.com/forum/#!forum/kubernetes-announce). Additional binary downloads are linked in the [CHANGELOG](https://github.com/kubernetes/kubernetes/blob/master/CHANGELOG/CHANGELOG-1.20.md).

See [the CHANGELOG](https://github.com/kubernetes/kubernetes/blob/master/CHANGELOG/CHANGELOG-1.20.md) for more details.

### Release Assets


<table>
<tr><td colspan=""2""><b>Kubernetes Source Code: </b> kubernetes.tar.gz</td><tr>
<tr><td>SHA256</td><td>2c9f49cef1e82a3798673a5a1c0da860e4f0ff268a7d0b4d5b63b32862e6750b</td></tr>
<tr><td>SHA512</td><td>d59e625a3d3627f56f9b8e3534c41f24f401dcd285fd8472e7f5c523b53bac4b2536a9ab7f976c177406f49794ff451375c0b1b662e9e3ad3412aed535b58cbe</td></tr>
</table>


",v1.19.7,1.20.2,True
kubernetes/kubernetes,36353742,v1.21.0-alpha.1,Kubernetes v1.21.0-alpha.1,2021-01-13 19:50:47+00:00,True,False,master,"
See [kubernetes-announce@](https://groups.google.com/forum/#!forum/kubernetes-announce). Additional binary downloads are linked in the [CHANGELOG](https://github.com/kubernetes/kubernetes/blob/master/CHANGELOG/CHANGELOG-1.21.md).

See [the CHANGELOG](https://github.com/kubernetes/kubernetes/blob/master/CHANGELOG/CHANGELOG-1.21.md) for more details.

### Release Assets


<table>
<tr><td colspan=""2""><b>Kubernetes Source Code: </b> kubernetes.tar.gz</td><tr>
<tr><td>SHA256</td><td>a81b17d90036e4ef8250dcd15d3723d9d47c869bf089ebe1c1a8425898e365db</td></tr>
<tr><td>SHA512</td><td>b2bacd5c3fc9f829e6269b7d2006b0c6e464ff848bb0a2a8f2fe52ad2d7c4438f099bd8be847d8d49ac6e4087f4d74d5c3a967acd798e0b0cb4d7a2bdb122997</td></tr>
</table>


",v1.20.2,1.21.0-alpha.1,False
kubernetes/kubernetes,36936435,v1.21.0-alpha.2,Kubernetes v1.21.0-alpha.2,2021-01-26 20:48:52+00:00,True,False,master,"
See [kubernetes-announce@](https://groups.google.com/forum/#!forum/kubernetes-announce). Additional binary downloads are linked in the [CHANGELOG](https://github.com/kubernetes/kubernetes/blob/master/CHANGELOG/CHANGELOG-1.21.md).

See [the CHANGELOG](https://github.com/kubernetes/kubernetes/blob/master/CHANGELOG/CHANGELOG-1.21.md) for more details.

### Release Assets


<table>
<tr><td colspan=""2""><b>Kubernetes Source Code: </b> kubernetes.tar.gz</td><tr>
<tr><td>SHA256</td><td>4cc1d8b8d63a87a7b287847162dfae87e0d82e9c9808c4ca036eabbf5d1e7d72</td></tr>
<tr><td>SHA512</td><td>6836f6c8514253fe0831fd171fc4ed92eb6d9a773491c8dc82b90d171a1b10076bd6bfaea56ec1e199c5f46c273265bdb9f174f0b2d99c5af1de4c99b862329e</td></tr>
</table>


",v1.21.0-alpha.1,1.21.0-alpha.2,False
kubernetes/kubernetes,37801280,v1.21.0-alpha.3,Kubernetes v1.21.0-alpha.3,2021-02-09 13:51:31+00:00,True,False,master,"
See [kubernetes-announce@](https://groups.google.com/forum/#!forum/kubernetes-announce). Additional binary downloads are linked in the [CHANGELOG](https://github.com/kubernetes/kubernetes/blob/master/CHANGELOG/CHANGELOG-1.21.md).

See [the CHANGELOG](https://github.com/kubernetes/kubernetes/blob/master/CHANGELOG/CHANGELOG-1.21.md) for more details.

### Release Assets


<table>
<tr><td colspan=""2""><b>Kubernetes Source Code: </b> kubernetes.tar.gz</td><tr>
<tr><td>SHA256</td><td>b2b2f8f6cb2374253234f538e362e0d098bb2a9580540316301bd86d4ad1e3ca</td></tr>
<tr><td>SHA512</td><td>704ec916a1dbd134c54184d2652671f80ae09274f9d23dbbed312944ebeccbc173e2e6b6949b38bdbbfdaf8aa032844deead5efeda1b3150f9751386d9184bc8</td></tr>
</table>


",v1.21.0-alpha.2,1.21.0-alpha.3,False
kubernetes/kubernetes,38191304,v1.18.16,Kubernetes v1.18.16,2021-02-17 20:30:54+00:00,False,False,master,"
See [kubernetes-announce@](https://groups.google.com/forum/#!forum/kubernetes-announce). Additional binary downloads are linked in the [CHANGELOG](https://github.com/kubernetes/kubernetes/blob/master/CHANGELOG/CHANGELOG-1.18.md).

See [the CHANGELOG](https://github.com/kubernetes/kubernetes/blob/master/CHANGELOG/CHANGELOG-1.18.md) for more details.

### Release Assets


<table>
<tr><td colspan=""2""><b>Kubernetes Source Code: </b> kubernetes.tar.gz</td><tr>
<tr><td>SHA256</td><td>51564da6164e9baad91ff3e8db38e98d12bac8158efcd954dbfa1af7a037f9f2</td></tr>
<tr><td>SHA512</td><td>e332bf943044108bea2b08498cf5a20f07d71ad8cdfe59df03f0b4fb4a883422bd5d337180be70ce6e314ce1bf5233355357f30d4a669035a191a24305373937</td></tr>
</table>


",v1.21.0-alpha.3,1.18.16,True
kubernetes/kubernetes,38191357,v1.19.8,Kubernetes v1.19.8,2021-02-17 20:31:54+00:00,False,False,master,"
See [kubernetes-announce@](https://groups.google.com/forum/#!forum/kubernetes-announce). Additional binary downloads are linked in the [CHANGELOG](https://github.com/kubernetes/kubernetes/blob/master/CHANGELOG/CHANGELOG-1.19.md).

See [the CHANGELOG](https://github.com/kubernetes/kubernetes/blob/master/CHANGELOG/CHANGELOG-1.19.md) for more details.

### Release Assets


<table>
<tr><td colspan=""2""><b>Kubernetes Source Code: </b> kubernetes.tar.gz</td><tr>
<tr><td>SHA256</td><td>37ac78ec225da008a735a3724ff817e7c5bdd9a85cf40cada6f635a908f699c6</td></tr>
<tr><td>SHA512</td><td>14a4920a56fdecf8aae54d86e27cd194f8245760602809be4d0ea7f0a28b8fce667f55c46c552cb8695592892d480ecb2c619bc0e467310a8cb774aac09e43dc</td></tr>
</table>


",v1.18.16,1.19.8,True
kubernetes/kubernetes,38191467,v1.20.3,Kubernetes v1.20.3,2021-02-17 20:34:07+00:00,False,False,master,"
See [kubernetes-announce@](https://groups.google.com/forum/#!forum/kubernetes-announce). Additional binary downloads are linked in the [CHANGELOG](https://github.com/kubernetes/kubernetes/blob/master/CHANGELOG/CHANGELOG-1.20.md).

See [the CHANGELOG](https://github.com/kubernetes/kubernetes/blob/master/CHANGELOG/CHANGELOG-1.20.md) for more details.

### Release Assets


<table>
<tr><td colspan=""2""><b>Kubernetes Source Code: </b> kubernetes.tar.gz</td><tr>
<tr><td>SHA256</td><td>37b2ecd287c9a5e4aeaaa567d3a573329d2a576f8ff4605202c0eabd94d29234</td></tr>
<tr><td>SHA512</td><td>c27f43c347533334faa11df04a23b5339d8bbcefc564059c38419ea5e9f070ef51edb3c8e0b2695a564f03a043342ea7a07a4da61c8611d341ac3986ad2a7b36</td></tr>
</table>


",v1.19.8,1.20.3,True
kubernetes/kubernetes,38251599,v1.20.4,Kubernetes v1.20.4,2021-02-18 19:40:10+00:00,False,False,master,"
See [kubernetes-announce@](https://groups.google.com/forum/#!forum/kubernetes-announce). Additional binary downloads are linked in the [CHANGELOG](https://github.com/kubernetes/kubernetes/blob/master/CHANGELOG/CHANGELOG-1.20.md).

See [the CHANGELOG](https://github.com/kubernetes/kubernetes/blob/master/CHANGELOG/CHANGELOG-1.20.md) for more details.

### Release Assets


<table>
<tr><td colspan=""2""><b>Kubernetes Source Code: </b> kubernetes.tar.gz</td><tr>
<tr><td>SHA256</td><td>67ecda36c34a0d3753089ef61a5e711a6d237b1dfd88e55e6989c8a10bcd57a9</td></tr>
<tr><td>SHA512</td><td>25768fae152a5fd078fe35ddcf0408a7d41672c35319316bd7e68707ba5ac3b7a4d233d41b2b8b66e8b5a18c080dadafd2bc87b2140b2604b06156887d711609</td></tr>
</table>


",v1.20.3,1.20.4,True
kubernetes/kubernetes,38513913,v1.21.0-beta.0,Kubernetes v1.21.0-beta.0,2021-02-23 21:54:20+00:00,True,False,master,"
See [kubernetes-announce@](https://groups.google.com/forum/#!forum/kubernetes-announce). Additional binary downloads are linked in the [CHANGELOG](https://github.com/kubernetes/kubernetes/blob/master/CHANGELOG/CHANGELOG-1.21.md).

See [the CHANGELOG](https://github.com/kubernetes/kubernetes/blob/master/CHANGELOG/CHANGELOG-1.21.md) for more details.

### Release Assets


<table>
<tr><td colspan=""2""><b>Kubernetes Source Code: </b> kubernetes.tar.gz</td><tr>
<tr><td>SHA256</td><td>5c97e0a6cd3e7a4fa0c189037e85fe9adff27c345e0398cbb791d2c16881466f</td></tr>
<tr><td>SHA512</td><td>69b73a03b70b0ed006e9fef3f5b9bc68f0eb8dc40db6cc04777c03a2cb83a008c783012ca186b1c48357fb192403dbcf6960f120924785e2076e215b9012d546</td></tr>
</table>


",v1.20.4,1.21.0-beta.0,False
kubernetes/kubernetes,39502339,v1.21.0-beta.1,Kubernetes v1.21.0-beta.1,2021-03-09 10:24:42+00:00,True,False,master,"
See [kubernetes-announce@](https://groups.google.com/forum/#!forum/kubernetes-announce). Additional binary downloads are linked in the [CHANGELOG](https://github.com/kubernetes/kubernetes/blob/master/CHANGELOG/CHANGELOG-1.21.md).

See [the CHANGELOG](https://github.com/kubernetes/kubernetes/blob/master/CHANGELOG/CHANGELOG-1.21.md) for more details.

### Release Assets


<table>
<tr><td colspan=""2""><b>Kubernetes Source Code: </b> kubernetes.tar.gz</td><tr>
<tr><td>SHA256</td><td>05f3d58aecc70d66c26c62cefc28efcbfc2f54958c239668b7e95ce386480021</td></tr>
<tr><td>SHA512</td><td>c9f4f25242e319e5d90f49d26f239a930aad69677c0f3c2387c56bb13482648a26ed234be2bfe2352508f35010e3eb6d3b127c31a9f24fa1e53ac99c38520fe4</td></tr>
</table>


",v1.21.0-beta.0,1.21.0-beta.1,False
kubernetes/kubernetes,40026670,v1.18.17,Kubernetes v1.18.17,2021-03-18 19:22:57+00:00,False,False,master,"
See [kubernetes-announce@](https://groups.google.com/forum/#!forum/kubernetes-announce). Additional binary downloads are linked in the [CHANGELOG](https://github.com/kubernetes/kubernetes/blob/master/CHANGELOG/CHANGELOG-1.18.md).

See [the CHANGELOG](https://github.com/kubernetes/kubernetes/blob/master/CHANGELOG/CHANGELOG-1.18.md) for more details.

### Release Assets


<table>
<tr><td colspan=""2""><b>Kubernetes Source Code: </b> kubernetes.tar.gz</td><tr>
<tr><td>SHA256</td><td>2e9d4abf0c758baf7bb0b7581bd66403b7f0ca8562a73c95ba348e1a18c1ddcc</td></tr>
<tr><td>SHA512</td><td>bb0fba64db46587c549c471b80f8734b899126784a9f34669dbb585ed593155a03150dd3a6d81ca77f76cdedbbe38653e8a45c7ef115bd052f3c380e9fa30728</td></tr>
</table>


",v1.21.0-beta.1,1.18.17,True
kubernetes/kubernetes,40026943,v1.19.9,Kubernetes v1.19.9,2021-03-18 19:28:36+00:00,False,False,master,"
See [kubernetes-announce@](https://groups.google.com/forum/#!forum/kubernetes-announce). Additional binary downloads are linked in the [CHANGELOG](https://github.com/kubernetes/kubernetes/blob/master/CHANGELOG/CHANGELOG-1.19.md).

See [the CHANGELOG](https://github.com/kubernetes/kubernetes/blob/master/CHANGELOG/CHANGELOG-1.19.md) for more details.

### Release Assets


<table>
<tr><td colspan=""2""><b>Kubernetes Source Code: </b> kubernetes.tar.gz</td><tr>
<tr><td>SHA256</td><td>9b587b9d8d554e46df03411e3b07b6dfb9cb8719b7af7aabe375a22e4d9c4b25</td></tr>
<tr><td>SHA512</td><td>bd8fbded9a25c672c05655ccdf4b78a86b2e4f0d8763c7d55a9fb84369c5ac9e7ce28d3a8abfe0dfafea1cb5480cc8da43c1ba1fb9b9974d364986d9fb4c839b</td></tr>
</table>


",v1.18.17,1.19.9,True
kubernetes/kubernetes,40027219,v1.20.5,Kubernetes v1.20.5,2021-03-18 19:34:09+00:00,False,False,master,"
See [kubernetes-announce@](https://groups.google.com/forum/#!forum/kubernetes-announce). Additional binary downloads are linked in the [CHANGELOG](https://github.com/kubernetes/kubernetes/blob/master/CHANGELOG/CHANGELOG-1.20.md).

See [the CHANGELOG](https://github.com/kubernetes/kubernetes/blob/master/CHANGELOG/CHANGELOG-1.20.md) for more details.

### Release Assets


<table>
<tr><td colspan=""2""><b>Kubernetes Source Code: </b> kubernetes.tar.gz</td><tr>
<tr><td>SHA256</td><td>3edf9c2384a4449efec7eab28b22530982bb44222c6f3d45d9921638cab2fe4c</td></tr>
<tr><td>SHA512</td><td>62bd8e4c2e8b361dbc898ac125138f4b75b6b56b748c46957dc524ce5cfe90f488ba1dc3dfcdad17f291ea48be39f3fe7f689b3772e4484893f39f98c6a27138</td></tr>
</table>


",v1.19.9,1.20.5,True
kubernetes/kubernetes,40568245,v1.21.0-rc.0,Kubernetes v1.21.0-rc.0,2021-03-26 23:15:03+00:00,True,False,master,"
See [kubernetes-announce@](https://groups.google.com/forum/#!forum/kubernetes-announce). Additional binary downloads are linked in the [CHANGELOG](https://github.com/kubernetes/kubernetes/blob/master/CHANGELOG/CHANGELOG-1.21.md).

See [the CHANGELOG](https://github.com/kubernetes/kubernetes/blob/master/CHANGELOG/CHANGELOG-1.21.md) for more details.

### Release Assets


<table>
<tr><td colspan=""2""><b>Kubernetes Source Code: </b> kubernetes.tar.gz</td><tr>
<tr><td>SHA256</td><td>5d8b189b64440702c2f775037e92e2b53aff106f3f52efe620f75f4a94cad0a8</td></tr>
<tr><td>SHA512</td><td>ef53a41955d6f8a8d2a94636af98b55d633fb8a5081517559039e019b3dd65c9d10d4e7fa297ab88a7865d772f3eecf72e7b0eeba5e87accb4000c91da33e148</td></tr>
</table>


",v1.20.5,1.21.0-rc.0,False
kubernetes/kubernetes,41140171,v1.21.0,Kubernetes v1.21.0,2021-04-08 17:56:09+00:00,False,False,master,"
See [kubernetes-announce@](https://groups.google.com/forum/#!forum/kubernetes-announce). Additional binary downloads are linked in the [CHANGELOG](https://github.com/kubernetes/kubernetes/blob/master/CHANGELOG/CHANGELOG-1.21.md).

See [the CHANGELOG](https://github.com/kubernetes/kubernetes/blob/master/CHANGELOG/CHANGELOG-1.21.md) for more details.

### Release Assets


<table>
<tr><td colspan=""2""><b>Kubernetes Source Code: </b> kubernetes.tar.gz</td><tr>
<tr><td>SHA256</td><td>8159d42eeb8e42bad1c4c6a9401d93c53eee5e21070a335b97b6c95e531df3d5</td></tr>
<tr><td>SHA512</td><td>19bb76a3fa5ce4b9f043b2a3a77c32365ab1fcb902d8dd6678427fb8be8f49f64a5a03dc46aaef9c7dadee05501cf83412eda46f0edacbb8fc1ed0bf5fb79142</td></tr>
</table>


",v1.21.0-rc.0,1.21.0,True
kubernetes/kubernetes,41456484,v1.20.6,Kubernetes v1.20.6,2021-04-15 05:08:46+00:00,False,False,master,"
See [kubernetes-announce@](https://groups.google.com/forum/#!forum/kubernetes-announce). Additional binary downloads are linked in the [CHANGELOG](https://github.com/kubernetes/kubernetes/blob/master/CHANGELOG/CHANGELOG-1.20.md).

See [the CHANGELOG](https://github.com/kubernetes/kubernetes/blob/master/CHANGELOG/CHANGELOG-1.20.md) for more details.

### Release Assets


<table>
<tr><td colspan=""2""><b>Kubernetes Source Code: </b> kubernetes.tar.gz</td><tr>
<tr><td>SHA256</td><td>14375b18be1894188c4c41f497764b1c588cbec52b0ba2369373d2f1f8ea5202</td></tr>
<tr><td>SHA512</td><td>233b3e03868b2797692315b9ba393d09e7af7400e5a30c5845bcac5ede318777a1795953e50dd4e45f856095dc915145ec601b8feaef6aa6159f950595a00f29</td></tr>
</table>


",v1.21.0,1.20.6,True
kubernetes/kubernetes,41456496,v1.19.10,Kubernetes v1.19.10,2021-04-15 05:09:35+00:00,False,False,master,"
See [kubernetes-announce@](https://groups.google.com/forum/#!forum/kubernetes-announce). Additional binary downloads are linked in the [CHANGELOG](https://github.com/kubernetes/kubernetes/blob/master/CHANGELOG/CHANGELOG-1.19.md).

See [the CHANGELOG](https://github.com/kubernetes/kubernetes/blob/master/CHANGELOG/CHANGELOG-1.19.md) for more details.

### Release Assets


<table>
<tr><td colspan=""2""><b>Kubernetes Source Code: </b> kubernetes.tar.gz</td><tr>
<tr><td>SHA256</td><td>5e52955fefabc69abb77fbdddabc633b0ce8b69275d94fbbc7734aee87c094c7</td></tr>
<tr><td>SHA512</td><td>35d0328ec3af401acff5937cc2f74070dde0343546c1c1754caf1cba7377ce776af5361e65148048b9449627857a65dccf739abac2e98ca5a47f7ef116b0d906</td></tr>
</table>


",v1.20.6,1.19.10,True
kubernetes/kubernetes,41457093,v1.18.18,Kubernetes v1.18.18,2021-04-15 05:32:45+00:00,False,False,master,"
See [kubernetes-announce@](https://groups.google.com/forum/#!forum/kubernetes-announce). Additional binary downloads are linked in the [CHANGELOG](https://github.com/kubernetes/kubernetes/blob/master/CHANGELOG/CHANGELOG-1.18.md).

See [the CHANGELOG](https://github.com/kubernetes/kubernetes/blob/master/CHANGELOG/CHANGELOG-1.18.md) for more details.

### Release Assets


<table>
<tr><td colspan=""2""><b>Kubernetes Source Code: </b> kubernetes.tar.gz</td><tr>
<tr><td>SHA256</td><td>bc260f8dffb817c9dfecbb7f18bb6676567d0cae0d80a329d6bdefd9c70944e0</td></tr>
<tr><td>SHA512</td><td>36e254401fae0ddcf05aa57a76a8ea9772f6a61492a898af48c3689132edf77bd2f551b7c93043ff78f48d5c5543b0957c8768db2422347fea1d4033f3337b7d</td></tr>
</table>


",v1.19.10,1.18.18,True
kubernetes/kubernetes,42164071,v1.22.0-alpha.1,Kubernetes v1.22.0-alpha.1,2021-04-28 20:40:00+00:00,True,False,master,"
See [kubernetes-announce@](https://groups.google.com/forum/#!forum/kubernetes-announce). Additional binary downloads are linked in the [CHANGELOG](https://github.com/kubernetes/kubernetes/blob/master/CHANGELOG/CHANGELOG-1.22.md).

See [the CHANGELOG](https://github.com/kubernetes/kubernetes/blob/master/CHANGELOG/CHANGELOG-1.22.md) for more details.

### Release Assets


<table>
<tr><td colspan=""2""><b>Kubernetes Source Code: </b> kubernetes.tar.gz</td><tr>
<tr><td>SHA256</td><td>7fd175f85d3a6d412793f17582ae82d332f975dd61ac00fe19fe45cd7a0d9540</td></tr>
<tr><td>SHA512</td><td>de3fb80c8fdcabe60f37e3dcb1c61e8733c95fc0d45840f6861eafde09a149c3880f3e0b434d33167ffa66bdfeb887696ac7bfd2b44b85c29f99ba12965305ed</td></tr>
</table>


",v1.18.18,1.22.0-alpha.1,False
kubernetes/kubernetes,42867664,v1.18.19,Kubernetes v1.18.19,2021-05-12 20:21:37+00:00,False,False,master,"
See [kubernetes-announce@](https://groups.google.com/forum/#!forum/kubernetes-announce). Additional binary downloads are linked in the [CHANGELOG](https://github.com/kubernetes/kubernetes/blob/master/CHANGELOG/CHANGELOG-1.18.md).

See [the CHANGELOG](https://github.com/kubernetes/kubernetes/blob/master/CHANGELOG/CHANGELOG-1.18.md) for more details.

### Release Assets


<table>
<tr><td colspan=""2""><b>Kubernetes Source Code: </b> kubernetes.tar.gz</td><tr>
<tr><td>SHA256</td><td>790688d03fb5eb7f46686d9d6534ac6af2e0e265fdbff877827668de7995c451</td></tr>
<tr><td>SHA512</td><td>017e3f9def09f48756ffdd6655c94eba79941ee0e8ff3a7795ff8333d54a79a7d156a1ee895eaaa27c35fed09f9ec85b59a5b084eb7d292ca006d3bc1a8142a2</td></tr>
</table>


",v1.22.0-alpha.1,1.18.19,True
kubernetes/kubernetes,42868108,v1.19.11,Kubernetes v1.19.11,2021-05-12 20:30:34+00:00,False,False,master,"
See [kubernetes-announce@](https://groups.google.com/forum/#!forum/kubernetes-announce). Additional binary downloads are linked in the [CHANGELOG](https://github.com/kubernetes/kubernetes/blob/master/CHANGELOG/CHANGELOG-1.19.md).

See [the CHANGELOG](https://github.com/kubernetes/kubernetes/blob/master/CHANGELOG/CHANGELOG-1.19.md) for more details.

### Release Assets


<table>
<tr><td colspan=""2""><b>Kubernetes Source Code: </b> kubernetes.tar.gz</td><tr>
<tr><td>SHA256</td><td>d2f7e66a272349abef46e300edc57b5a23045f0c5b5e533c2408679855dd519b</td></tr>
<tr><td>SHA512</td><td>37c4174a2b859f9b51b83231ec2e61cd41eaab713bd7c9fd06fba82161ced84c95464a4fb1319ad2d04f5395745123588f75796ee31910e6ba8ce6303901f04b</td></tr>
</table>


",v1.18.19,1.19.11,True
kubernetes/kubernetes,42868402,v1.20.7,Kubernetes v1.20.7,2021-05-12 20:37:17+00:00,False,False,master,"
See [kubernetes-announce@](https://groups.google.com/forum/#!forum/kubernetes-announce). Additional binary downloads are linked in the [CHANGELOG](https://github.com/kubernetes/kubernetes/blob/master/CHANGELOG/CHANGELOG-1.20.md).

See [the CHANGELOG](https://github.com/kubernetes/kubernetes/blob/master/CHANGELOG/CHANGELOG-1.20.md) for more details.

### Release Assets


<table>
<tr><td colspan=""2""><b>Kubernetes Source Code: </b> kubernetes.tar.gz</td><tr>
<tr><td>SHA256</td><td>b0d3c06d63ec9c0a5aff435bde3a12620bf539abaa2eccc98fed3753ca77b1e6</td></tr>
<tr><td>SHA512</td><td>05e50f62e86e84599d14589d1a4987ed44314bf5937d186b4608cafb100cb1e54a03d8969740bdd9b500490f146e7eeda6e7554579de6ea161c07d8a247ae3fe</td></tr>
</table>


",v1.19.11,1.20.7,True
kubernetes/kubernetes,42868425,v1.21.1,Kubernetes v1.21.1,2021-05-12 20:37:54+00:00,False,False,master,"
See [kubernetes-announce@](https://groups.google.com/forum/#!forum/kubernetes-announce). Additional binary downloads are linked in the [CHANGELOG](https://github.com/kubernetes/kubernetes/blob/master/CHANGELOG/CHANGELOG-1.21.md).

See [the CHANGELOG](https://github.com/kubernetes/kubernetes/blob/master/CHANGELOG/CHANGELOG-1.21.md) for more details.

### Release Assets


<table>
<tr><td colspan=""2""><b>Kubernetes Source Code: </b> kubernetes.tar.gz</td><tr>
<tr><td>SHA256</td><td>a91c9602ea5e4ab097eec04516582799aaa2843412d91aa8bf1a17b6d2d90f02</td></tr>
<tr><td>SHA512</td><td>39005d4e11684d732babf419e06403a67ffb4f6c78cb7cb6e8214a7a1e6171de2a302d20d72bbb9da7f2748f46fd3bcf7d7e3b4767e3c8167f536d93e5f7bd7b</td></tr>
</table>


",v1.20.7,1.21.1,True
kubernetes/kubernetes,43330203,v1.22.0-alpha.2,Kubernetes v1.22.0-alpha.2,2021-05-21 05:21:10+00:00,True,False,master,"
See [kubernetes-announce@](https://groups.google.com/forum/#!forum/kubernetes-announce). Additional binary downloads are linked in the [CHANGELOG](https://github.com/kubernetes/kubernetes/blob/master/CHANGELOG/CHANGELOG-1.22.md).

See [the CHANGELOG](https://github.com/kubernetes/kubernetes/blob/master/CHANGELOG/CHANGELOG-1.22.md) for more details.

### Release Assets


<table>
<tr><td colspan=""2""><b>Kubernetes Source Code: </b> kubernetes.tar.gz</td><tr>
<tr><td>SHA256</td><td>b82291c2b8df6a008f545b52f30b0c1ac8359787ad38f5955bb3e3c25772daff</td></tr>
<tr><td>SHA512</td><td>39d5177271e744058585c4b924ff91e4df654db81257a4710b77a055ac6033c8d6414772a4c42e3ec7f568ac5c9691c53225a13a68610aa0b07c3bcaf252fe4c</td></tr>
</table>


",v1.21.1,1.22.0-alpha.2,False
kubernetes/kubernetes,44298985,v1.22.0-alpha.3,Kubernetes v1.22.0-alpha.3,2021-06-08 18:21:47+00:00,True,False,master,"
See [kubernetes-announce@](https://groups.google.com/forum/#!forum/kubernetes-announce). Additional binary downloads are linked in the [CHANGELOG](https://github.com/kubernetes/kubernetes/blob/master/CHANGELOG/CHANGELOG-1.22.md).

See [the CHANGELOG](https://github.com/kubernetes/kubernetes/blob/master/CHANGELOG/CHANGELOG-1.22.md) for more details.

### Release Assets


<table>
<tr><td colspan=""2""><b>Kubernetes Source Code: </b> kubernetes.tar.gz</td><tr>
<tr><td>SHA256</td><td>06a7b5ccf609ef4ba3a0331ac58d510885a7e8fcf6d904ecf16aa9cfd7408479</td></tr>
<tr><td>SHA512</td><td>d45d66834b05aa2cb0ad1b0b7e0a00a9f91b992c74fe50f7a7ad396dae07c5af4855bd6e0191b9a424192c4351ba3e269effa6bca4f7405346c2aae6950c1efa</td></tr>
</table>


",v1.22.0-alpha.2,1.22.0-alpha.3,False
kubernetes/kubernetes,44743553,v1.18.20,Kubernetes v1.18.20,2021-06-16 17:18:36+00:00,False,False,master,"
See [kubernetes-announce@](https://groups.google.com/forum/#!forum/kubernetes-announce). Additional binary downloads are linked in the [CHANGELOG](https://github.com/kubernetes/kubernetes/blob/master/CHANGELOG/CHANGELOG-1.18.md).

See [the CHANGELOG](https://github.com/kubernetes/kubernetes/blob/master/CHANGELOG/CHANGELOG-1.18.md) for more details.

### Release Assets


<table>
<tr><td colspan=""2""><b>Kubernetes Source Code: </b> kubernetes.tar.gz</td><tr>
<tr><td>SHA256</td><td>ef5434b56c96c2f798c33b0a7bf5d9bc3d2d76817c00822c718bf52af6d0f728</td></tr>
<tr><td>SHA512</td><td>27832e96511cddd06195e60efaf67f6482c7ee676d27ac5140f6ba9811c65a660a783c1e36ebee709c4b09a2b9169ead7953a032560b9648751f3a98559d13e5</td></tr>
</table>


",v1.22.0-alpha.3,1.18.20,True
kubernetes/kubernetes,44821176,v1.19.12,Kubernetes v1.19.12,2021-06-17 18:36:32+00:00,False,False,master,"
See [kubernetes-announce@](https://groups.google.com/forum/#!forum/kubernetes-announce). Additional binary downloads are linked in the [CHANGELOG](https://github.com/kubernetes/kubernetes/blob/master/CHANGELOG/CHANGELOG-1.19.md).

See [the CHANGELOG](https://github.com/kubernetes/kubernetes/blob/master/CHANGELOG/CHANGELOG-1.19.md) for more details.

### Release Assets


<table>
<tr><td colspan=""2""><b>Kubernetes Source Code: </b> kubernetes.tar.gz</td><tr>
<tr><td>SHA256</td><td>0e88427c78a880476a6bf1ce4241bee2c528476a91068f637b510b74eadcf310</td></tr>
<tr><td>SHA512</td><td>fde9a2e66f33fdb4e59ac7e875f149875ee4f7a1c34451b2ee357b3061dc8b39b0626c09a0694c03eb0c209e8c12a15b9543d4dd94a5df3a8f213ef2fff29b51</td></tr>
</table>


",v1.18.20,1.19.12,True
kubernetes/kubernetes,44821813,v1.20.8,Kubernetes v1.20.8,2021-06-17 18:46:05+00:00,False,False,master,"
See [kubernetes-announce@](https://groups.google.com/forum/#!forum/kubernetes-announce). Additional binary downloads are linked in the [CHANGELOG](https://github.com/kubernetes/kubernetes/blob/master/CHANGELOG/CHANGELOG-1.20.md).

See [the CHANGELOG](https://github.com/kubernetes/kubernetes/blob/master/CHANGELOG/CHANGELOG-1.20.md) for more details.

### Release Assets


<table>
<tr><td colspan=""2""><b>Kubernetes Source Code: </b> kubernetes.tar.gz</td><tr>
<tr><td>SHA256</td><td>fb35046af4a93f9fcf6e99dc2ec3495f788e5e39dce25faff3f4935f9d794c0c</td></tr>
<tr><td>SHA512</td><td>b0ade36bb26edbc37eadc503da8284bd4e1dae2246b561061090ca57256b9ce20c7806e9db6fd4ab9b854aa7d60b67632ee7095853018b5dcee492f98553af8c</td></tr>
</table>


",v1.19.12,1.20.8,True
kubernetes/kubernetes,44822353,v1.21.2,Kubernetes v1.21.2,2021-06-17 18:56:28+00:00,False,False,master,"
See [kubernetes-announce@](https://groups.google.com/forum/#!forum/kubernetes-announce). Additional binary downloads are linked in the [CHANGELOG](https://github.com/kubernetes/kubernetes/blob/master/CHANGELOG/CHANGELOG-1.21.md).

See [the CHANGELOG](https://github.com/kubernetes/kubernetes/blob/master/CHANGELOG/CHANGELOG-1.21.md) for more details.

### Release Assets


<table>
<tr><td colspan=""2""><b>Kubernetes Source Code: </b> kubernetes.tar.gz</td><tr>
<tr><td>SHA256</td><td>cccdd35e9002e5bfdfcacc605110824e3c5186a98608c0cd63062b2ae806be3b</td></tr>
<tr><td>SHA512</td><td>7626af740aef3ec01e50cef0eb418b4a53305259a60aaa7886087378565baf7e30865fbb40f8b26c440462c8e44649f8bb9e2cb71e4776e83ffe7c4c84daee4b</td></tr>
</table>


",v1.20.8,1.21.2,True
kubernetes/kubernetes,45060633,v1.22.0-beta.0,Kubernetes v1.22.0-beta.0,2021-06-22 22:03:16+00:00,True,False,master,"
See [kubernetes-announce@](https://groups.google.com/forum/#!forum/kubernetes-announce). Additional binary downloads are linked in the [CHANGELOG](https://github.com/kubernetes/kubernetes/blob/master/CHANGELOG/CHANGELOG-1.22.md).

See [the CHANGELOG](https://github.com/kubernetes/kubernetes/blob/master/CHANGELOG/CHANGELOG-1.22.md) for more details.

### Release Assets


<table>
<tr><td colspan=""2""><b>Kubernetes Source Code: </b> kubernetes.tar.gz</td><tr>
<tr><td>SHA256</td><td>f0680b2c85cc94bed36b07ca321cba7793bd223c065cbd556c51ce4090deeca7</td></tr>
<tr><td>SHA512</td><td>0ef8d9ff8a70f46adf295de2557dc5ba16eb50c6834d94fa29af3d6db97960d2d514c2b6bf40914ee7bb03ed1c30bbb581a7b311eb28c391215a8b96c14f2f34</td></tr>
</table>


",v1.21.2,1.22.0-beta.0,False
kubernetes/kubernetes,45907248,v1.22.0-beta.1,Kubernetes v1.22.0-beta.1,2021-07-08 13:48:42+00:00,True,False,master,"
See [kubernetes-announce@](https://groups.google.com/forum/#!forum/kubernetes-announce). Additional binary downloads are linked in the [CHANGELOG](https://github.com/kubernetes/kubernetes/blob/master/CHANGELOG/CHANGELOG-1.22.md).

See [the CHANGELOG](https://github.com/kubernetes/kubernetes/blob/master/CHANGELOG/CHANGELOG-1.22.md) for more details.

### Release Assets


<table>
<tr><td colspan=""2""><b>Kubernetes Source Code: </b> kubernetes.tar.gz</td><tr>
<tr><td>SHA256</td><td>44e4628282ff0e2f6969559e74b5f291287b6e3f04227ea59a9d86532ddf4c9c</td></tr>
<tr><td>SHA512</td><td>87201338ac3506b65fc0473302b59cd9e37af600d6a99b2542498832200b41a5106654199edd69816a61b2b4008ec5302fbc2dcb56d84ecf0917dfbbc64ab40e</td></tr>
</table>


",v1.22.0-beta.0,1.22.0-beta.1,False
kubernetes/kubernetes,46220663,v1.22.0-beta.2,Kubernetes v1.22.0-beta.2,2021-07-14 23:49:01+00:00,True,False,master,"
See [kubernetes-announce@](https://groups.google.com/forum/#!forum/kubernetes-announce). Additional binary downloads are linked in the [CHANGELOG](https://github.com/kubernetes/kubernetes/blob/master/CHANGELOG/CHANGELOG-1.22.md).

See [the CHANGELOG](https://github.com/kubernetes/kubernetes/blob/master/CHANGELOG/CHANGELOG-1.22.md) for more details.

### Release Assets


<table>
<tr><td colspan=""2""><b>Kubernetes Source Code: </b> kubernetes.tar.gz</td><tr>
<tr><td>SHA256</td><td>c0e53cfd373510d9fc6ff0846192abefb5e402930058608af060f5534375f856</td></tr>
<tr><td>SHA512</td><td>564ee1ca1e345ff46cf4085a9b3c2084b6b53c0094837671261e798b18d78e9eef391f1f1d30081f787897f8dcdde9317f1d283ceb75c93b889aab7aed505ce1</td></tr>
</table>


",v1.22.0-beta.1,1.22.0-beta.2,False
kubernetes/kubernetes,46289135,v1.19.13,Kubernetes v1.19.13,2021-07-15 23:11:22+00:00,False,False,master,"
See [kubernetes-announce@](https://groups.google.com/forum/#!forum/kubernetes-announce). Additional binary downloads are linked in the [CHANGELOG](https://github.com/kubernetes/kubernetes/blob/master/CHANGELOG/CHANGELOG-1.19.md).

See [the CHANGELOG](https://github.com/kubernetes/kubernetes/blob/master/CHANGELOG/CHANGELOG-1.19.md) for more details.

### Release Assets


<table>
<tr><td colspan=""2""><b>Kubernetes Source Code: </b> kubernetes.tar.gz</td><tr>
<tr><td>SHA256</td><td>d79ac9aaabd1ce8abe4d50732fd75aaa766cc61090d41b483c3045e8ea93dc1c</td></tr>
<tr><td>SHA512</td><td>c33be1c413e38b29fd14740b5444d08896e9919c26f5e56934c1fef8e7cde8c1371b410d2b8fe511e6406bb72b013a4e68ca11efcb90573a56a79626cd74f381</td></tr>
</table>


",v1.22.0-beta.2,1.19.13,True
kubernetes/kubernetes,46289180,v1.20.9,Kubernetes v1.20.9,2021-07-15 23:13:01+00:00,False,False,master,"
See [kubernetes-announce@](https://groups.google.com/forum/#!forum/kubernetes-announce). Additional binary downloads are linked in the [CHANGELOG](https://github.com/kubernetes/kubernetes/blob/master/CHANGELOG/CHANGELOG-1.20.md).

See [the CHANGELOG](https://github.com/kubernetes/kubernetes/blob/master/CHANGELOG/CHANGELOG-1.20.md) for more details.

### Release Assets


<table>
<tr><td colspan=""2""><b>Kubernetes Source Code: </b> kubernetes.tar.gz</td><tr>
<tr><td>SHA256</td><td>eaaca4ad0009a0291e09534bf710304f6320057296db6bcc0240a1c96195c51a</td></tr>
<tr><td>SHA512</td><td>3efdb061bd0a4b2ff15130fa15cac4092a6555a77656870e7d03411f4932d53196f411dcdee33e19e33fd2609c6381c9af4bde2d3c572a2168b965ebb2a484bf</td></tr>
</table>


",v1.19.13,1.20.9,True
kubernetes/kubernetes,46289230,v1.21.3,Kubernetes v1.21.3,2021-07-15 23:14:28+00:00,False,False,master,"
See [kubernetes-announce@](https://groups.google.com/forum/#!forum/kubernetes-announce). Additional binary downloads are linked in the [CHANGELOG](https://github.com/kubernetes/kubernetes/blob/master/CHANGELOG/CHANGELOG-1.21.md).

See [the CHANGELOG](https://github.com/kubernetes/kubernetes/blob/master/CHANGELOG/CHANGELOG-1.21.md) for more details.

### Release Assets


<table>
<tr><td colspan=""2""><b>Kubernetes Source Code: </b> kubernetes.tar.gz</td><tr>
<tr><td>SHA256</td><td>988f0c9cd52140d7e757bcd74784ae0179d31028d3d8d1b8a0f587f1e7dd859a</td></tr>
<tr><td>SHA512</td><td>da3b444a24d29a88357f69b34029c6aa1cfd4ffb8380c4f02b56fca24ac7f04ad8832484080f83a2c142cc1aba6ef51c821b88d4eecf2bc0942c6e33470caf07</td></tr>
</table>


",v1.20.9,1.21.3,True
kubernetes/kubernetes,46517681,v1.22.0-rc.0,Kubernetes v1.22.0-rc.0,2021-07-21 04:33:35+00:00,True,False,master,"
See [kubernetes-announce@](https://groups.google.com/forum/#!forum/kubernetes-announce). Additional binary downloads are linked in the [CHANGELOG](https://github.com/kubernetes/kubernetes/blob/master/CHANGELOG/CHANGELOG-1.22.md).

See [the CHANGELOG](https://github.com/kubernetes/kubernetes/blob/master/CHANGELOG/CHANGELOG-1.22.md) for more details.

### Release Assets


<table>
<tr><td colspan=""2""><b>Kubernetes Source Code: </b> kubernetes.tar.gz</td><tr>
<tr><td>SHA256</td><td>9fa99ed3e75af46ab22c871015d8b800b4aa2c60e9bc0bd8a9b1bf72f9e0fd01</td></tr>
<tr><td>SHA512</td><td>94c906dddb353fd3de30cb22c587efd0a683d2865cfad64fdf04a63132cd79be700cdb63ca8752a4af29d192ce151dde83c07192a4d3af73d28f89c08c246236</td></tr>
</table>


",v1.21.3,1.22.0-rc.0,False
kubernetes/kubernetes,47318163,v1.22.0,Kubernetes v1.22.0,2021-08-04 19:38:56+00:00,False,False,master,"
See [kubernetes-announce@](https://groups.google.com/forum/#!forum/kubernetes-announce). Additional binary downloads are linked in the [CHANGELOG](https://github.com/kubernetes/kubernetes/blob/master/CHANGELOG/CHANGELOG-1.22.md).

See [the CHANGELOG](https://github.com/kubernetes/kubernetes/blob/master/CHANGELOG/CHANGELOG-1.22.md) for more details.

### Release Assets


<table>
<tr><td colspan=""2""><b>Kubernetes Source Code: </b> kubernetes.tar.gz</td><tr>
<tr><td>SHA256</td><td>74a99bfebac7ec87052c0cf8c027f49c60606d14004bf95068a4456effd6cb41</td></tr>
<tr><td>SHA512</td><td>d1145ec29a8581a4c94a83cefa3658a73bfc7d8e2624d31e735d53551718c9212e477673f74cfa4e430a8367a47bba65e2573162711613e60db54563dc912f00</td></tr>
</table>


",v1.22.0-rc.0,1.22.0,True
kubernetes/kubernetes,47708237,v1.19.14,Kubernetes v1.19.14,2021-08-11 22:38:00+00:00,False,False,master,"
See [kubernetes-announce@](https://groups.google.com/forum/#!forum/kubernetes-announce). Additional binary downloads are linked in the [CHANGELOG](https://github.com/kubernetes/kubernetes/blob/master/CHANGELOG/CHANGELOG-1.19.md).

See [the CHANGELOG](https://github.com/kubernetes/kubernetes/blob/master/CHANGELOG/CHANGELOG-1.19.md) for more details.

### Release Assets


<table>
<tr><td colspan=""2""><b>Kubernetes Source Code: </b> kubernetes.tar.gz</td><tr>
<tr><td>SHA256</td><td>97b50d9a50d20eeead988f8abf01ae36744102f4ea8dc31f2419ec399f6b0408</td></tr>
<tr><td>SHA512</td><td>dbf62236c3159824cbfa47619682f47d9a27f0ef5da23ef78cfff00e0aa55823a72b2268ea76ffe3a97f08109456f0f2dca2177ecbc4dd752fafae74d6a7d3fe</td></tr>
</table>


",v1.20.10,1.19.14,True
kubernetes/kubernetes,47708400,v1.20.10,Kubernetes v1.20.10,2021-08-11 22:43:30+00:00,False,False,master,"
See [kubernetes-announce@](https://groups.google.com/forum/#!forum/kubernetes-announce). Additional binary downloads are linked in the [CHANGELOG](https://github.com/kubernetes/kubernetes/blob/master/CHANGELOG/CHANGELOG-1.20.md).

See [the CHANGELOG](https://github.com/kubernetes/kubernetes/blob/master/CHANGELOG/CHANGELOG-1.20.md) for more details.

### Release Assets


<table>
<tr><td colspan=""2""><b>Kubernetes Source Code: </b> kubernetes.tar.gz</td><tr>
<tr><td>SHA256</td><td>a01b54ad1bf4162073c7d51a607e60091b6f053522aaa01334f231b83e7aca25</td></tr>
<tr><td>SHA512</td><td>88676e1166e0dd5d0fae8995f52e96d5d61cb3e66112f6e819462c478da72eba5d07e75466664f7c4288d73e7e1d79eea3814e177f6498aca30590cd37570871</td></tr>
</table>


",v1.22.0,1.20.10,True
kubernetes/kubernetes,47708498,v1.21.4,Kubernetes v1.21.4,2021-08-11 22:46:26+00:00,False,False,master,"
See [kubernetes-announce@](https://groups.google.com/forum/#!forum/kubernetes-announce). Additional binary downloads are linked in the [CHANGELOG](https://github.com/kubernetes/kubernetes/blob/master/CHANGELOG/CHANGELOG-1.21.md).

See [the CHANGELOG](https://github.com/kubernetes/kubernetes/blob/master/CHANGELOG/CHANGELOG-1.21.md) for more details.

### Release Assets


<table>
<tr><td colspan=""2""><b>Kubernetes Source Code: </b> kubernetes.tar.gz</td><tr>
<tr><td>SHA256</td><td>4c9b918958276ca01a5c93925c8954c8ac343a8bbfc4afa0f8391c95e9bfe727</td></tr>
<tr><td>SHA512</td><td>e0651f30e883194bcfa59cf57dbb40f853f9e84e79472f35db75e37af09f63de1ed960694376e623e5d176dc23c064b74311cde28d32af53aac0b0d4c0649949</td></tr>
</table>


",v1.19.14,1.21.4,True
kubernetes/kubernetes,48126305,v1.23.0-alpha.1,Kubernetes v1.23.0-alpha.1,2021-08-19 16:04:36+00:00,True,False,master,"
See [kubernetes-announce@](https://groups.google.com/forum/#!forum/kubernetes-announce). Additional binary downloads are linked in the [CHANGELOG](https://github.com/kubernetes/kubernetes/blob/master/CHANGELOG/CHANGELOG-1.23.md).

See [the CHANGELOG](https://github.com/kubernetes/kubernetes/blob/master/CHANGELOG/CHANGELOG-1.23.md) for more details.

### Release Assets


<table>
<tr><td colspan=""2""><b>Kubernetes Source Code: </b> kubernetes.tar.gz</td><tr>
<tr><td>SHA256</td><td>9acbd51fc89a966003aa4e7a71459f459edc765dbf818a6c7f2a0c033d832465</td></tr>
<tr><td>SHA512</td><td>f7c76f1e077b5d98019347b2c9b79eaa0c79d428542b9c15dab23886c276ca16314f200ca37af914c52264c0e1e5d0bde639d6adf37368d5e7b29d230df00d95</td></tr>
</table>


",v1.21.4,1.23.0-alpha.1,False
kubernetes/kubernetes,48132309,v1.22.1,Kubernetes v1.22.1,2021-08-19 17:43:38+00:00,False,False,master,"
See [kubernetes-announce@](https://groups.google.com/forum/#!forum/kubernetes-announce). Additional binary downloads are linked in the [CHANGELOG](https://github.com/kubernetes/kubernetes/blob/master/CHANGELOG/CHANGELOG-1.22.md).

See [the CHANGELOG](https://github.com/kubernetes/kubernetes/blob/master/CHANGELOG/CHANGELOG-1.22.md) for more details.

### Release Assets


<table>
<tr><td colspan=""2""><b>Kubernetes Source Code: </b> kubernetes.tar.gz</td><tr>
<tr><td>SHA256</td><td>97e6c05e1c4f27ccff0350f1ad7a0ca68abc1fc2e41e99e1b44c65222d5a2115</td></tr>
<tr><td>SHA512</td><td>4ba0d63665c5959cec560264a260bb1341d09a28f6651e9814982af1ec47aff144e9ad7e6c4273867c864cdf3d12f1e7cbb4bfa44301cf5b9e81f98a345acdfb</td></tr>
</table>


",v1.23.0-alpha.1,1.22.1,True
kubernetes/kubernetes,49563597,v1.23.0-alpha.2,Kubernetes v1.23.0-alpha.2,2021-09-14 22:54:37+00:00,True,False,master,"
See [kubernetes-announce@](https://groups.google.com/forum/#!forum/kubernetes-announce). Additional binary downloads are linked in the [CHANGELOG](https://github.com/kubernetes/kubernetes/blob/master/CHANGELOG/CHANGELOG-1.23.md).

See [the CHANGELOG](https://github.com/kubernetes/kubernetes/blob/master/CHANGELOG/CHANGELOG-1.23.md) for more details.

### Release Assets


<table>
<tr><td colspan=""2""><b>Kubernetes Source Code: </b> kubernetes.tar.gz</td><tr>
<tr><td>SHA256</td><td>b35c428bd6d8338a7a77bc1d3a944fb647b9db0a17db31d37475e4cc7865be77</td></tr>
<tr><td>SHA512</td><td>121d51f42a52b28e27a4b2f914a4f80fa3fba6328e6a4a5c96dec39c5b28c05461fcc290ef35a49058e237091532b24db3cd8c61801bcb6736aee1dd7dbcffc3</td></tr>
</table>


",v1.22.1,1.23.0-alpha.2,False
kubernetes/kubernetes,49630995,v1.19.15,Kubernetes v1.19.15,2021-09-15 20:45:09+00:00,False,False,master,"
See [kubernetes-announce@](https://groups.google.com/forum/#!forum/kubernetes-announce). Additional binary downloads are linked in the [CHANGELOG](https://github.com/kubernetes/kubernetes/blob/master/CHANGELOG/CHANGELOG-1.19.md).

See [the CHANGELOG](https://github.com/kubernetes/kubernetes/blob/master/CHANGELOG/CHANGELOG-1.19.md) for more details.

### Release Assets


<table>
<tr><td colspan=""2""><b>Kubernetes Source Code: </b> kubernetes.tar.gz</td><tr>
<tr><td>SHA256</td><td>f3134e2babbcdb7a9c00643c29a50ad03f010770edcabe9c068909da2ab57547</td></tr>
<tr><td>SHA512</td><td>9e680720e88a804e970bd298c928396f5f5083f4d4bf3c3f2dec296b63600508de9cbc353f1e273ea3cc939777a5caebed209c40c1b01b72ca07b5ad27fb2d03</td></tr>
</table>


",v1.20.11,1.19.15,True
kubernetes/kubernetes,49632055,v1.20.11,Kubernetes v1.20.11,2021-09-15 21:05:15+00:00,False,False,master,"
See [kubernetes-announce@](https://groups.google.com/forum/#!forum/kubernetes-announce). Additional binary downloads are linked in the [CHANGELOG](https://github.com/kubernetes/kubernetes/blob/master/CHANGELOG/CHANGELOG-1.20.md).

See [the CHANGELOG](https://github.com/kubernetes/kubernetes/blob/master/CHANGELOG/CHANGELOG-1.20.md) for more details.

### Release Assets


<table>
<tr><td colspan=""2""><b>Kubernetes Source Code: </b> kubernetes.tar.gz</td><tr>
<tr><td>SHA256</td><td>0c1a94ceec9b9dfa12f39e697135acee67287a1875dd813c49bfd3a5c0bc8396</td></tr>
<tr><td>SHA512</td><td>2804919885242d853ad7ed6f6c9ee98d317293c1d2dad4ad1c5f5739d497b40018f642091b07d79a51d8109837364965e64207722486698659b9c3a8f13b0b20</td></tr>
</table>


",v1.23.0-alpha.2,1.20.11,True
kubernetes/kubernetes,49636436,v1.21.5,Kubernetes v1.21.5,2021-09-15 22:47:05+00:00,False,False,master,"
See [kubernetes-announce@](https://groups.google.com/forum/#!forum/kubernetes-announce). Additional binary downloads are linked in the [CHANGELOG](https://github.com/kubernetes/kubernetes/blob/master/CHANGELOG/CHANGELOG-1.21.md).

See [the CHANGELOG](https://github.com/kubernetes/kubernetes/blob/master/CHANGELOG/CHANGELOG-1.21.md) for more details.

### Release Assets


<table>
<tr><td colspan=""2""><b>Kubernetes Source Code: </b> kubernetes.tar.gz</td><tr>
<tr><td>SHA256</td><td>40949aee6f62c3bbe847ced8b95faaabc5079a7c444ccbff704a0815a83e2ca0</td></tr>
<tr><td>SHA512</td><td>e0f22fb6db131eb1bb0bbd26a3bb230a42dc9c36e867d3511789a8312bed8381137ea8c72cb0dce29fff1eb1ca08179af9e7e12c2b3491be87170ea4b00da437</td></tr>
</table>


",v1.19.15,1.21.5,True
kubernetes/kubernetes,49638691,v1.22.2,Kubernetes v1.22.2,2021-09-15 23:39:41+00:00,False,False,master,"
See [kubernetes-announce@](https://groups.google.com/forum/#!forum/kubernetes-announce). Additional binary downloads are linked in the [CHANGELOG](https://github.com/kubernetes/kubernetes/blob/master/CHANGELOG/CHANGELOG-1.22.md).

See [the CHANGELOG](https://github.com/kubernetes/kubernetes/blob/master/CHANGELOG/CHANGELOG-1.22.md) for more details.

### Release Assets


<table>
<tr><td colspan=""2""><b>Kubernetes Source Code: </b> kubernetes.tar.gz</td><tr>
<tr><td>SHA256</td><td>8b0e682d526a61ff4ad30f5645570cf43179905a9586f7cda6b61b0488954010</td></tr>
<tr><td>SHA512</td><td>5a567e5133a04da82a656b072151fa2b8a6b680db85a4faf69f6e727d2ec9889fd2bae9c5be8562074352c67eace863c894b734650e07e7fce91dcf5986f9357</td></tr>
</table>


",v1.21.5,1.22.2,True
kubernetes/kubernetes,50401796,v1.23.0-alpha.3,Kubernetes v1.23.0-alpha.3,2021-09-28 14:21:05+00:00,True,False,master,"
See [kubernetes-announce@](https://groups.google.com/forum/#!forum/kubernetes-announce). Additional binary downloads are linked in the [CHANGELOG](https://github.com/kubernetes/kubernetes/blob/master/CHANGELOG/CHANGELOG-1.23.md).

See [the CHANGELOG](https://github.com/kubernetes/kubernetes/blob/master/CHANGELOG/CHANGELOG-1.23.md) for more details.

### Release Assets


<table>
<tr><td colspan=""2""><b>Kubernetes Source Code: </b> kubernetes.tar.gz</td><tr>
<tr><td>SHA256</td><td>a0187f9bcb00ee36f9485abc88fc993810bde46364c14b652a3f239f562d8251</td></tr>
<tr><td>SHA512</td><td>083e6ca03c9d701768b1b5666f354223a3f7dca9fc6410ce45bbf5947152620e300b46df9b6019134e7d736ba44916537eb3bea8fa57e5f7bc3cc34898b4a5dd</td></tr>
</table>


",v1.22.2,1.23.0-alpha.3,False
kubernetes/kubernetes,52193134,v1.19.16,Kubernetes v1.19.16,2021-10-28 01:25:36+00:00,False,False,master,"
See [kubernetes-announce@](https://groups.google.com/forum/#!forum/kubernetes-announce). Additional binary downloads are linked in the [CHANGELOG](https://github.com/kubernetes/kubernetes/blob/master/CHANGELOG/CHANGELOG-1.19.md).

See [the CHANGELOG](https://github.com/kubernetes/kubernetes/blob/master/CHANGELOG/CHANGELOG-1.19.md) for more details.

### Release Assets


<table>
<tr><td colspan=""2""><b>Kubernetes Source Code: </b> kubernetes.tar.gz</td><tr>
<tr><td>SHA256</td><td>293ca28ac39355a6756a1365f762413bcba6c7d3bd8b23b95ff462d18fa18647</td></tr>
<tr><td>SHA512</td><td>5e1ef2158744bea5dab6bb7e8229fe07ffd829269a79b496af820c4cd3000b265ffcc6c6164842de7e3419b3f0bb47ebef3db74724f6524a57333df8b5c84bed</td></tr>
</table>


",v1.23.0-alpha.3,1.19.16,True
kubernetes/kubernetes,52193186,v1.20.12,Kubernetes v1.20.12,2021-10-28 01:27:24+00:00,False,False,master,"
See [kubernetes-announce@](https://groups.google.com/forum/#!forum/kubernetes-announce). Additional binary downloads are linked in the [CHANGELOG](https://github.com/kubernetes/kubernetes/blob/master/CHANGELOG/CHANGELOG-1.20.md).

See [the CHANGELOG](https://github.com/kubernetes/kubernetes/blob/master/CHANGELOG/CHANGELOG-1.20.md) for more details.

### Release Assets


<table>
<tr><td colspan=""2""><b>Kubernetes Source Code: </b> kubernetes.tar.gz</td><tr>
<tr><td>SHA256</td><td>df4be3d6a3a7486fe3590538e5da3a14e263fade4c7be27a4068998affbde8a8</td></tr>
<tr><td>SHA512</td><td>f550a84d3c17f81d282d65cf5c04060524de9ceac9875a4264686981dfb1b4d039ea25d84c4720c0c19c8ce641080598c2297abdca417264103b306bcca5946b</td></tr>
</table>


",v1.19.16,1.20.12,True
kubernetes/kubernetes,52193237,v1.21.6,Kubernetes v1.21.6,2021-10-28 01:28:28+00:00,False,False,master,"
See [kubernetes-announce@](https://groups.google.com/forum/#!forum/kubernetes-announce). Additional binary downloads are linked in the [CHANGELOG](https://github.com/kubernetes/kubernetes/blob/master/CHANGELOG/CHANGELOG-1.21.md).

See [the CHANGELOG](https://github.com/kubernetes/kubernetes/blob/master/CHANGELOG/CHANGELOG-1.21.md) for more details.

### Release Assets


<table>
<tr><td colspan=""2""><b>Kubernetes Source Code: </b> kubernetes.tar.gz</td><tr>
<tr><td>SHA256</td><td>e096e8e92580b12ef8b86eb987f5463b4855e37a0e1c1cc42efccddae46c51fa</td></tr>
<tr><td>SHA512</td><td>1a88a2f9d2ab9a5d7abe16d788c0d690a217b08313e94c923911bee71c9d0520ec2c9f09bc79d52765a26ad56cf4945725d28c8c3564cbee97d563934132ceaa</td></tr>
</table>


",v1.20.12,1.21.6,True
kubernetes/kubernetes,52193302,v1.22.3,Kubernetes v1.22.3,2021-10-28 01:30:23+00:00,False,False,master,"
See [kubernetes-announce@](https://groups.google.com/forum/#!forum/kubernetes-announce). Additional binary downloads are linked in the [CHANGELOG](https://github.com/kubernetes/kubernetes/blob/master/CHANGELOG/CHANGELOG-1.22.md).

See [the CHANGELOG](https://github.com/kubernetes/kubernetes/blob/master/CHANGELOG/CHANGELOG-1.22.md) for more details.

### Release Assets


<table>
<tr><td colspan=""2""><b>Kubernetes Source Code: </b> kubernetes.tar.gz</td><tr>
<tr><td>SHA256</td><td>5777fa003dda558a31e318001182aa5a1dff3ae8dced13f2b96cbca547bc5c2d</td></tr>
<tr><td>SHA512</td><td>515be8024601706fa45090f98434f10e1742ce1f92964e4d4d405ea7baef62ec96b12f00c0560fde367fee514a42c1781b74235666a691f45ac2a2bd69695cc6</td></tr>
</table>


",v1.21.6,1.22.3,True
kubernetes/kubernetes,52567376,v1.23.0-alpha.4,Kubernetes v1.23.0-alpha.4,2021-11-03 04:09:34+00:00,True,False,master,"
See [kubernetes-announce@](https://groups.google.com/forum/#!forum/kubernetes-announce). Additional binary downloads are linked in the [CHANGELOG](https://github.com/kubernetes/kubernetes/blob/master/CHANGELOG/CHANGELOG-1.23.md).

See [the CHANGELOG](https://github.com/kubernetes/kubernetes/blob/master/CHANGELOG/CHANGELOG-1.23.md) for more details.

### Release Assets


<table>
<tr><td colspan=""2""><b>Kubernetes Source Code: </b> kubernetes.tar.gz</td><tr>
<tr><td>SHA256</td><td>2a224468fad2021f8ec63f0cdc1a3d272ecdff592f9b21371a6ab89662334fa7</td></tr>
<tr><td>SHA512</td><td>aeb10a3fbb89694c52d47203cc958d3543b21426938a9664348163aacd41e20ea7670617a28d8ce6d8d51492980facd5fab062e8ad664dafd7b8dbff1c2bb54f</td></tr>
</table>


",v1.22.3,1.23.0-alpha.4,False
kubernetes/kubernetes,53592811,v1.20.13,Kubernetes v1.20.13,2021-11-17 21:33:37+00:00,False,False,master,"
See [kubernetes-announce@](https://groups.google.com/forum/#!forum/kubernetes-announce). Additional binary downloads are linked in the [CHANGELOG](https://github.com/kubernetes/kubernetes/blob/master/CHANGELOG/CHANGELOG-1.20.md).

See [the CHANGELOG](https://github.com/kubernetes/kubernetes/blob/master/CHANGELOG/CHANGELOG-1.20.md) for more details.

### Release Assets


<table>
<tr><td colspan=""2""><b>Kubernetes Source Code: </b> kubernetes.tar.gz</td><tr>
<tr><td>SHA256</td><td>0f1f69297b273c247f01f43809463fd22b364de6da5bb180df6339d902a3c878</td></tr>
<tr><td>SHA512</td><td>947fd04975772d24ee31d36a1d71ed346e746e6f21649fd3edcf190132960fcc8dab1746566f1446e38d913a5b7c5f76f8cce86cfb80c2c92d1948138f5d2339</td></tr>
</table>


",v1.23.0-alpha.4,1.20.13,True
kubernetes/kubernetes,53593246,v1.23.0-beta.0,Kubernetes v1.23.0-beta.0,2021-11-17 21:41:01+00:00,True,False,master,"
See [kubernetes-announce@](https://groups.google.com/forum/#!forum/kubernetes-announce). Additional binary downloads are linked in the [CHANGELOG](https://github.com/kubernetes/kubernetes/blob/master/CHANGELOG/CHANGELOG-1.23.md).

See [the CHANGELOG](https://github.com/kubernetes/kubernetes/blob/master/CHANGELOG/CHANGELOG-1.23.md) for more details.

### Release Assets


<table>
<tr><td colspan=""2""><b>Kubernetes Source Code: </b> kubernetes.tar.gz</td><tr>
<tr><td>SHA256</td><td>af27bf2fd4f9d05f0d3aa5cc8aa5c52c55a69984adc9ea365d373a977e22fe60</td></tr>
<tr><td>SHA512</td><td>048cc297840fd70dc571863bbed9da8176a479ca6b8ff17c9a2cc1b1dbf286377d85eb7fccc5d85e1d652658c393ea1eab7ab518631510e1e7462ea638a56b2b</td></tr>
</table>


",v1.22.4,1.23.0-beta.0,False
kubernetes/kubernetes,53593301,v1.21.7,Kubernetes v1.21.7,2021-11-17 21:41:49+00:00,False,False,master,"
See [kubernetes-announce@](https://groups.google.com/forum/#!forum/kubernetes-announce). Additional binary downloads are linked in the [CHANGELOG](https://github.com/kubernetes/kubernetes/blob/master/CHANGELOG/CHANGELOG-1.21.md).

See [the CHANGELOG](https://github.com/kubernetes/kubernetes/blob/master/CHANGELOG/CHANGELOG-1.21.md) for more details.

### Release Assets


<table>
<tr><td colspan=""2""><b>Kubernetes Source Code: </b> kubernetes.tar.gz</td><tr>
<tr><td>SHA256</td><td>13e8b2c579e2122ee9b58700377e4050f1278fa718b90dea0e059f2101c077b2</td></tr>
<tr><td>SHA512</td><td>272b73d76a8d90cea95940bf5b67eb04b9b5d118734398072955b556a9c05f72b5a200b1d546503a2ba106283d7e60c0c2634c2886bcc9fc3d6c0e045c3290de</td></tr>
</table>


",v1.20.13,1.21.7,True
kubernetes/kubernetes,53593506,v1.22.4,Kubernetes v1.22.4,2021-11-17 21:45:37+00:00,False,False,master,"
See [kubernetes-announce@](https://groups.google.com/forum/#!forum/kubernetes-announce). Additional binary downloads are linked in the [CHANGELOG](https://github.com/kubernetes/kubernetes/blob/master/CHANGELOG/CHANGELOG-1.22.md).

See [the CHANGELOG](https://github.com/kubernetes/kubernetes/blob/master/CHANGELOG/CHANGELOG-1.22.md) for more details.

### Release Assets


<table>
<tr><td colspan=""2""><b>Kubernetes Source Code: </b> kubernetes.tar.gz</td><tr>
<tr><td>SHA256</td><td>e1f91937fa0814165af0a4ae82038886a0d1039063df3bfe2269e06cee4937a8</td></tr>
<tr><td>SHA512</td><td>5d8f53b29f14313b029d7f313b8f11b6f51577d5679a85e114579f4308488ab2a553c2eb0c8e202f1af81548311006cc6b2d2d11af5640b69bb99fe797b8db09</td></tr>
</table>


",v1.21.7,1.22.4,True
kubernetes/kubernetes,53978744,v1.23.0-rc.0,Kubernetes v1.23.0-rc.0,2021-11-24 09:13:11+00:00,True,False,master,"
See [kubernetes-announce@](https://groups.google.com/forum/#!forum/kubernetes-announce). Additional binary downloads are linked in the [CHANGELOG](https://github.com/kubernetes/kubernetes/blob/master/CHANGELOG/CHANGELOG-1.23.md).

See [the CHANGELOG](https://github.com/kubernetes/kubernetes/blob/master/CHANGELOG/CHANGELOG-1.23.md) for more details.

### Release Assets


<table>
<tr><td colspan=""2""><b>Kubernetes Source Code: </b> kubernetes.tar.gz</td><tr>
<tr><td>SHA256</td><td>7b6d02ea26c8dbec8c3a48f300a998eee252067b5f243b57e0afd00d276aed65</td></tr>
<tr><td>SHA512</td><td>ede62f7d1bde6a11e60b8ff119366c42902090c5b005ca73590856645c16ff12c904cdf45528cb5f48d4ece31db62f8a2c6a2fc4f10d29052c660036f5a47b5b</td></tr>
</table>


",v1.23.0-beta.0,1.23.0-rc.0,False
kubernetes/kubernetes,54625158,v1.23.0-rc.1,Kubernetes v1.23.0-rc.1,2021-12-04 07:37:56+00:00,True,False,master,"
See [kubernetes-announce@](https://groups.google.com/forum/#!forum/kubernetes-announce). Additional binary downloads are linked in the [CHANGELOG](https://github.com/kubernetes/kubernetes/blob/master/CHANGELOG/CHANGELOG-1.23.md).

See [the CHANGELOG](https://github.com/kubernetes/kubernetes/blob/master/CHANGELOG/CHANGELOG-1.23.md) for more details.

### Release Assets


<table>
<tr><td colspan=""2""><b>Kubernetes Source Code: </b> kubernetes.tar.gz</td><tr>
<tr><td>SHA256</td><td>8154a1092e4d86213671dc0c175b9de610f4b37122457a626b881b33d89f4a38</td></tr>
<tr><td>SHA512</td><td>4cf838ebcd3bb756cc604b194dd3b58716b41a34c35f636a7c23af4a501829c7ce23def2fae43547f86bff326bb9268a16b34058e83cada4626930b60a928d97</td></tr>
</table>


",v1.23.0-rc.0,1.23.0-rc.1,False
kubernetes/kubernetes,54824547,v1.23.0,Kubernetes v1.23.0,2021-12-07 20:47:51+00:00,False,False,master,"
See [kubernetes-announce@](https://groups.google.com/forum/#!forum/kubernetes-announce). Additional binary downloads are linked in the [CHANGELOG](https://github.com/kubernetes/kubernetes/blob/master/CHANGELOG/CHANGELOG-1.23.md).

See [the CHANGELOG](https://github.com/kubernetes/kubernetes/blob/master/CHANGELOG/CHANGELOG-1.23.md) for more details.

### Release Assets


<table>
<tr><td colspan=""2""><b>Kubernetes Source Code: </b> kubernetes.tar.gz</td><tr>
<tr><td>SHA256</td><td>8f70cd3d7aa12fd09d9d715feb3803814c82a0ecc905d4efa81da4a5a4b9907e</td></tr>
<tr><td>SHA512</td><td>850f92f4a4f397773ceabdacdb0513fa3cd2eb8867f7e3697f42bc595c3c710f81a8b9b34679d783ca2e1900dd272e0af209126cf55719e321af8da04a4b1c2b</td></tr>
</table>


",v1.23.0-rc.1,1.23.0,True
kubernetes/kubernetes,54922858,v1.24.0-alpha.1,Kubernetes v1.24.0-alpha.1,2021-12-09 03:55:22+00:00,True,False,master,"
See [kubernetes-announce@](https://groups.google.com/forum/#!forum/kubernetes-announce). Additional binary downloads are linked in the [CHANGELOG](https://github.com/kubernetes/kubernetes/blob/master/CHANGELOG/CHANGELOG-1.24.md).

See [the CHANGELOG](https://github.com/kubernetes/kubernetes/blob/master/CHANGELOG/CHANGELOG-1.24.md) for more details.

### Release Assets


<table>
<tr><td colspan=""2""><b>Kubernetes Source Code: </b> kubernetes.tar.gz</td><tr>
<tr><td>SHA256</td><td>75002b84052ff78ce8835a31a7e2cc68e8ffc69d75c35b87d0e3367f321e3451</td></tr>
<tr><td>SHA512</td><td>966bcdcaadb18787bab26852602a56dc973d785d7d9620c9ca870eba7133d93b2aaebf369ce52ae9b49160a4cd0101f7356a080b34c4a9a3a6ed2ff82ffd6400</td></tr>
</table>


",v1.23.0,1.24.0-alpha.1,False
kubernetes/kubernetes,55392164,v1.21.8,Kubernetes v1.21.8,2021-12-15 18:39:10+00:00,False,False,master,"
See [kubernetes-announce@](https://groups.google.com/forum/#!forum/kubernetes-announce). Additional binary downloads are linked in the [CHANGELOG](https://github.com/kubernetes/kubernetes/blob/master/CHANGELOG/CHANGELOG-1.21.md).

See [the CHANGELOG](https://github.com/kubernetes/kubernetes/blob/master/CHANGELOG/CHANGELOG-1.21.md) for more details.

### Release Assets


<table>
<tr><td colspan=""2""><b>Kubernetes Source Code: </b> kubernetes.tar.gz</td><tr>
<tr><td>SHA256</td><td>18ee476b7a2be6c40cac8f45477e1e165dc38c5f99ec2c708ae9295a347a20bb</td></tr>
<tr><td>SHA512</td><td>84e6742f2341a7288b23dae90111a377621babf1bdd9e167a57c31b577b95594fd451e9acf21663e6f365f1a7cc6c983028819036facdb35066576b341af8d62</td></tr>
</table>


",v1.24.0-alpha.1,1.21.8,True
kubernetes/kubernetes,55393544,v1.20.14,Kubernetes v1.20.14,2021-12-15 18:57:59+00:00,False,False,master,"
See [kubernetes-announce@](https://groups.google.com/forum/#!forum/kubernetes-announce). Additional binary downloads are linked in the [CHANGELOG](https://github.com/kubernetes/kubernetes/blob/master/CHANGELOG/CHANGELOG-1.20.md).

See [the CHANGELOG](https://github.com/kubernetes/kubernetes/blob/master/CHANGELOG/CHANGELOG-1.20.md) for more details.

### Release Assets


<table>
<tr><td colspan=""2""><b>Kubernetes Source Code: </b> kubernetes.tar.gz</td><tr>
<tr><td>SHA256</td><td>3bdc976caba8edc8594d372560e600ae86ce378aa9b75156859c9aaab7eed078</td></tr>
<tr><td>SHA512</td><td>9f8f475869bed7bed86105952db2b724297ed74fc372d1f8a63a8823a2c37e03ce065a7fdbc2d648406c4406a6f27c613c5128a97a0cf2bab80bde6f9b9b483c</td></tr>
</table>


",v1.21.8,1.20.14,True
kubernetes/kubernetes,55465785,v1.22.5,Kubernetes v1.22.5,2021-12-16 15:47:23+00:00,False,False,master,"
See [kubernetes-announce@](https://groups.google.com/forum/#!forum/kubernetes-announce). Additional binary downloads are linked in the [CHANGELOG](https://github.com/kubernetes/kubernetes/blob/master/CHANGELOG/CHANGELOG-1.22.md).

See [the CHANGELOG](https://github.com/kubernetes/kubernetes/blob/master/CHANGELOG/CHANGELOG-1.22.md) for more details.

### Release Assets


<table>
<tr><td colspan=""2""><b>Kubernetes Source Code: </b> kubernetes.tar.gz</td><tr>
<tr><td>SHA256</td><td>d0a98a71caf9096de65ab6489dece22a82f875ebfdd2efba4ff5787e10b1f176</td></tr>
<tr><td>SHA512</td><td>69c9877045226fda433c07bf71648b4a9eaa65cca6164d9e003162d0f35f978fb37c1b97f94280b053bba5732d99142f6c363ddce948fdb5c2b731ae2b76d434</td></tr>
</table>


",v1.20.14,1.22.5,True
kubernetes/kubernetes,55467689,v1.23.1,Kubernetes v1.23.1,2021-12-16 16:07:55+00:00,False,False,master,"
See [kubernetes-announce@](https://groups.google.com/forum/#!forum/kubernetes-announce). Additional binary downloads are linked in the [CHANGELOG](https://github.com/kubernetes/kubernetes/blob/master/CHANGELOG/CHANGELOG-1.23.md).

See [the CHANGELOG](https://github.com/kubernetes/kubernetes/blob/master/CHANGELOG/CHANGELOG-1.23.md) for more details.

### Release Assets


<table>
<tr><td colspan=""2""><b>Kubernetes Source Code: </b> kubernetes.tar.gz</td><tr>
<tr><td>SHA256</td><td>743fe075588ab59644ab5a60edb7d23d7dfe5adadf951fc8d2de5cc2e0fcac0d</td></tr>
<tr><td>SHA512</td><td>d7b53be1a9695143b780fb9ff1271c65dd1584e09ef77fe5aa3db4f965a9a7a8b59af8981b3dfeba1f89dd48a81e30f1cd4d443b7b9bee9f1695b3346b41c8fc</td></tr>
</table>


",v1.22.5,1.23.1,True
kubernetes/kubernetes,57503634,v1.20.15,Kubernetes v1.20.15,2022-01-19 21:05:58+00:00,False,False,master,"
See [kubernetes-announce@](https://groups.google.com/forum/#!forum/kubernetes-announce). Additional binary downloads are linked in the [CHANGELOG](https://github.com/kubernetes/kubernetes/blob/master/CHANGELOG/CHANGELOG-1.20.md).

See [the CHANGELOG](https://github.com/kubernetes/kubernetes/blob/master/CHANGELOG/CHANGELOG-1.20.md) for more details.

### Release Assets


<table>
<tr><td colspan=""2""><b>Kubernetes Source Code: </b> kubernetes.tar.gz</td><tr>
<tr><td>SHA256</td><td>4008e835357980aa9133ce2449a3a54228a4c567bad79e10d4e63c8e0e3ccaa5</td></tr>
<tr><td>SHA512</td><td>470f3c6779d9bb19adc7153f2f7a235f4ce4c30cab193b630683b86853508bd670d4d6866c3a9a601b7b074a03d194efe18f131607ca78bbc9dba91c4285ca75</td></tr>
</table>


",v1.23.1,1.20.15,True
kubernetes/kubernetes,57503779,v1.21.9,Kubernetes v1.21.9,2022-01-19 21:07:55+00:00,False,False,master,"
See [kubernetes-announce@](https://groups.google.com/forum/#!forum/kubernetes-announce). Additional binary downloads are linked in the [CHANGELOG](https://github.com/kubernetes/kubernetes/blob/master/CHANGELOG/CHANGELOG-1.21.md).

See [the CHANGELOG](https://github.com/kubernetes/kubernetes/blob/master/CHANGELOG/CHANGELOG-1.21.md) for more details.

### Release Assets


<table>
<tr><td colspan=""2""><b>Kubernetes Source Code: </b> kubernetes.tar.gz</td><tr>
<tr><td>SHA256</td><td>0fc6eab832e655b149686c4a64d264d9eff0be6f0f8d35ee9fdde349f950faab</td></tr>
<tr><td>SHA512</td><td>525d981f5fa61abfd52df07e49a3bbe87a11e1e654d63e601124e35fb5b82d23390601562300cb0c1f62bdacb3bf9bb73c91067ab2cb0cb47b9b9cb34aadd289</td></tr>
</table>


",v1.23.2,1.21.9,True
kubernetes/kubernetes,57504045,v1.23.2,Kubernetes v1.23.2,2022-01-19 21:11:06+00:00,False,False,master,"
See [kubernetes-announce@](https://groups.google.com/forum/#!forum/kubernetes-announce). Additional binary downloads are linked in the [CHANGELOG](https://github.com/kubernetes/kubernetes/blob/master/CHANGELOG/CHANGELOG-1.23.md).

See [the CHANGELOG](https://github.com/kubernetes/kubernetes/blob/master/CHANGELOG/CHANGELOG-1.23.md) for more details.

### Release Assets


<table>
<tr><td colspan=""2""><b>Kubernetes Source Code: </b> kubernetes.tar.gz</td><tr>
<tr><td>SHA256</td><td>8c44dcbb26140efd48d75dc0f7953730d18a5644913fb27ed270a886e48f1a95</td></tr>
<tr><td>SHA512</td><td>f30d444bd0fc62bd8f7d352dacbdc2fe8904707f3c4f6d719e62f6c9509d5d544a1b26964228c3ff29b9c451534d9f85fe25a60b09b332fa5291e542720cfa05</td></tr>
</table>


",v1.22.6,1.23.2,True
kubernetes/kubernetes,57516071,v1.22.6,Kubernetes v1.22.6,2022-01-19 23:57:58+00:00,False,False,master,"
See [kubernetes-announce@](https://groups.google.com/forum/#!forum/kubernetes-announce). Additional binary downloads are linked in the [CHANGELOG](https://github.com/kubernetes/kubernetes/blob/master/CHANGELOG/CHANGELOG-1.22.md).

See [the CHANGELOG](https://github.com/kubernetes/kubernetes/blob/master/CHANGELOG/CHANGELOG-1.22.md) for more details.

### Release Assets


<table>
<tr><td colspan=""2""><b>Kubernetes Source Code: </b> kubernetes.tar.gz</td><tr>
<tr><td>SHA256</td><td>4c1bc8f68594158b47243376c0f3f4cac11643ef8a17461545d61cf141fc4eb8</td></tr>
<tr><td>SHA512</td><td>9de3bac1ff573451b105ff342c4180dd120101cceb991ba80acd854dbfb6f5d2463ce7be500fe5b0a40a1913b419de910ab93059100efb9de6d6656ebe3abb9c</td></tr>
</table>


",v1.20.15,1.22.6,True
kubernetes/kubernetes,57972287,v1.23.3,Kubernetes v1.23.3,2022-01-26 00:05:03+00:00,False,False,master,"
See [kubernetes-announce@](https://groups.google.com/forum/#!forum/kubernetes-announce). Additional binary downloads are linked in the [CHANGELOG](https://github.com/kubernetes/kubernetes/blob/master/CHANGELOG/CHANGELOG-1.23.md).

See [the CHANGELOG](https://github.com/kubernetes/kubernetes/blob/master/CHANGELOG/CHANGELOG-1.23.md) for more details.

### Release Assets


<table>
<tr><td colspan=""2""><b>Kubernetes Source Code: </b> kubernetes.tar.gz</td><tr>
<tr><td>SHA256</td><td>20732cc8e6549b8ff2efdb9f7bd1cff8be83a9057c1453b1b858a7aa597bf869</td></tr>
<tr><td>SHA512</td><td>339d208b86206272494d4f31a384fd8430911a1f8205d4a73605f412b4653fd816e79653bd0a0dacf52c9b9f6a3194279cc1059683c2ffd560c1ad3fa185e20f</td></tr>
</table>


",v1.21.9,1.23.3,True
kubernetes/kubernetes,58431560,v1.24.0-alpha.2,Kubernetes v1.24.0-alpha.2,2022-02-01 14:14:26+00:00,True,False,master,"
See [kubernetes-announce@](https://groups.google.com/forum/#!forum/kubernetes-announce). Additional binary downloads are linked in the [CHANGELOG](https://github.com/kubernetes/kubernetes/blob/master/CHANGELOG/CHANGELOG-1.24.md).

See [the CHANGELOG](https://github.com/kubernetes/kubernetes/blob/master/CHANGELOG/CHANGELOG-1.24.md) for more details.



",v1.23.3,1.24.0-alpha.2,False
kubernetes/kubernetes,59650290,v1.24.0-alpha.3,Kubernetes v1.24.0-alpha.3,2022-02-15 22:57:25+00:00,True,False,master,"
See [kubernetes-announce@](https://groups.google.com/forum/#!forum/kubernetes-announce). Additional binary downloads are linked in the [CHANGELOG](https://github.com/kubernetes/kubernetes/blob/master/CHANGELOG/CHANGELOG-1.24.md).

See [the CHANGELOG](https://github.com/kubernetes/kubernetes/blob/master/CHANGELOG/CHANGELOG-1.24.md) for more details.



",v1.24.0-alpha.2,1.24.0-alpha.3,False
kubernetes/kubernetes,59818995,v1.21.10,Kubernetes v1.21.10,2022-02-17 16:07:50+00:00,False,False,master,"
See [kubernetes-announce@](https://groups.google.com/forum/#!forum/kubernetes-announce). Additional binary downloads are linked in the [CHANGELOG](https://github.com/kubernetes/kubernetes/blob/master/CHANGELOG/CHANGELOG-1.21.md).

See [the CHANGELOG](https://github.com/kubernetes/kubernetes/blob/master/CHANGELOG/CHANGELOG-1.21.md) for more details.



",v1.24.0-alpha.3,1.21.10,True
kubernetes/kubernetes,59820624,v1.22.7,Kubernetes v1.22.7,2022-02-17 16:17:28+00:00,False,False,master,"
See [kubernetes-announce@](https://groups.google.com/forum/#!forum/kubernetes-announce). Additional binary downloads are linked in the [CHANGELOG](https://github.com/kubernetes/kubernetes/blob/master/CHANGELOG/CHANGELOG-1.22.md).

See [the CHANGELOG](https://github.com/kubernetes/kubernetes/blob/master/CHANGELOG/CHANGELOG-1.22.md) for more details.



",v1.21.10,1.22.7,True
kubernetes/kubernetes,59821299,v1.23.4,Kubernetes v1.23.4,2022-02-17 16:24:31+00:00,False,False,master,"
See [kubernetes-announce@](https://groups.google.com/forum/#!forum/kubernetes-announce). Additional binary downloads are linked in the [CHANGELOG](https://github.com/kubernetes/kubernetes/blob/master/CHANGELOG/CHANGELOG-1.23.md).

See [the CHANGELOG](https://github.com/kubernetes/kubernetes/blob/master/CHANGELOG/CHANGELOG-1.23.md) for more details.



",v1.22.7,1.23.4,True
kubernetes/kubernetes,62049233,v1.21.11,Kubernetes v1.21.11,2022-03-16 22:28:05+00:00,False,False,master,"
See [kubernetes-announce@](https://groups.google.com/forum/#!forum/kubernetes-announce). Additional binary downloads are linked in the [CHANGELOG](https://github.com/kubernetes/kubernetes/blob/master/CHANGELOG/CHANGELOG-1.21.md).

See [the CHANGELOG](https://github.com/kubernetes/kubernetes/blob/master/CHANGELOG/CHANGELOG-1.21.md) for more details.



",v1.23.4,1.21.11,True
kubernetes/kubernetes,62049706,v1.22.8,Kubernetes v1.22.8,2022-03-16 22:38:27+00:00,False,False,master,"
See [kubernetes-announce@](https://groups.google.com/forum/#!forum/kubernetes-announce). Additional binary downloads are linked in the [CHANGELOG](https://github.com/kubernetes/kubernetes/blob/master/CHANGELOG/CHANGELOG-1.22.md).

See [the CHANGELOG](https://github.com/kubernetes/kubernetes/blob/master/CHANGELOG/CHANGELOG-1.22.md) for more details.



",v1.21.11,1.22.8,True
kubernetes/kubernetes,62050650,v1.23.5,Kubernetes v1.23.5,2022-03-16 22:48:49+00:00,False,False,master,"
See [kubernetes-announce@](https://groups.google.com/forum/#!forum/kubernetes-announce). Additional binary downloads are linked in the [CHANGELOG](https://github.com/kubernetes/kubernetes/blob/master/CHANGELOG/CHANGELOG-1.23.md).

See [the CHANGELOG](https://github.com/kubernetes/kubernetes/blob/master/CHANGELOG/CHANGELOG-1.23.md) for more details.



",v1.22.8,1.23.5,True
kubernetes/kubernetes,62448286,v1.24.0-alpha.4,Kubernetes v1.24.0-alpha.4,2022-03-22 13:11:44+00:00,True,False,master,"
See [kubernetes-announce@](https://groups.google.com/forum/#!forum/kubernetes-announce). Additional binary downloads are linked in the [CHANGELOG](https://github.com/kubernetes/kubernetes/blob/master/CHANGELOG/CHANGELOG-1.24.md).

See [the CHANGELOG](https://github.com/kubernetes/kubernetes/blob/master/CHANGELOG/CHANGELOG-1.24.md) for more details.



",v1.23.5,1.24.0-alpha.4,False
kubernetes/kubernetes,63241749,v1.24.0-beta.0,Kubernetes v1.24.0-beta.0,2022-03-31 09:22:06+00:00,True,False,master,"
See [kubernetes-announce@](https://groups.google.com/forum/#!forum/kubernetes-announce). Additional binary downloads are linked in the [CHANGELOG](https://github.com/kubernetes/kubernetes/blob/master/CHANGELOG/CHANGELOG-1.24.md).

See [the CHANGELOG](https://github.com/kubernetes/kubernetes/blob/master/CHANGELOG/CHANGELOG-1.24.md) for more details.



",v1.24.0-alpha.4,1.24.0-beta.0,False
kubernetes/kubernetes,64802131,v1.24.0-rc.0,Kubernetes v1.24.0-rc.0,2022-04-20 02:43:57+00:00,True,False,master,"
See [kubernetes-announce@](https://groups.google.com/forum/#!forum/kubernetes-announce). Additional binary downloads are linked in the [CHANGELOG](https://github.com/kubernetes/kubernetes/blob/master/CHANGELOG/CHANGELOG-1.24.md).

See [the CHANGELOG](https://github.com/kubernetes/kubernetes/blob/master/CHANGELOG/CHANGELOG-1.24.md) for more details.



",v1.23.6,1.24.0-rc.0,False
kubernetes/kubernetes,64863991,v1.21.12,Kubernetes v1.21.12,2022-04-20 16:03:04+00:00,False,False,master,"
See [kubernetes-announce@](https://groups.google.com/forum/#!forum/kubernetes-announce). Additional binary downloads are linked in the [CHANGELOG](https://github.com/kubernetes/kubernetes/blob/master/CHANGELOG/CHANGELOG-1.21.md).

See [the CHANGELOG](https://github.com/kubernetes/kubernetes/blob/master/CHANGELOG/CHANGELOG-1.21.md) for more details.



",v1.24.0-beta.0,1.21.12,True
kubernetes/kubernetes,64869495,v1.22.9,Kubernetes v1.22.9,2022-04-20 17:09:29+00:00,False,False,master,"
See [kubernetes-announce@](https://groups.google.com/forum/#!forum/kubernetes-announce). Additional binary downloads are linked in the [CHANGELOG](https://github.com/kubernetes/kubernetes/blob/master/CHANGELOG/CHANGELOG-1.22.md).

See [the CHANGELOG](https://github.com/kubernetes/kubernetes/blob/master/CHANGELOG/CHANGELOG-1.22.md) for more details.



",v1.21.12,1.22.9,True
kubernetes/kubernetes,64881287,v1.23.6,Kubernetes v1.23.6,2022-04-20 19:17:02+00:00,False,False,master,"
See [kubernetes-announce@](https://groups.google.com/forum/#!forum/kubernetes-announce). Additional binary downloads are linked in the [CHANGELOG](https://github.com/kubernetes/kubernetes/blob/master/CHANGELOG/CHANGELOG-1.23.md).

See [the CHANGELOG](https://github.com/kubernetes/kubernetes/blob/master/CHANGELOG/CHANGELOG-1.23.md) for more details.



",v1.22.9,1.23.6,True
kubernetes/kubernetes,65401467,v1.24.0-rc.1,Kubernetes v1.24.0-rc.1,2022-04-26 20:03:46+00:00,True,False,master,"
See [kubernetes-announce@](https://groups.google.com/forum/#!forum/kubernetes-announce). Additional binary downloads are linked in the [CHANGELOG](https://github.com/kubernetes/kubernetes/blob/master/CHANGELOG/CHANGELOG-1.24.md).

See [the CHANGELOG](https://github.com/kubernetes/kubernetes/blob/master/CHANGELOG/CHANGELOG-1.24.md) for more details.



",v1.24.0-rc.0,1.24.0-rc.1,False
kubernetes/kubernetes,65962790,v1.24.0,Kubernetes v1.24.0,2022-05-03 20:43:53+00:00,False,False,master,"
See [kubernetes-announce@](https://groups.google.com/forum/#!forum/kubernetes-announce). Additional binary downloads are linked in the [CHANGELOG](https://github.com/kubernetes/kubernetes/blob/master/CHANGELOG/CHANGELOG-1.24.md).

See [the CHANGELOG](https://github.com/kubernetes/kubernetes/blob/master/CHANGELOG/CHANGELOG-1.24.md) for more details.



",v1.24.0-rc.1,1.24.0,True
kubernetes/kubernetes,67749918,v1.21.13,Kubernetes v1.21.13,2022-05-25 00:32:18+00:00,False,False,master,"
See [kubernetes-announce@](https://groups.google.com/forum/#!forum/kubernetes-announce). Additional binary downloads are linked in the [CHANGELOG](https://github.com/kubernetes/kubernetes/blob/master/CHANGELOG/CHANGELOG-1.21.md).

See [the CHANGELOG](https://github.com/kubernetes/kubernetes/blob/master/CHANGELOG/CHANGELOG-1.21.md) for more details.



",v1.23.7,1.21.13,True
kubernetes/kubernetes,67833798,v1.22.10,Kubernetes v1.22.10,2022-05-25 19:07:13+00:00,False,False,master,"
See [kubernetes-announce@](https://groups.google.com/forum/#!forum/kubernetes-announce). Additional binary downloads are linked in the [CHANGELOG](https://github.com/kubernetes/kubernetes/blob/master/CHANGELOG/CHANGELOG-1.22.md).

See [the CHANGELOG](https://github.com/kubernetes/kubernetes/blob/master/CHANGELOG/CHANGELOG-1.22.md) for more details.



",v1.21.13,1.22.10,True
kubernetes/kubernetes,67872434,v1.23.7,Kubernetes v1.23.7,2022-05-25 21:48:57+00:00,False,False,master,"
See [kubernetes-announce@](https://groups.google.com/forum/#!forum/kubernetes-announce). Additional binary downloads are linked in the [CHANGELOG](https://github.com/kubernetes/kubernetes/blob/master/CHANGELOG/CHANGELOG-1.23.md).

See [the CHANGELOG](https://github.com/kubernetes/kubernetes/blob/master/CHANGELOG/CHANGELOG-1.23.md) for more details.



",v1.24.1,1.23.7,True
kubernetes/kubernetes,67885314,v1.24.1,Kubernetes v1.24.1,2022-05-26 03:31:07+00:00,False,False,master,"
See [kubernetes-announce@](https://groups.google.com/forum/#!forum/kubernetes-announce). Additional binary downloads are linked in the [CHANGELOG](https://github.com/kubernetes/kubernetes/blob/master/CHANGELOG/CHANGELOG-1.24.md).

See [the CHANGELOG](https://github.com/kubernetes/kubernetes/blob/master/CHANGELOG/CHANGELOG-1.24.md) for more details.



",v1.24.0,1.24.1,True
kubernetes/kubernetes,69581230,v1.25.0-alpha.1,Kubernetes v1.25.0-alpha.1,2022-06-16 04:32:57+00:00,True,False,master,"
See [kubernetes-announce@](https://groups.google.com/forum/#!forum/kubernetes-announce). Additional binary downloads are linked in the [CHANGELOG](https://github.com/kubernetes/kubernetes/blob/master/CHANGELOG/CHANGELOG-1.25.md).

See [the CHANGELOG](https://github.com/kubernetes/kubernetes/blob/master/CHANGELOG/CHANGELOG-1.25.md) for more details.



",v1.24.2,1.25.0-alpha.1,False
kubernetes/kubernetes,69652729,v1.22.11,Kubernetes v1.22.11,2022-06-16 19:43:53+00:00,False,False,master,"
See [kubernetes-announce@](https://groups.google.com/forum/#!forum/kubernetes-announce). Additional binary downloads are linked in the [CHANGELOG](https://github.com/kubernetes/kubernetes/blob/master/CHANGELOG/CHANGELOG-1.22.md).

See [the CHANGELOG](https://github.com/kubernetes/kubernetes/blob/master/CHANGELOG/CHANGELOG-1.22.md) for more details.



",v1.25.0-alpha.1,1.22.11,True
kubernetes/kubernetes,69661314,v1.23.8,Kubernetes v1.23.8,2022-06-16 20:21:05+00:00,False,False,master,"
See [kubernetes-announce@](https://groups.google.com/forum/#!forum/kubernetes-announce). Additional binary downloads are linked in the [CHANGELOG](https://github.com/kubernetes/kubernetes/blob/master/CHANGELOG/CHANGELOG-1.23.md).

See [the CHANGELOG](https://github.com/kubernetes/kubernetes/blob/master/CHANGELOG/CHANGELOG-1.23.md) for more details.



",v1.22.11,1.23.8,True
kubernetes/kubernetes,69680319,v1.21.14,Kubernetes v1.21.14,2022-06-17 03:39:25+00:00,False,False,master,"
See [kubernetes-announce@](https://groups.google.com/forum/#!forum/kubernetes-announce). Additional binary downloads are linked in the [CHANGELOG](https://github.com/kubernetes/kubernetes/blob/master/CHANGELOG/CHANGELOG-1.21.md).

See [the CHANGELOG](https://github.com/kubernetes/kubernetes/blob/master/CHANGELOG/CHANGELOG-1.21.md) for more details.



",v1.22.10,1.21.14,True
kubernetes/kubernetes,69680447,v1.24.2,Kubernetes v1.24.2,2022-06-17 03:43:42+00:00,False,False,master,"
See [kubernetes-announce@](https://groups.google.com/forum/#!forum/kubernetes-announce). Additional binary downloads are linked in the [CHANGELOG](https://github.com/kubernetes/kubernetes/blob/master/CHANGELOG/CHANGELOG-1.24.md).

See [the CHANGELOG](https://github.com/kubernetes/kubernetes/blob/master/CHANGELOG/CHANGELOG-1.24.md) for more details.



",v1.21.14,1.24.2,True
kubernetes/kubernetes,70798585,v1.25.0-alpha.2,Kubernetes v1.25.0-alpha.2,2022-06-28 19:58:32+00:00,True,False,master,"
See [kubernetes-announce@](https://groups.google.com/forum/#!forum/kubernetes-announce). Additional binary downloads are linked in the [CHANGELOG](https://github.com/kubernetes/kubernetes/blob/master/CHANGELOG/CHANGELOG-1.25.md).

See [the CHANGELOG](https://github.com/kubernetes/kubernetes/blob/master/CHANGELOG/CHANGELOG-1.25.md) for more details.



",v1.23.8,1.25.0-alpha.2,False
kubernetes/kubernetes,71926822,v1.23.9,Kubernetes v1.23.9,2022-07-13 17:43:08+00:00,False,False,master,"
See [kubernetes-announce@](https://groups.google.com/forum/#!forum/kubernetes-announce). Additional binary downloads are linked in the [CHANGELOG](https://github.com/kubernetes/kubernetes/blob/master/CHANGELOG/CHANGELOG-1.23.md).

See [the CHANGELOG](https://github.com/kubernetes/kubernetes/blob/master/CHANGELOG/CHANGELOG-1.23.md) for more details.



",v1.25.0-alpha.2,1.23.9,True
kubernetes/kubernetes,71933950,v1.22.12,Kubernetes v1.22.12,2022-07-13 19:13:58+00:00,False,False,master,"
See [kubernetes-announce@](https://groups.google.com/forum/#!forum/kubernetes-announce). Additional binary downloads are linked in the [CHANGELOG](https://github.com/kubernetes/kubernetes/blob/master/CHANGELOG/CHANGELOG-1.22.md).

See [the CHANGELOG](https://github.com/kubernetes/kubernetes/blob/master/CHANGELOG/CHANGELOG-1.22.md) for more details.



",v1.24.3,1.22.12,True
kubernetes/kubernetes,71937344,v1.24.3,Kubernetes v1.24.3,2022-07-13 19:58:07+00:00,False,False,master,"
See [kubernetes-announce@](https://groups.google.com/forum/#!forum/kubernetes-announce). Additional binary downloads are linked in the [CHANGELOG](https://github.com/kubernetes/kubernetes/blob/master/CHANGELOG/CHANGELOG-1.24.md).

See [the CHANGELOG](https://github.com/kubernetes/kubernetes/blob/master/CHANGELOG/CHANGELOG-1.24.md) for more details.



",v1.23.9,1.24.3,True
kubernetes/kubernetes,72366976,v1.25.0-alpha.3,Kubernetes v1.25.0-alpha.3,2022-07-19 20:16:44+00:00,True,False,master,"
See [kubernetes-announce@](https://groups.google.com/forum/#!forum/kubernetes-announce). Additional binary downloads are linked in the [CHANGELOG](https://github.com/kubernetes/kubernetes/blob/master/CHANGELOG/CHANGELOG-1.25.md).

See [the CHANGELOG](https://github.com/kubernetes/kubernetes/blob/master/CHANGELOG/CHANGELOG-1.25.md) for more details.



",v1.22.12,1.25.0-alpha.3,False
kubernetes/kubernetes,73709606,v1.25.0-beta.0,Kubernetes v1.25.0-beta.0,2022-08-04 22:46:39+00:00,True,False,master,"
See [kubernetes-announce@](https://groups.google.com/forum/#!forum/kubernetes-announce). Additional binary downloads are linked in the [CHANGELOG](https://github.com/kubernetes/kubernetes/blob/master/CHANGELOG/CHANGELOG-1.25.md).

See [the CHANGELOG](https://github.com/kubernetes/kubernetes/blob/master/CHANGELOG/CHANGELOG-1.25.md) for more details.



",v1.25.0-alpha.3,1.25.0-beta.0,False
kubernetes/kubernetes,74046188,v1.25.0-rc.0,Kubernetes v1.25.0-rc.0,2022-08-09 22:36:24+00:00,True,False,master,"
See [kubernetes-announce@](https://groups.google.com/forum/#!forum/kubernetes-announce). Additional binary downloads are linked in the [CHANGELOG](https://github.com/kubernetes/kubernetes/blob/master/CHANGELOG/CHANGELOG-1.25.md).

See [the CHANGELOG](https://github.com/kubernetes/kubernetes/blob/master/CHANGELOG/CHANGELOG-1.25.md) for more details.



",v1.25.0-beta.0,1.25.0-rc.0,False
kubernetes/kubernetes,74567862,v1.25.0-rc.1,Kubernetes v1.25.0-rc.1,2022-08-16 23:52:25+00:00,True,False,master,"
See [kubernetes-announce@](https://groups.google.com/forum/#!forum/kubernetes-announce). Additional binary downloads are linked in the [CHANGELOG](https://github.com/kubernetes/kubernetes/blob/master/CHANGELOG/CHANGELOG-1.25.md).

See [the CHANGELOG](https://github.com/kubernetes/kubernetes/blob/master/CHANGELOG/CHANGELOG-1.25.md) for more details.



",v1.25.0-rc.0,1.25.0-rc.1,False
kubernetes/kubernetes,74666225,v1.22.13,Kubernetes v1.22.13,2022-08-17 21:19:19+00:00,False,False,master,"
See [kubernetes-announce@](https://groups.google.com/forum/#!forum/kubernetes-announce). Additional binary downloads are linked in the [CHANGELOG](https://github.com/kubernetes/kubernetes/blob/master/CHANGELOG/CHANGELOG-1.22.md).

See [the CHANGELOG](https://github.com/kubernetes/kubernetes/blob/master/CHANGELOG/CHANGELOG-1.22.md) for more details.



",v1.25.0-rc.1,1.22.13,True
kubernetes/kubernetes,74669757,v1.23.10,Kubernetes v1.23.10,2022-08-17 22:20:32+00:00,False,False,master,"
See [kubernetes-announce@](https://groups.google.com/forum/#!forum/kubernetes-announce). Additional binary downloads are linked in the [CHANGELOG](https://github.com/kubernetes/kubernetes/blob/master/CHANGELOG/CHANGELOG-1.23.md).

See [the CHANGELOG](https://github.com/kubernetes/kubernetes/blob/master/CHANGELOG/CHANGELOG-1.23.md) for more details.



",v1.22.13,1.23.10,True
kubernetes/kubernetes,74671731,v1.24.4,Kubernetes v1.24.4,2022-08-17 23:07:59+00:00,False,False,master,"
See [kubernetes-announce@](https://groups.google.com/forum/#!forum/kubernetes-announce). Additional binary downloads are linked in the [CHANGELOG](https://github.com/kubernetes/kubernetes/blob/master/CHANGELOG/CHANGELOG-1.24.md).

See [the CHANGELOG](https://github.com/kubernetes/kubernetes/blob/master/CHANGELOG/CHANGELOG-1.24.md) for more details.



",v1.23.10,1.24.4,True
kubernetes/kubernetes,75156399,v1.25.0,Kubernetes v1.25.0,2022-08-23 21:27:47+00:00,False,False,master,"
See [kubernetes-announce@](https://groups.google.com/forum/#!forum/kubernetes-announce). Additional binary downloads are linked in the [CHANGELOG](https://github.com/kubernetes/kubernetes/blob/master/CHANGELOG/CHANGELOG-1.25.md).

See [the CHANGELOG](https://github.com/kubernetes/kubernetes/blob/master/CHANGELOG/CHANGELOG-1.25.md) for more details.



",v1.24.4,1.25.0,True
kubernetes/kubernetes,77194312,v1.24.5,Kubernetes v1.24.5,2022-09-14 20:44:58+00:00,False,False,master,"
See [kubernetes-announce@](https://groups.google.com/forum/#!forum/kubernetes-announce). Additional binary downloads are linked in the [CHANGELOG](https://github.com/kubernetes/kubernetes/blob/master/CHANGELOG/CHANGELOG-1.24.md).

See [the CHANGELOG](https://github.com/kubernetes/kubernetes/blob/master/CHANGELOG/CHANGELOG-1.24.md) for more details.



",v1.23.11,1.24.5,True
kubernetes/kubernetes,77213823,v1.23.11,Kubernetes v1.23.11,2022-09-15 00:31:43+00:00,False,False,master,"
See [kubernetes-announce@](https://groups.google.com/forum/#!forum/kubernetes-announce). Additional binary downloads are linked in the [CHANGELOG](https://github.com/kubernetes/kubernetes/blob/master/CHANGELOG/CHANGELOG-1.23.md).

See [the CHANGELOG](https://github.com/kubernetes/kubernetes/blob/master/CHANGELOG/CHANGELOG-1.23.md) for more details.



",v1.25.0,1.23.11,True
kubernetes/kubernetes,77303540,v1.25.1,Kubernetes v1.25.1,2022-09-15 14:42:21+00:00,False,False,master,"
See [kubernetes-announce@](https://groups.google.com/forum/#!forum/kubernetes-announce). Additional binary downloads are linked in the [CHANGELOG](https://github.com/kubernetes/kubernetes/blob/master/CHANGELOG/CHANGELOG-1.25.md).

See [the CHANGELOG](https://github.com/kubernetes/kubernetes/blob/master/CHANGELOG/CHANGELOG-1.25.md) for more details.



",v1.24.5,1.25.1,True
kubernetes/kubernetes,77303985,v1.22.14,Kubernetes v1.22.14,2022-09-15 14:46:10+00:00,False,False,master,"
See [kubernetes-announce@](https://groups.google.com/forum/#!forum/kubernetes-announce). Additional binary downloads are linked in the [CHANGELOG](https://github.com/kubernetes/kubernetes/blob/master/CHANGELOG/CHANGELOG-1.22.md).

See [the CHANGELOG](https://github.com/kubernetes/kubernetes/blob/master/CHANGELOG/CHANGELOG-1.22.md) for more details.



",v1.25.1,1.22.14,True
kubernetes/kubernetes,77692962,v1.26.0-alpha.1,Kubernetes v1.26.0-alpha.1,2022-09-20 19:21:42+00:00,True,False,master,"
See [kubernetes-announce@](https://groups.google.com/forum/#!forum/kubernetes-announce). Additional binary downloads are linked in the [CHANGELOG](https://github.com/kubernetes/kubernetes/blob/master/CHANGELOG/CHANGELOG-1.26.md).

See [the CHANGELOG](https://github.com/kubernetes/kubernetes/blob/master/CHANGELOG/CHANGELOG-1.26.md) for more details.



",v1.22.14,1.26.0-alpha.1,False
kubernetes/kubernetes,77795569,v1.24.6,Kubernetes v1.24.6,2022-09-21 16:50:49+00:00,False,False,master,"
See [kubernetes-announce@](https://groups.google.com/forum/#!forum/kubernetes-announce). Additional binary downloads are linked in the [CHANGELOG](https://github.com/kubernetes/kubernetes/blob/master/CHANGELOG/CHANGELOG-1.24.md).

See [the CHANGELOG](https://github.com/kubernetes/kubernetes/blob/master/CHANGELOG/CHANGELOG-1.24.md) for more details.



",v1.23.12,1.24.6,True
kubernetes/kubernetes,77802321,v1.23.12,Kubernetes v1.23.12,2022-09-21 18:09:54+00:00,False,False,master,"
See [kubernetes-announce@](https://groups.google.com/forum/#!forum/kubernetes-announce). Additional binary downloads are linked in the [CHANGELOG](https://github.com/kubernetes/kubernetes/blob/master/CHANGELOG/CHANGELOG-1.23.md).

See [the CHANGELOG](https://github.com/kubernetes/kubernetes/blob/master/CHANGELOG/CHANGELOG-1.23.md) for more details.



",v1.22.15,1.23.12,True
kubernetes/kubernetes,77807233,v1.22.15,Kubernetes v1.22.15,2022-09-21 19:04:05+00:00,False,False,master,"
See [kubernetes-announce@](https://groups.google.com/forum/#!forum/kubernetes-announce). Additional binary downloads are linked in the [CHANGELOG](https://github.com/kubernetes/kubernetes/blob/master/CHANGELOG/CHANGELOG-1.22.md).

See [the CHANGELOG](https://github.com/kubernetes/kubernetes/blob/master/CHANGELOG/CHANGELOG-1.22.md) for more details.



",v1.26.0-alpha.1,1.22.15,True
kubernetes/kubernetes,77813556,v1.25.2,Kubernetes v1.25.2,2022-09-21 20:18:10+00:00,False,False,master,"
See [kubernetes-announce@](https://groups.google.com/forum/#!forum/kubernetes-announce). Additional binary downloads are linked in the [CHANGELOG](https://github.com/kubernetes/kubernetes/blob/master/CHANGELOG/CHANGELOG-1.25.md).

See [the CHANGELOG](https://github.com/kubernetes/kubernetes/blob/master/CHANGELOG/CHANGELOG-1.25.md) for more details.



",v1.24.6,1.25.2,True
kubernetes/kubernetes,79588685,v1.26.0-alpha.2,Kubernetes v1.26.0-alpha.2,2022-10-11 23:27:26+00:00,True,False,master,"
See [kubernetes-announce@](https://groups.google.com/forum/#!forum/kubernetes-announce). Additional binary downloads are linked in the [CHANGELOG](https://github.com/kubernetes/kubernetes/blob/master/CHANGELOG/CHANGELOG-1.26.md).

See [the CHANGELOG](https://github.com/kubernetes/kubernetes/blob/master/CHANGELOG/CHANGELOG-1.26.md) for more details.



",v1.25.2,1.26.0-alpha.2,False
kubernetes/kubernetes,79809601,v1.25.3,Kubernetes v1.25.3,2022-10-13 17:16:00+00:00,False,False,master,"
See [kubernetes-announce@](https://groups.google.com/forum/#!forum/kubernetes-announce). Additional binary downloads are linked in the [CHANGELOG](https://github.com/kubernetes/kubernetes/blob/master/CHANGELOG/CHANGELOG-1.25.md).

See [the CHANGELOG](https://github.com/kubernetes/kubernetes/blob/master/CHANGELOG/CHANGELOG-1.25.md) for more details.



",v1.26.0-alpha.2,1.25.3,True
kubernetes/kubernetes,79809812,v1.23.13,Kubernetes v1.23.13,2022-10-13 17:18:22+00:00,False,False,master,"
See [kubernetes-announce@](https://groups.google.com/forum/#!forum/kubernetes-announce). Additional binary downloads are linked in the [CHANGELOG](https://github.com/kubernetes/kubernetes/blob/master/CHANGELOG/CHANGELOG-1.23.md).

See [the CHANGELOG](https://github.com/kubernetes/kubernetes/blob/master/CHANGELOG/CHANGELOG-1.23.md) for more details.



",v1.24.7,1.23.13,True
kubernetes/kubernetes,79809886,v1.24.7,Kubernetes v1.24.7,2022-10-13 17:19:17+00:00,False,False,master,"
See [kubernetes-announce@](https://groups.google.com/forum/#!forum/kubernetes-announce). Additional binary downloads are linked in the [CHANGELOG](https://github.com/kubernetes/kubernetes/blob/master/CHANGELOG/CHANGELOG-1.24.md).

See [the CHANGELOG](https://github.com/kubernetes/kubernetes/blob/master/CHANGELOG/CHANGELOG-1.24.md) for more details.



",v1.25.3,1.24.7,True
kubernetes/kubernetes,81730858,v1.26.0-alpha.3,Kubernetes v1.26.0-alpha.3,2022-11-01 22:49:15+00:00,True,False,master,"
See [kubernetes-announce@](https://groups.google.com/forum/#!forum/kubernetes-announce). Additional binary downloads are linked in the [CHANGELOG](https://github.com/kubernetes/kubernetes/blob/master/CHANGELOG/CHANGELOG-1.26.md).

See [the CHANGELOG](https://github.com/kubernetes/kubernetes/blob/master/CHANGELOG/CHANGELOG-1.26.md) for more details.



",v1.23.13,1.26.0-alpha.3,False
kubernetes/kubernetes,82710116,v1.25.4,Kubernetes v1.25.4,2022-11-10 17:02:29+00:00,False,False,master,"
See [kubernetes-announce@](https://groups.google.com/forum/#!forum/kubernetes-announce). Additional binary downloads are linked in the [CHANGELOG](https://github.com/kubernetes/kubernetes/blob/master/CHANGELOG/CHANGELOG-1.25.md).

See [the CHANGELOG](https://github.com/kubernetes/kubernetes/blob/master/CHANGELOG/CHANGELOG-1.25.md) for more details.



",v1.26.0-alpha.3,1.25.4,True
kubernetes/kubernetes,82714136,v1.24.8,Kubernetes v1.24.8,2022-11-10 17:40:53+00:00,False,False,master,"
See [kubernetes-announce@](https://groups.google.com/forum/#!forum/kubernetes-announce). Additional binary downloads are linked in the [CHANGELOG](https://github.com/kubernetes/kubernetes/blob/master/CHANGELOG/CHANGELOG-1.24.md).

See [the CHANGELOG](https://github.com/kubernetes/kubernetes/blob/master/CHANGELOG/CHANGELOG-1.24.md) for more details.



",v1.25.4,1.24.8,True
kubernetes/kubernetes,82714305,v1.22.16,Kubernetes v1.22.16,2022-11-10 17:42:36+00:00,False,False,master,"
See [kubernetes-announce@](https://groups.google.com/forum/#!forum/kubernetes-announce). Additional binary downloads are linked in the [CHANGELOG](https://github.com/kubernetes/kubernetes/blob/master/CHANGELOG/CHANGELOG-1.22.md).

See [the CHANGELOG](https://github.com/kubernetes/kubernetes/blob/master/CHANGELOG/CHANGELOG-1.22.md) for more details.



",v1.24.8,1.22.16,True
kubernetes/kubernetes,82714385,v1.23.14,Kubernetes v1.23.14,2022-11-10 17:43:29+00:00,False,False,master,"
See [kubernetes-announce@](https://groups.google.com/forum/#!forum/kubernetes-announce). Additional binary downloads are linked in the [CHANGELOG](https://github.com/kubernetes/kubernetes/blob/master/CHANGELOG/CHANGELOG-1.23.md).

See [the CHANGELOG](https://github.com/kubernetes/kubernetes/blob/master/CHANGELOG/CHANGELOG-1.23.md) for more details.



",v1.22.16,1.23.14,True
kubernetes/kubernetes,82747830,v1.26.0-beta.0,Kubernetes v1.26.0-beta.0,2022-11-11 00:16:03+00:00,True,False,master,"
See [kubernetes-announce@](https://groups.google.com/forum/#!forum/kubernetes-announce). Additional binary downloads are linked in the [CHANGELOG](https://github.com/kubernetes/kubernetes/blob/master/CHANGELOG/CHANGELOG-1.26.md).

See [the CHANGELOG](https://github.com/kubernetes/kubernetes/blob/master/CHANGELOG/CHANGELOG-1.26.md) for more details.



",v1.23.14,1.26.0-beta.0,False
kubernetes/kubernetes,83184335,v1.26.0-rc.0,Kubernetes v1.26.0-rc.0,2022-11-16 00:01:47+00:00,True,False,master,"
See [kubernetes-announce@](https://groups.google.com/forum/#!forum/kubernetes-announce). Additional binary downloads are linked in the [CHANGELOG](https://github.com/kubernetes/kubernetes/blob/master/CHANGELOG/CHANGELOG-1.26.md).

See [the CHANGELOG](https://github.com/kubernetes/kubernetes/blob/master/CHANGELOG/CHANGELOG-1.26.md) for more details.



",v1.26.0-beta.0,1.26.0-rc.0,False
kubernetes/kubernetes,84615412,v1.26.0-rc.1,Kubernetes v1.26.0-rc.1,2022-11-30 19:07:53+00:00,True,False,master,"
See [kubernetes-announce@](https://groups.google.com/forum/#!forum/kubernetes-announce). Additional binary downloads are linked in the [CHANGELOG](https://github.com/kubernetes/kubernetes/blob/master/CHANGELOG/CHANGELOG-1.26.md).

See [the CHANGELOG](https://github.com/kubernetes/kubernetes/blob/master/CHANGELOG/CHANGELOG-1.26.md) for more details.



",v1.26.0-rc.0,1.26.0-rc.1,False
kubernetes/kubernetes,85466097,v1.25.5,Kubernetes v1.25.5,2022-12-08 17:40:24+00:00,False,False,master,"
See [kubernetes-announce@](https://groups.google.com/forum/#!forum/kubernetes-announce). Additional binary downloads are linked in the [CHANGELOG](https://github.com/kubernetes/kubernetes/blob/master/CHANGELOG/CHANGELOG-1.25.md).

See [the CHANGELOG](https://github.com/kubernetes/kubernetes/blob/master/CHANGELOG/CHANGELOG-1.25.md) for more details.



",v1.24.9,1.25.5,True
kubernetes/kubernetes,85470423,v1.24.9,Kubernetes v1.24.9,2022-12-08 18:14:25+00:00,False,False,master,"
See [kubernetes-announce@](https://groups.google.com/forum/#!forum/kubernetes-announce). Additional binary downloads are linked in the [CHANGELOG](https://github.com/kubernetes/kubernetes/blob/master/CHANGELOG/CHANGELOG-1.24.md).

See [the CHANGELOG](https://github.com/kubernetes/kubernetes/blob/master/CHANGELOG/CHANGELOG-1.24.md) for more details.



",v1.26.0-rc.1,1.24.9,True
kubernetes/kubernetes,85475750,v1.23.15,Kubernetes v1.23.15,2022-12-08 19:10:18+00:00,False,False,master,"
See [kubernetes-announce@](https://groups.google.com/forum/#!forum/kubernetes-announce). Additional binary downloads are linked in the [CHANGELOG](https://github.com/kubernetes/kubernetes/blob/master/CHANGELOG/CHANGELOG-1.23.md).

See [the CHANGELOG](https://github.com/kubernetes/kubernetes/blob/master/CHANGELOG/CHANGELOG-1.23.md) for more details.



",v1.25.5,1.23.15,True
kubernetes/kubernetes,85487731,v1.22.17,Kubernetes v1.22.17,2022-12-08 21:24:13+00:00,False,False,master,"
See [kubernetes-announce@](https://groups.google.com/forum/#!forum/kubernetes-announce). Additional binary downloads are linked in the [CHANGELOG](https://github.com/kubernetes/kubernetes/blob/master/CHANGELOG/CHANGELOG-1.22.md).

See [the CHANGELOG](https://github.com/kubernetes/kubernetes/blob/master/CHANGELOG/CHANGELOG-1.22.md) for more details.



",v1.23.15,1.22.17,True
kubernetes/kubernetes,85515657,v1.26.0,Kubernetes v1.26.0,2022-12-09 04:00:59+00:00,False,False,master,"
See [kubernetes-announce@](https://groups.google.com/forum/#!forum/kubernetes-announce). Additional binary downloads are linked in the [CHANGELOG](https://github.com/kubernetes/kubernetes/blob/master/CHANGELOG/CHANGELOG-1.26.md).

See [the CHANGELOG](https://github.com/kubernetes/kubernetes/blob/master/CHANGELOG/CHANGELOG-1.26.md) for more details.



",v1.22.17,1.26.0,True
kubernetes/kubernetes,89461411,v1.26.1,Kubernetes v1.26.1,2023-01-18 21:14:47+00:00,False,False,master,"
See [kubernetes-announce@](https://groups.google.com/forum/#!forum/kubernetes-announce). Additional binary downloads are linked in the [CHANGELOG](https://github.com/kubernetes/kubernetes/blob/master/CHANGELOG/CHANGELOG-1.26.md).

See [the CHANGELOG](https://github.com/kubernetes/kubernetes/blob/master/CHANGELOG/CHANGELOG-1.26.md) for more details.



",v1.26.0,1.26.1,True
kubernetes/kubernetes,89465459,v1.23.16,Kubernetes v1.23.16,2023-01-18 21:50:14+00:00,False,False,master,"
See [kubernetes-announce@](https://groups.google.com/forum/#!forum/kubernetes-announce). Additional binary downloads are linked in the [CHANGELOG](https://github.com/kubernetes/kubernetes/blob/master/CHANGELOG/CHANGELOG-1.23.md).

See [the CHANGELOG](https://github.com/kubernetes/kubernetes/blob/master/CHANGELOG/CHANGELOG-1.23.md) for more details.



",v1.26.1,1.23.16,True
kubernetes/kubernetes,89478326,v1.25.6,Kubernetes v1.25.6,2023-01-19 00:59:55+00:00,False,False,master,"
See [kubernetes-announce@](https://groups.google.com/forum/#!forum/kubernetes-announce). Additional binary downloads are linked in the [CHANGELOG](https://github.com/kubernetes/kubernetes/blob/master/CHANGELOG/CHANGELOG-1.25.md).

See [the CHANGELOG](https://github.com/kubernetes/kubernetes/blob/master/CHANGELOG/CHANGELOG-1.25.md) for more details.



",v1.24.10,1.25.6,True
kubernetes/kubernetes,89577865,v1.24.10,Kubernetes v1.24.10,2023-01-19 17:16:48+00:00,False,False,master,"
See [kubernetes-announce@](https://groups.google.com/forum/#!forum/kubernetes-announce). Additional binary downloads are linked in the [CHANGELOG](https://github.com/kubernetes/kubernetes/blob/master/CHANGELOG/CHANGELOG-1.24.md).

See [the CHANGELOG](https://github.com/kubernetes/kubernetes/blob/master/CHANGELOG/CHANGELOG-1.24.md) for more details.



",v1.23.16,1.24.10,True
kubernetes/kubernetes,90111233,v1.27.0-alpha.1,Kubernetes v1.27.0-alpha.1,2023-01-24 22:30:15+00:00,True,False,master,"
See [kubernetes-announce@](https://groups.google.com/forum/#!forum/kubernetes-announce). Additional binary downloads are linked in the [CHANGELOG](https://github.com/kubernetes/kubernetes/blob/master/CHANGELOG/CHANGELOG-1.27.md).

See [the CHANGELOG](https://github.com/kubernetes/kubernetes/blob/master/CHANGELOG/CHANGELOG-1.27.md) for more details.



",v1.25.6,1.27.0-alpha.1,False
kubernetes/kubernetes,92502173,v1.27.0-alpha.2,Kubernetes v1.27.0-alpha.2,2023-02-15 04:19:40+00:00,True,False,master,"
See [kubernetes-announce@](https://groups.google.com/forum/#!forum/kubernetes-announce). Additional binary downloads are linked in the [CHANGELOG](https://github.com/kubernetes/kubernetes/blob/master/CHANGELOG/CHANGELOG-1.27.md).

See [the CHANGELOG](https://github.com/kubernetes/kubernetes/blob/master/CHANGELOG/CHANGELOG-1.27.md) for more details.



",v1.27.0-alpha.1,1.27.0-alpha.2,False
kubernetes/kubernetes,93991288,v1.24.11,Kubernetes v1.24.11,2023-02-28 20:34:33+00:00,False,False,master,"
See [kubernetes-announce@](https://groups.google.com/forum/#!forum/kubernetes-announce). Additional binary downloads are linked in the [CHANGELOG](https://github.com/kubernetes/kubernetes/blob/master/CHANGELOG/CHANGELOG-1.24.md).

See [the CHANGELOG](https://github.com/kubernetes/kubernetes/blob/master/CHANGELOG/CHANGELOG-1.24.md) for more details.



",v1.23.17,1.24.11,True
kubernetes/kubernetes,94000681,v1.23.17,Kubernetes v1.23.17,2023-02-28 21:20:44+00:00,False,False,master,"
See [kubernetes-announce@](https://groups.google.com/forum/#!forum/kubernetes-announce). Additional binary downloads are linked in the [CHANGELOG](https://github.com/kubernetes/kubernetes/blob/master/CHANGELOG/CHANGELOG-1.23.md).

See [the CHANGELOG](https://github.com/kubernetes/kubernetes/blob/master/CHANGELOG/CHANGELOG-1.23.md) for more details.



",v1.27.0-alpha.2,1.23.17,True
kubernetes/kubernetes,94006526,v1.25.7,Kubernetes v1.25.7,2023-02-28 22:05:52+00:00,False,False,master,"
See [kubernetes-announce@](https://groups.google.com/forum/#!forum/kubernetes-announce). Additional binary downloads are linked in the [CHANGELOG](https://github.com/kubernetes/kubernetes/blob/master/CHANGELOG/CHANGELOG-1.25.md).

See [the CHANGELOG](https://github.com/kubernetes/kubernetes/blob/master/CHANGELOG/CHANGELOG-1.25.md) for more details.



",v1.26.2,1.25.7,True
kubernetes/kubernetes,94012442,v1.26.2,Kubernetes v1.26.2,2023-02-28 23:09:55+00:00,False,False,master,"
See [kubernetes-announce@](https://groups.google.com/forum/#!forum/kubernetes-announce). Additional binary downloads are linked in the [CHANGELOG](https://github.com/kubernetes/kubernetes/blob/master/CHANGELOG/CHANGELOG-1.26.md).

See [the CHANGELOG](https://github.com/kubernetes/kubernetes/blob/master/CHANGELOG/CHANGELOG-1.26.md) for more details.



",v1.24.11,1.26.2,True
kubernetes/kubernetes,94369151,v1.27.0-alpha.3,Kubernetes v1.27.0-alpha.3,2023-03-03 05:21:01+00:00,True,False,master,"
See [kubernetes-announce@](https://groups.google.com/forum/#!forum/kubernetes-announce). Additional binary downloads are linked in the [CHANGELOG](https://github.com/kubernetes/kubernetes/blob/master/CHANGELOG/CHANGELOG-1.27.md).

See [the CHANGELOG](https://github.com/kubernetes/kubernetes/blob/master/CHANGELOG/CHANGELOG-1.27.md) for more details.



",v1.25.7,1.27.0-alpha.3,False
kubernetes/kubernetes,95926576,v1.27.0-beta.0,Kubernetes v1.27.0-beta.0,2023-03-17 00:49:18+00:00,True,False,master,"
See [kubernetes-announce@](https://groups.google.com/forum/#!forum/kubernetes-announce). Additional binary downloads are linked in the [CHANGELOG](https://github.com/kubernetes/kubernetes/blob/master/CHANGELOG/CHANGELOG-1.27.md).

See [the CHANGELOG](https://github.com/kubernetes/kubernetes/blob/master/CHANGELOG/CHANGELOG-1.27.md) for more details.



",v1.26.3,1.27.0-beta.0,False
kubernetes/kubernetes,96018281,v1.24.12,Kubernetes v1.24.12,2023-03-17 17:23:16+00:00,False,False,master,"
See [kubernetes-announce@](https://groups.google.com/forum/#!forum/kubernetes-announce). Additional binary downloads are linked in the [CHANGELOG](https://github.com/kubernetes/kubernetes/blob/master/CHANGELOG/CHANGELOG-1.24.md).

See [the CHANGELOG](https://github.com/kubernetes/kubernetes/blob/master/CHANGELOG/CHANGELOG-1.24.md) for more details.



",v1.27.0-alpha.3,1.24.12,True
kubernetes/kubernetes,96021741,v1.25.8,Kubernetes v1.25.8,2023-03-17 18:00:45+00:00,False,False,master,"
See [kubernetes-announce@](https://groups.google.com/forum/#!forum/kubernetes-announce). Additional binary downloads are linked in the [CHANGELOG](https://github.com/kubernetes/kubernetes/blob/master/CHANGELOG/CHANGELOG-1.25.md).

See [the CHANGELOG](https://github.com/kubernetes/kubernetes/blob/master/CHANGELOG/CHANGELOG-1.25.md) for more details.



",v1.24.12,1.25.8,True
kubernetes/kubernetes,96029525,v1.26.3,Kubernetes v1.26.3,2023-03-17 19:20:24+00:00,False,False,master,"
See [kubernetes-announce@](https://groups.google.com/forum/#!forum/kubernetes-announce). Additional binary downloads are linked in the [CHANGELOG](https://github.com/kubernetes/kubernetes/blob/master/CHANGELOG/CHANGELOG-1.26.md).

See [the CHANGELOG](https://github.com/kubernetes/kubernetes/blob/master/CHANGELOG/CHANGELOG-1.26.md) for more details.



",v1.25.8,1.26.3,True
kubernetes/kubernetes,96734422,v1.27.0-rc.0,Kubernetes v1.27.0-rc.0,2023-03-23 23:38:59+00:00,True,False,master,"
See [kubernetes-announce@](https://groups.google.com/forum/#!forum/kubernetes-announce). Additional binary downloads are linked in the [CHANGELOG](https://github.com/kubernetes/kubernetes/blob/master/CHANGELOG/CHANGELOG-1.27.md).

See [the CHANGELOG](https://github.com/kubernetes/kubernetes/blob/master/CHANGELOG/CHANGELOG-1.27.md) for more details.



",v1.27.0-beta.0,1.27.0-rc.0,False
kubernetes/kubernetes,98475244,v1.27.0-rc.1,Kubernetes v1.27.0-rc.1,2023-04-06 22:37:33+00:00,True,False,master,"
See [kubernetes-announce@](https://groups.google.com/forum/#!forum/kubernetes-announce). Additional binary downloads are linked in the [CHANGELOG](https://github.com/kubernetes/kubernetes/blob/master/CHANGELOG/CHANGELOG-1.27.md).

See [the CHANGELOG](https://github.com/kubernetes/kubernetes/blob/master/CHANGELOG/CHANGELOG-1.27.md) for more details.



",v1.27.0-rc.0,1.27.0-rc.1,False
kubernetes/kubernetes,98968195,v1.27.0,Kubernetes v1.27.0,2023-04-11 19:27:46+00:00,False,False,master,"
See [kubernetes-announce@](https://groups.google.com/forum/#!forum/kubernetes-announce). Additional binary downloads are linked in the [CHANGELOG](https://github.com/kubernetes/kubernetes/blob/master/CHANGELOG/CHANGELOG-1.27.md).

See [the CHANGELOG](https://github.com/kubernetes/kubernetes/blob/master/CHANGELOG/CHANGELOG-1.27.md) for more details.



",v1.27.0-rc.1,1.27.0,True
kubernetes/kubernetes,99183057,v1.26.4,Kubernetes v1.26.4,2023-04-12 17:55:54+00:00,False,False,master,"
See [kubernetes-announce@](https://groups.google.com/forum/#!forum/kubernetes-announce). Additional binary downloads are linked in the [CHANGELOG](https://github.com/kubernetes/kubernetes/blob/master/CHANGELOG/CHANGELOG-1.26.md).

See [the CHANGELOG](https://github.com/kubernetes/kubernetes/blob/master/CHANGELOG/CHANGELOG-1.26.md) for more details.



",v1.27.0,1.26.4,True
kubernetes/kubernetes,99187893,v1.25.9,Kubernetes v1.25.9,2023-04-12 18:38:00+00:00,False,False,master,"
See [kubernetes-announce@](https://groups.google.com/forum/#!forum/kubernetes-announce). Additional binary downloads are linked in the [CHANGELOG](https://github.com/kubernetes/kubernetes/blob/master/CHANGELOG/CHANGELOG-1.25.md).

See [the CHANGELOG](https://github.com/kubernetes/kubernetes/blob/master/CHANGELOG/CHANGELOG-1.25.md) for more details.



",v1.26.4,1.25.9,True
kubernetes/kubernetes,99192787,v1.24.13,Kubernetes v1.24.13,2023-04-12 19:20:27+00:00,False,False,master,"
See [kubernetes-announce@](https://groups.google.com/forum/#!forum/kubernetes-announce). Additional binary downloads are linked in the [CHANGELOG](https://github.com/kubernetes/kubernetes/blob/master/CHANGELOG/CHANGELOG-1.24.md).

See [the CHANGELOG](https://github.com/kubernetes/kubernetes/blob/master/CHANGELOG/CHANGELOG-1.24.md) for more details.



",v1.25.9,1.24.13,True
kubernetes/kubernetes,99571135,v1.27.1,Kubernetes v1.27.1,2023-04-14 16:21:18+00:00,False,False,master,"
See [kubernetes-announce@](https://groups.google.com/forum/#!forum/kubernetes-announce). Additional binary downloads are linked in the [CHANGELOG](https://github.com/kubernetes/kubernetes/blob/master/CHANGELOG/CHANGELOG-1.27.md).

See [the CHANGELOG](https://github.com/kubernetes/kubernetes/blob/master/CHANGELOG/CHANGELOG-1.27.md) for more details.



",v1.24.13,1.27.1,True
kubernetes/kubernetes,103386457,v1.26.5,Kubernetes v1.26.5,2023-05-17 21:55:19+00:00,False,False,master,"
See [kubernetes-announce@](https://groups.google.com/forum/#!forum/kubernetes-announce). Additional binary downloads are linked in the [CHANGELOG](https://github.com/kubernetes/kubernetes/blob/master/CHANGELOG/CHANGELOG-1.26.md).

See [the CHANGELOG](https://github.com/kubernetes/kubernetes/blob/master/CHANGELOG/CHANGELOG-1.26.md) for more details.



",v1.25.10,1.26.5,True
kubernetes/kubernetes,103386495,v1.27.2,Kubernetes v1.27.2,2023-05-17 21:55:39+00:00,False,False,master,"
See [kubernetes-announce@](https://groups.google.com/forum/#!forum/kubernetes-announce). Additional binary downloads are linked in the [CHANGELOG](https://github.com/kubernetes/kubernetes/blob/master/CHANGELOG/CHANGELOG-1.27.md).

See [the CHANGELOG](https://github.com/kubernetes/kubernetes/blob/master/CHANGELOG/CHANGELOG-1.27.md) for more details.



",v1.26.5,1.27.2,True
kubernetes/kubernetes,103393064,v1.24.14,Kubernetes v1.24.14,2023-05-17 23:53:16+00:00,False,False,master,"
See [kubernetes-announce@](https://groups.google.com/forum/#!forum/kubernetes-announce). Additional binary downloads are linked in the [CHANGELOG](https://github.com/kubernetes/kubernetes/blob/master/CHANGELOG/CHANGELOG-1.24.md).

See [the CHANGELOG](https://github.com/kubernetes/kubernetes/blob/master/CHANGELOG/CHANGELOG-1.24.md) for more details.



",v1.27.2,1.24.14,True
kubernetes/kubernetes,103395497,v1.25.10,Kubernetes v1.25.10,2023-05-18 00:47:41+00:00,False,False,master,"
See [kubernetes-announce@](https://groups.google.com/forum/#!forum/kubernetes-announce). Additional binary downloads are linked in the [CHANGELOG](https://github.com/kubernetes/kubernetes/blob/master/CHANGELOG/CHANGELOG-1.25.md).

See [the CHANGELOG](https://github.com/kubernetes/kubernetes/blob/master/CHANGELOG/CHANGELOG-1.25.md) for more details.



",v1.27.1,1.25.10,True
kubernetes/kubernetes,105445573,v1.28.0-alpha.1,Kubernetes v1.28.0-alpha.1,2023-05-31 00:22:11+00:00,True,False,master,"
See [kubernetes-announce@](https://groups.google.com/forum/#!forum/kubernetes-announce). Additional binary downloads are linked in the [CHANGELOG](https://github.com/kubernetes/kubernetes/blob/master/CHANGELOG/CHANGELOG-1.28.md).

See [the CHANGELOG](https://github.com/kubernetes/kubernetes/blob/master/CHANGELOG/CHANGELOG-1.28.md) for more details.



",v1.24.14,1.28.0-alpha.1,False
kubernetes/kubernetes,107914115,v1.28.0-alpha.2,Kubernetes v1.28.0-alpha.2,2023-06-08 23:34:12+00:00,True,False,master,"
See [kubernetes-announce@](https://groups.google.com/forum/#!forum/kubernetes-announce). Additional binary downloads are linked in the [CHANGELOG](https://github.com/kubernetes/kubernetes/blob/master/CHANGELOG/CHANGELOG-1.28.md).

See [the CHANGELOG](https://github.com/kubernetes/kubernetes/blob/master/CHANGELOG/CHANGELOG-1.28.md) for more details.



",v1.28.0-alpha.1,1.28.0-alpha.2,False
kubernetes/kubernetes,108620995,v1.24.15,Kubernetes v1.24.15,2023-06-14 18:12:24+00:00,False,False,master,"
See [kubernetes-announce@](https://groups.google.com/forum/#!forum/kubernetes-announce). Additional binary downloads are linked in the [CHANGELOG](https://github.com/kubernetes/kubernetes/blob/master/CHANGELOG/CHANGELOG-1.24.md).

See [the CHANGELOG](https://github.com/kubernetes/kubernetes/blob/master/CHANGELOG/CHANGELOG-1.24.md) for more details.



",v1.28.0-alpha.2,1.24.15,True
kubernetes/kubernetes,108627351,v1.25.11,Kubernetes v1.25.11,2023-06-14 19:06:18+00:00,False,False,master,"
See [kubernetes-announce@](https://groups.google.com/forum/#!forum/kubernetes-announce). Additional binary downloads are linked in the [CHANGELOG](https://github.com/kubernetes/kubernetes/blob/master/CHANGELOG/CHANGELOG-1.25.md).

See [the CHANGELOG](https://github.com/kubernetes/kubernetes/blob/master/CHANGELOG/CHANGELOG-1.25.md) for more details.



",v1.24.15,1.25.11,True
kubernetes/kubernetes,108637771,v1.26.6,Kubernetes v1.26.6,2023-06-14 20:31:05+00:00,False,False,master,"
See [kubernetes-announce@](https://groups.google.com/forum/#!forum/kubernetes-announce). Additional binary downloads are linked in the [CHANGELOG](https://github.com/kubernetes/kubernetes/blob/master/CHANGELOG/CHANGELOG-1.26.md).

See [the CHANGELOG](https://github.com/kubernetes/kubernetes/blob/master/CHANGELOG/CHANGELOG-1.26.md) for more details.



",v1.27.3,1.26.6,True
kubernetes/kubernetes,108644552,v1.27.3,Kubernetes v1.27.3,2023-06-14 21:36:39+00:00,False,False,master,"
See [kubernetes-announce@](https://groups.google.com/forum/#!forum/kubernetes-announce). Additional binary downloads are linked in the [CHANGELOG](https://github.com/kubernetes/kubernetes/blob/master/CHANGELOG/CHANGELOG-1.27.md).

See [the CHANGELOG](https://github.com/kubernetes/kubernetes/blob/master/CHANGELOG/CHANGELOG-1.27.md) for more details.



",v1.25.11,1.27.3,True
kubernetes/kubernetes,109260173,v1.28.0-alpha.3,Kubernetes v1.28.0-alpha.3,2023-06-20 17:03:19+00:00,True,False,master,"
See [kubernetes-announce@](https://groups.google.com/forum/#!forum/kubernetes-announce). Additional binary downloads are linked in the [CHANGELOG](https://github.com/kubernetes/kubernetes/blob/master/CHANGELOG/CHANGELOG-1.28.md).

See [the CHANGELOG](https://github.com/kubernetes/kubernetes/blob/master/CHANGELOG/CHANGELOG-1.28.md) for more details.



",v1.26.6,1.28.0-alpha.3,False
kubernetes/kubernetes,111345524,v1.28.0-alpha.4,Kubernetes v1.28.0-alpha.4,2023-07-07 00:15:07+00:00,True,False,master,"
See [kubernetes-announce@](https://groups.google.com/forum/#!forum/kubernetes-announce). Additional binary downloads are linked in the [CHANGELOG](https://github.com/kubernetes/kubernetes/blob/master/CHANGELOG/CHANGELOG-1.28.md).

See [the CHANGELOG](https://github.com/kubernetes/kubernetes/blob/master/CHANGELOG/CHANGELOG-1.28.md) for more details.



",v1.28.0-alpha.3,1.28.0-alpha.4,False
kubernetes/kubernetes,112862724,v1.27.4,Kubernetes v1.27.4,2023-07-19 19:02:18+00:00,False,False,master,"
See [kubernetes-announce@](https://groups.google.com/forum/#!forum/kubernetes-announce). Additional binary downloads are linked in the [CHANGELOG](https://github.com/kubernetes/kubernetes/blob/master/CHANGELOG/CHANGELOG-1.27.md).

See [the CHANGELOG](https://github.com/kubernetes/kubernetes/blob/master/CHANGELOG/CHANGELOG-1.27.md) for more details.



",v1.28.0-alpha.4,1.27.4,True
kubernetes/kubernetes,112870721,v1.26.7,Kubernetes v1.26.7,2023-07-19 19:54:38+00:00,False,False,master,"
See [kubernetes-announce@](https://groups.google.com/forum/#!forum/kubernetes-announce). Additional binary downloads are linked in the [CHANGELOG](https://github.com/kubernetes/kubernetes/blob/master/CHANGELOG/CHANGELOG-1.26.md).

See [the CHANGELOG](https://github.com/kubernetes/kubernetes/blob/master/CHANGELOG/CHANGELOG-1.26.md) for more details.



",v1.25.12,1.26.7,True
kubernetes/kubernetes,112875833,v1.25.12,Kubernetes v1.25.12,2023-07-19 20:39:27+00:00,False,False,master,"
See [kubernetes-announce@](https://groups.google.com/forum/#!forum/kubernetes-announce). Additional binary downloads are linked in the [CHANGELOG](https://github.com/kubernetes/kubernetes/blob/master/CHANGELOG/CHANGELOG-1.25.md).

See [the CHANGELOG](https://github.com/kubernetes/kubernetes/blob/master/CHANGELOG/CHANGELOG-1.25.md) for more details.



",v1.27.4,1.25.12,True
kubernetes/kubernetes,112879656,v1.24.16,Kubernetes v1.24.16,2023-07-19 21:20:11+00:00,False,False,master,"
See [kubernetes-announce@](https://groups.google.com/forum/#!forum/kubernetes-announce). Additional binary downloads are linked in the [CHANGELOG](https://github.com/kubernetes/kubernetes/blob/master/CHANGELOG/CHANGELOG-1.24.md).

See [the CHANGELOG](https://github.com/kubernetes/kubernetes/blob/master/CHANGELOG/CHANGELOG-1.24.md) for more details.



",v1.26.7,1.24.16,True
kubernetes/kubernetes,113138130,v1.28.0-beta.0,Kubernetes v1.28.0-beta.0,2023-07-21 16:37:56+00:00,True,False,master,"
See [kubernetes-announce@](https://groups.google.com/forum/#!forum/kubernetes-announce). Additional binary downloads are linked in the [CHANGELOG](https://github.com/kubernetes/kubernetes/blob/master/CHANGELOG/CHANGELOG-1.28.md).

See [the CHANGELOG](https://github.com/kubernetes/kubernetes/blob/master/CHANGELOG/CHANGELOG-1.28.md) for more details.



",v1.24.16,1.28.0-beta.0,False
kubernetes/kubernetes,113634272,v1.28.0-rc.0,Kubernetes v1.28.0-rc.0,2023-07-26 09:07:52+00:00,True,False,master,"
See [kubernetes-announce@](https://groups.google.com/forum/#!forum/kubernetes-announce). Additional binary downloads are linked in the [CHANGELOG](https://github.com/kubernetes/kubernetes/blob/master/CHANGELOG/CHANGELOG-1.28.md).

See [the CHANGELOG](https://github.com/kubernetes/kubernetes/blob/master/CHANGELOG/CHANGELOG-1.28.md) for more details.



",v1.28.0-beta.0,1.28.0-rc.0,False
kubernetes/kubernetes,116001040,v1.28.0-rc.1,Kubernetes v1.28.0-rc.1,2023-08-10 23:44:37+00:00,True,False,master,"
See [kubernetes-announce@](https://groups.google.com/forum/#!forum/kubernetes-announce). Additional binary downloads are linked in the [CHANGELOG](https://github.com/kubernetes/kubernetes/blob/master/CHANGELOG/CHANGELOG-1.28.md).

See [the CHANGELOG](https://github.com/kubernetes/kubernetes/blob/master/CHANGELOG/CHANGELOG-1.28.md) for more details.



",v1.28.0-rc.0,1.28.0-rc.1,False
kubernetes/kubernetes,117338250,v1.28.0,Kubernetes v1.28.0,2023-08-15 17:00:03+00:00,False,False,master,"
See [kubernetes-announce@](https://groups.google.com/forum/#!forum/kubernetes-announce). Additional binary downloads are linked in the [CHANGELOG](https://github.com/kubernetes/kubernetes/blob/master/CHANGELOG/CHANGELOG-1.28.md).

See [the CHANGELOG](https://github.com/kubernetes/kubernetes/blob/master/CHANGELOG/CHANGELOG-1.28.md) for more details.



",v1.28.0-rc.1,1.28.0,True
kubernetes/kubernetes,118493643,v1.24.17,Kubernetes v1.24.17,2023-08-24 04:04:54+00:00,False,False,master,"
See [kubernetes-announce@](https://groups.google.com/forum/#!forum/kubernetes-announce). Additional binary downloads are linked in the [CHANGELOG](https://github.com/kubernetes/kubernetes/blob/master/CHANGELOG/CHANGELOG-1.24.md).

See [the CHANGELOG](https://github.com/kubernetes/kubernetes/blob/master/CHANGELOG/CHANGELOG-1.24.md) for more details.



",v1.28.0,1.24.17,True
kubernetes/kubernetes,118493759,v1.25.13,Kubernetes v1.25.13,2023-08-24 04:07:13+00:00,False,False,master,"
See [kubernetes-announce@](https://groups.google.com/forum/#!forum/kubernetes-announce). Additional binary downloads are linked in the [CHANGELOG](https://github.com/kubernetes/kubernetes/blob/master/CHANGELOG/CHANGELOG-1.25.md).

See [the CHANGELOG](https://github.com/kubernetes/kubernetes/blob/master/CHANGELOG/CHANGELOG-1.25.md) for more details.



",v1.24.17,1.25.13,True
kubernetes/kubernetes,118498412,v1.26.8,Kubernetes v1.26.8,2023-08-24 05:35:47+00:00,False,False,master,"
See [kubernetes-announce@](https://groups.google.com/forum/#!forum/kubernetes-announce). Additional binary downloads are linked in the [CHANGELOG](https://github.com/kubernetes/kubernetes/blob/master/CHANGELOG/CHANGELOG-1.26.md).

See [the CHANGELOG](https://github.com/kubernetes/kubernetes/blob/master/CHANGELOG/CHANGELOG-1.26.md) for more details.



",v1.27.5,1.26.8,True
kubernetes/kubernetes,118524649,v1.27.5,Kubernetes v1.27.5,2023-08-24 09:28:07+00:00,False,False,master,"
See [kubernetes-announce@](https://groups.google.com/forum/#!forum/kubernetes-announce). Additional binary downloads are linked in the [CHANGELOG](https://github.com/kubernetes/kubernetes/blob/master/CHANGELOG/CHANGELOG-1.27.md).

See [the CHANGELOG](https://github.com/kubernetes/kubernetes/blob/master/CHANGELOG/CHANGELOG-1.27.md) for more details.



",v1.25.13,1.27.5,True
kubernetes/kubernetes,118562913,v1.28.1,Kubernetes v1.28.1,2023-08-24 13:58:23+00:00,False,False,master,"
See [kubernetes-announce@](https://groups.google.com/forum/#!forum/kubernetes-announce). Additional binary downloads are linked in the [CHANGELOG](https://github.com/kubernetes/kubernetes/blob/master/CHANGELOG/CHANGELOG-1.28.md).

See [the CHANGELOG](https://github.com/kubernetes/kubernetes/blob/master/CHANGELOG/CHANGELOG-1.28.md) for more details.



",v1.26.8,1.28.1,True
kubernetes/kubernetes,121009496,v1.28.2,Kubernetes v1.28.2,2023-09-13 18:06:30+00:00,False,False,master,"
See [kubernetes-announce@](https://groups.google.com/forum/#!forum/kubernetes-announce). Additional binary downloads are linked in the [CHANGELOG](https://github.com/kubernetes/kubernetes/blob/master/CHANGELOG/CHANGELOG-1.28.md).

See [the CHANGELOG](https://github.com/kubernetes/kubernetes/blob/master/CHANGELOG/CHANGELOG-1.28.md) for more details.



",v1.27.6,1.28.2,True
kubernetes/kubernetes,121011208,v1.27.6,Kubernetes v1.27.6,2023-09-13 18:20:37+00:00,False,False,master,"
See [kubernetes-announce@](https://groups.google.com/forum/#!forum/kubernetes-announce). Additional binary downloads are linked in the [CHANGELOG](https://github.com/kubernetes/kubernetes/blob/master/CHANGELOG/CHANGELOG-1.27.md).

See [the CHANGELOG](https://github.com/kubernetes/kubernetes/blob/master/CHANGELOG/CHANGELOG-1.27.md) for more details.



",v1.25.14,1.27.6,True
kubernetes/kubernetes,121027792,v1.26.9,Kubernetes v1.26.9,2023-09-13 20:17:17+00:00,False,False,master,"
See [kubernetes-announce@](https://groups.google.com/forum/#!forum/kubernetes-announce). Additional binary downloads are linked in the [CHANGELOG](https://github.com/kubernetes/kubernetes/blob/master/CHANGELOG/CHANGELOG-1.26.md).

See [the CHANGELOG](https://github.com/kubernetes/kubernetes/blob/master/CHANGELOG/CHANGELOG-1.26.md) for more details.



",v1.28.2,1.26.9,True
kubernetes/kubernetes,121033600,v1.25.14,Kubernetes v1.25.14,2023-09-13 21:03:07+00:00,False,False,master,"
See [kubernetes-announce@](https://groups.google.com/forum/#!forum/kubernetes-announce). Additional binary downloads are linked in the [CHANGELOG](https://github.com/kubernetes/kubernetes/blob/master/CHANGELOG/CHANGELOG-1.25.md).

See [the CHANGELOG](https://github.com/kubernetes/kubernetes/blob/master/CHANGELOG/CHANGELOG-1.25.md) for more details.



",v1.28.1,1.25.14,True
kubernetes/kubernetes,122515658,v1.29.0-alpha.1,Kubernetes v1.29.0-alpha.1,2023-09-25 20:57:29+00:00,True,False,master,"
See [kubernetes-announce@](https://groups.google.com/forum/#!forum/kubernetes-announce). Additional binary downloads are linked in the [CHANGELOG](https://github.com/kubernetes/kubernetes/blob/master/CHANGELOG/CHANGELOG-1.29.md).

See [the CHANGELOG](https://github.com/kubernetes/kubernetes/blob/master/CHANGELOG/CHANGELOG-1.29.md) for more details.



",v1.26.9,1.29.0-alpha.1,False
kubernetes/kubernetes,124675930,v1.29.0-alpha.2,Kubernetes v1.29.0-alpha.2,2023-10-11 19:17:05+00:00,True,False,master,"
See [kubernetes-announce@](https://groups.google.com/forum/#!forum/kubernetes-announce). Additional binary downloads are linked in the [CHANGELOG](https://github.com/kubernetes/kubernetes/blob/master/CHANGELOG/CHANGELOG-1.29.md).

See [the CHANGELOG](https://github.com/kubernetes/kubernetes/blob/master/CHANGELOG/CHANGELOG-1.29.md) for more details.



",v1.29.0-alpha.1,1.29.0-alpha.2,False
kubernetes/kubernetes,125627999,v1.28.3,Kubernetes v1.28.3,2023-10-18 14:36:22+00:00,False,False,master,"
See [kubernetes-announce@](https://groups.google.com/forum/#!forum/kubernetes-announce). Additional binary downloads are linked in the [CHANGELOG](https://github.com/kubernetes/kubernetes/blob/master/CHANGELOG/CHANGELOG-1.28.md).

See [the CHANGELOG](https://github.com/kubernetes/kubernetes/blob/master/CHANGELOG/CHANGELOG-1.28.md) for more details.



",v1.29.0-alpha.2,1.28.3,True
kubernetes/kubernetes,125636180,v1.27.7,Kubernetes v1.27.7,2023-10-18 15:16:00+00:00,False,False,master,"
See [kubernetes-announce@](https://groups.google.com/forum/#!forum/kubernetes-announce). Additional binary downloads are linked in the [CHANGELOG](https://github.com/kubernetes/kubernetes/blob/master/CHANGELOG/CHANGELOG-1.27.md).

See [the CHANGELOG](https://github.com/kubernetes/kubernetes/blob/master/CHANGELOG/CHANGELOG-1.27.md) for more details.



",v1.28.3,1.27.7,True
kubernetes/kubernetes,125643604,v1.26.10,Kubernetes v1.26.10,2023-10-18 15:47:07+00:00,False,False,master,"
See [kubernetes-announce@](https://groups.google.com/forum/#!forum/kubernetes-announce). Additional binary downloads are linked in the [CHANGELOG](https://github.com/kubernetes/kubernetes/blob/master/CHANGELOG/CHANGELOG-1.26.md).

See [the CHANGELOG](https://github.com/kubernetes/kubernetes/blob/master/CHANGELOG/CHANGELOG-1.26.md) for more details.



",v1.27.7,1.26.10,True
kubernetes/kubernetes,125649052,v1.25.15,Kubernetes v1.25.15,2023-10-18 16:20:06+00:00,False,False,master,"
See [kubernetes-announce@](https://groups.google.com/forum/#!forum/kubernetes-announce). Additional binary downloads are linked in the [CHANGELOG](https://github.com/kubernetes/kubernetes/blob/master/CHANGELOG/CHANGELOG-1.25.md).

See [the CHANGELOG](https://github.com/kubernetes/kubernetes/blob/master/CHANGELOG/CHANGELOG-1.25.md) for more details.



",v1.26.10,1.25.15,True
kubernetes/kubernetes,127765073,v1.29.0-alpha.3,Kubernetes v1.29.0-alpha.3,2023-11-02 21:39:29+00:00,True,False,master,"
See [kubernetes-announce@](https://groups.google.com/forum/#!forum/kubernetes-announce). Additional binary downloads are linked in the [CHANGELOG](https://github.com/kubernetes/kubernetes/blob/master/CHANGELOG/CHANGELOG-1.29.md).

See [the CHANGELOG](https://github.com/kubernetes/kubernetes/blob/master/CHANGELOG/CHANGELOG-1.29.md) for more details.



",v1.25.15,1.29.0-alpha.3,False
kubernetes/kubernetes,129613920,v1.28.4,Kubernetes v1.28.4,2023-11-15 19:43:03+00:00,False,False,master,"
See [kubernetes-announce@](https://groups.google.com/forum/#!forum/kubernetes-announce). Additional binary downloads are linked in the [CHANGELOG](https://github.com/kubernetes/kubernetes/blob/master/CHANGELOG/CHANGELOG-1.28.md).

See [the CHANGELOG](https://github.com/kubernetes/kubernetes/blob/master/CHANGELOG/CHANGELOG-1.28.md) for more details.



",v1.29.0-alpha.3,1.28.4,True
kubernetes/kubernetes,129616500,v1.27.8,Kubernetes v1.27.8,2023-11-15 20:05:57+00:00,False,False,master,"
See [kubernetes-announce@](https://groups.google.com/forum/#!forum/kubernetes-announce). Additional binary downloads are linked in the [CHANGELOG](https://github.com/kubernetes/kubernetes/blob/master/CHANGELOG/CHANGELOG-1.27.md).

See [the CHANGELOG](https://github.com/kubernetes/kubernetes/blob/master/CHANGELOG/CHANGELOG-1.27.md) for more details.



",v1.28.4,1.27.8,True
kubernetes/kubernetes,129622209,v1.26.11,Kubernetes v1.26.11,2023-11-15 20:43:58+00:00,False,False,master,"
See [kubernetes-announce@](https://groups.google.com/forum/#!forum/kubernetes-announce). Additional binary downloads are linked in the [CHANGELOG](https://github.com/kubernetes/kubernetes/blob/master/CHANGELOG/CHANGELOG-1.26.md).

See [the CHANGELOG](https://github.com/kubernetes/kubernetes/blob/master/CHANGELOG/CHANGELOG-1.26.md) for more details.



",v1.27.8,1.26.11,True
kubernetes/kubernetes,129714744,v1.25.16,Kubernetes v1.25.16,2023-11-16 11:30:38+00:00,False,False,master,"
See [kubernetes-announce@](https://groups.google.com/forum/#!forum/kubernetes-announce). Additional binary downloads are linked in the [CHANGELOG](https://github.com/kubernetes/kubernetes/blob/master/CHANGELOG/CHANGELOG-1.25.md).

See [the CHANGELOG](https://github.com/kubernetes/kubernetes/blob/master/CHANGELOG/CHANGELOG-1.25.md) for more details.



",v1.26.11,1.25.16,True
kubernetes/kubernetes,130843205,v1.29.0-rc.0,Kubernetes v1.29.0-rc.0,2023-11-22 00:49:30+00:00,True,False,master,"
See [kubernetes-announce@](https://groups.google.com/forum/#!forum/kubernetes-announce). Additional binary downloads are linked in the [CHANGELOG](https://github.com/kubernetes/kubernetes/blob/master/CHANGELOG/CHANGELOG-1.29.md).

See [the CHANGELOG](https://github.com/kubernetes/kubernetes/blob/master/CHANGELOG/CHANGELOG-1.29.md) for more details.



",v1.25.16,1.29.0-rc.0,False
kubernetes/kubernetes,131738959,v1.29.0-rc.1,Kubernetes v1.29.0-rc.1,2023-11-28 13:45:08+00:00,True,False,master,"
See [kubernetes-announce@](https://groups.google.com/forum/#!forum/kubernetes-announce). Additional binary downloads are linked in the [CHANGELOG](https://github.com/kubernetes/kubernetes/blob/master/CHANGELOG/CHANGELOG-1.29.md).

See [the CHANGELOG](https://github.com/kubernetes/kubernetes/blob/master/CHANGELOG/CHANGELOG-1.29.md) for more details.



",v1.29.0-rc.0,1.29.0-rc.1,False
kubernetes/kubernetes,133158025,v1.29.0-rc.2,Kubernetes v1.29.0-rc.2,2023-12-08 10:48:58+00:00,True,False,master,"
See [kubernetes-announce@](https://groups.google.com/forum/#!forum/kubernetes-announce). Additional binary downloads are linked in the [CHANGELOG](https://github.com/kubernetes/kubernetes/blob/master/CHANGELOG/CHANGELOG-1.29.md).

See [the CHANGELOG](https://github.com/kubernetes/kubernetes/blob/master/CHANGELOG/CHANGELOG-1.29.md) for more details.



",v1.29.0-rc.1,1.29.0-rc.2,False
kubernetes/kubernetes,133777858,v1.29.0,Kubernetes v1.29.0,2023-12-13 16:34:20+00:00,False,False,master,"
See [kubernetes-announce@](https://groups.google.com/forum/#!forum/kubernetes-announce). Additional binary downloads are linked in the [CHANGELOG](https://github.com/kubernetes/kubernetes/blob/master/CHANGELOG/CHANGELOG-1.29.md).

See [the CHANGELOG](https://github.com/kubernetes/kubernetes/blob/master/CHANGELOG/CHANGELOG-1.29.md) for more details.



",v1.29.0-rc.2,1.29.0,True
kubernetes/kubernetes,134607215,v1.27.9,Kubernetes v1.27.9,2023-12-20 11:14:33+00:00,False,False,master,"
See [kubernetes-announce@](https://groups.google.com/forum/#!forum/kubernetes-announce). Additional binary downloads are linked in the [CHANGELOG](https://github.com/kubernetes/kubernetes/blob/master/CHANGELOG/CHANGELOG-1.27.md).

See [the CHANGELOG](https://github.com/kubernetes/kubernetes/blob/master/CHANGELOG/CHANGELOG-1.27.md) for more details.



",v1.29.0,1.27.9,True
kubernetes/kubernetes,134624427,v1.28.5,Kubernetes v1.28.5,2023-12-20 13:23:37+00:00,False,False,master,"
See [kubernetes-announce@](https://groups.google.com/forum/#!forum/kubernetes-announce). Additional binary downloads are linked in the [CHANGELOG](https://github.com/kubernetes/kubernetes/blob/master/CHANGELOG/CHANGELOG-1.28.md).

See [the CHANGELOG](https://github.com/kubernetes/kubernetes/blob/master/CHANGELOG/CHANGELOG-1.28.md) for more details.



",v1.26.12,1.28.5,True
kubernetes/kubernetes,134624945,v1.26.12,Kubernetes v1.26.12,2023-12-20 13:27:00+00:00,False,False,master,"
See [kubernetes-announce@](https://groups.google.com/forum/#!forum/kubernetes-announce). Additional binary downloads are linked in the [CHANGELOG](https://github.com/kubernetes/kubernetes/blob/master/CHANGELOG/CHANGELOG-1.26.md).

See [the CHANGELOG](https://github.com/kubernetes/kubernetes/blob/master/CHANGELOG/CHANGELOG-1.26.md) for more details.



",v1.27.9,1.26.12,True
kubernetes/kubernetes,137446153,v1.29.1,Kubernetes v1.29.1,2024-01-17 19:37:29+00:00,False,False,master,"
See [kubernetes-announce@](https://groups.google.com/forum/#!forum/kubernetes-announce). Additional binary downloads are linked in the [CHANGELOG](https://github.com/kubernetes/kubernetes/blob/master/CHANGELOG/CHANGELOG-1.29.md).

See [the CHANGELOG](https://github.com/kubernetes/kubernetes/blob/master/CHANGELOG/CHANGELOG-1.29.md) for more details.



",v1.28.6,1.29.1,True
kubernetes/kubernetes,137446434,v1.27.10,Kubernetes v1.27.10,2024-01-17 19:40:02+00:00,False,False,master,"
See [kubernetes-announce@](https://groups.google.com/forum/#!forum/kubernetes-announce). Additional binary downloads are linked in the [CHANGELOG](https://github.com/kubernetes/kubernetes/blob/master/CHANGELOG/CHANGELOG-1.27.md).

See [the CHANGELOG](https://github.com/kubernetes/kubernetes/blob/master/CHANGELOG/CHANGELOG-1.27.md) for more details.



",v1.26.13,1.27.10,True
kubernetes/kubernetes,137446444,v1.28.6,Kubernetes v1.28.6,2024-01-17 19:40:09+00:00,False,False,master,"
See [kubernetes-announce@](https://groups.google.com/forum/#!forum/kubernetes-announce). Additional binary downloads are linked in the [CHANGELOG](https://github.com/kubernetes/kubernetes/blob/master/CHANGELOG/CHANGELOG-1.28.md).

See [the CHANGELOG](https://github.com/kubernetes/kubernetes/blob/master/CHANGELOG/CHANGELOG-1.28.md) for more details.



",v1.27.10,1.28.6,True
kubernetes/kubernetes,137446709,v1.26.13,Kubernetes v1.26.13,2024-01-17 19:42:17+00:00,False,False,master,"
See [kubernetes-announce@](https://groups.google.com/forum/#!forum/kubernetes-announce). Additional binary downloads are linked in the [CHANGELOG](https://github.com/kubernetes/kubernetes/blob/master/CHANGELOG/CHANGELOG-1.26.md).

See [the CHANGELOG](https://github.com/kubernetes/kubernetes/blob/master/CHANGELOG/CHANGELOG-1.26.md) for more details.



",v1.28.5,1.26.13,True
kubernetes/kubernetes,139385470,v1.30.0-alpha.1,Kubernetes v1.30.0-alpha.1,2024-01-31 19:48:16+00:00,True,False,master,"
See [kubernetes-announce@](https://groups.google.com/forum/#!forum/kubernetes-announce). Additional binary downloads are linked in the [CHANGELOG](https://github.com/kubernetes/kubernetes/blob/master/CHANGELOG/CHANGELOG-1.30.md).

See [the CHANGELOG](https://github.com/kubernetes/kubernetes/blob/master/CHANGELOG/CHANGELOG-1.30.md) for more details.



",v1.29.1,1.30.0-alpha.1,False
kubernetes/kubernetes,141921552,v1.30.0-alpha.2,Kubernetes v1.30.0-alpha.2,2024-02-14 05:11:21+00:00,True,False,master,"
See [kubernetes-announce@](https://groups.google.com/forum/#!forum/kubernetes-announce). Additional binary downloads are linked in the [CHANGELOG](https://github.com/kubernetes/kubernetes/blob/master/CHANGELOG/CHANGELOG-1.30.md).

See [the CHANGELOG](https://github.com/kubernetes/kubernetes/blob/master/CHANGELOG/CHANGELOG-1.30.md) for more details.



",v1.30.0-alpha.1,1.30.0-alpha.2,False
kubernetes/kubernetes,142006393,v1.28.7,Kubernetes v1.28.7,2024-02-14 15:49:40+00:00,False,False,master,"
See [kubernetes-announce@](https://groups.google.com/forum/#!forum/kubernetes-announce). Additional binary downloads are linked in the [CHANGELOG](https://github.com/kubernetes/kubernetes/blob/master/CHANGELOG/CHANGELOG-1.28.md).

See [the CHANGELOG](https://github.com/kubernetes/kubernetes/blob/master/CHANGELOG/CHANGELOG-1.28.md) for more details.



",v1.27.11,1.28.7,True
kubernetes/kubernetes,142007294,v1.27.11,Kubernetes v1.27.11,2024-02-14 15:51:57+00:00,False,False,master,"
See [kubernetes-announce@](https://groups.google.com/forum/#!forum/kubernetes-announce). Additional binary downloads are linked in the [CHANGELOG](https://github.com/kubernetes/kubernetes/blob/master/CHANGELOG/CHANGELOG-1.27.md).

See [the CHANGELOG](https://github.com/kubernetes/kubernetes/blob/master/CHANGELOG/CHANGELOG-1.27.md) for more details.



",v1.26.14,1.27.11,True
kubernetes/kubernetes,142009935,v1.26.14,Kubernetes v1.26.14,2024-02-14 16:07:53+00:00,False,False,master,"
See [kubernetes-announce@](https://groups.google.com/forum/#!forum/kubernetes-announce). Additional binary downloads are linked in the [CHANGELOG](https://github.com/kubernetes/kubernetes/blob/master/CHANGELOG/CHANGELOG-1.26.md).

See [the CHANGELOG](https://github.com/kubernetes/kubernetes/blob/master/CHANGELOG/CHANGELOG-1.26.md) for more details.



",v1.30.0-alpha.2,1.26.14,True
kubernetes/kubernetes,142028094,v1.29.2,Kubernetes v1.29.2,2024-02-14 18:01:57+00:00,False,False,master,"
See [kubernetes-announce@](https://groups.google.com/forum/#!forum/kubernetes-announce). Additional binary downloads are linked in the [CHANGELOG](https://github.com/kubernetes/kubernetes/blob/master/CHANGELOG/CHANGELOG-1.29.md).

See [the CHANGELOG](https://github.com/kubernetes/kubernetes/blob/master/CHANGELOG/CHANGELOG-1.29.md) for more details.



",v1.28.7,1.29.2,True
kubernetes/kubernetes,143936515,v1.30.0-alpha.3,Kubernetes v1.30.0-alpha.3,2024-02-28 05:37:33+00:00,True,False,master,"
See [kubernetes-announce@](https://groups.google.com/forum/#!forum/kubernetes-announce). Additional binary downloads are linked in the [CHANGELOG](https://github.com/kubernetes/kubernetes/blob/master/CHANGELOG/CHANGELOG-1.30.md).

See [the CHANGELOG](https://github.com/kubernetes/kubernetes/blob/master/CHANGELOG/CHANGELOG-1.30.md) for more details.



",v1.29.2,1.30.0-alpha.3,False
kubernetes/kubernetes,146197466,v1.30.0-beta.0,Kubernetes v1.30.0-beta.0,2024-03-13 05:40:09+00:00,True,False,master,"
See [kubernetes-announce@](https://groups.google.com/forum/#!forum/kubernetes-announce). Additional binary downloads are linked in the [CHANGELOG](https://github.com/kubernetes/kubernetes/blob/master/CHANGELOG/CHANGELOG-1.30.md).

See [the CHANGELOG](https://github.com/kubernetes/kubernetes/blob/master/CHANGELOG/CHANGELOG-1.30.md) for more details.



",v1.30.0-alpha.3,1.30.0-beta.0,False
kubernetes/kubernetes,146625039,v1.26.15,Kubernetes v1.26.15,2024-03-14 16:24:57+00:00,False,False,master,"
See [kubernetes-announce@](https://groups.google.com/forum/#!forum/kubernetes-announce). Additional binary downloads are linked in the [CHANGELOG](https://github.com/kubernetes/kubernetes/blob/master/CHANGELOG/CHANGELOG-1.26.md).

See [the CHANGELOG](https://github.com/kubernetes/kubernetes/blob/master/CHANGELOG/CHANGELOG-1.26.md) for more details.



",v1.30.0-beta.0,1.26.15,True
kubernetes/kubernetes,146834793,v1.28.8,Kubernetes v1.28.8,2024-03-15 18:53:33+00:00,False,False,master,"
See [kubernetes-announce@](https://groups.google.com/forum/#!forum/kubernetes-announce). Additional binary downloads are linked in the [CHANGELOG](https://github.com/kubernetes/kubernetes/blob/master/CHANGELOG/CHANGELOG-1.28.md).

See [the CHANGELOG](https://github.com/kubernetes/kubernetes/blob/master/CHANGELOG/CHANGELOG-1.28.md) for more details.



",v1.29.3,1.28.8,True
kubernetes/kubernetes,146839948,v1.27.12,Kubernetes v1.27.12,2024-03-15 19:26:37+00:00,False,False,master,"
See [kubernetes-announce@](https://groups.google.com/forum/#!forum/kubernetes-announce). Additional binary downloads are linked in the [CHANGELOG](https://github.com/kubernetes/kubernetes/blob/master/CHANGELOG/CHANGELOG-1.27.md).

See [the CHANGELOG](https://github.com/kubernetes/kubernetes/blob/master/CHANGELOG/CHANGELOG-1.27.md) for more details.



",v1.28.8,1.27.12,True
kubernetes/kubernetes,146845361,v1.29.3,Kubernetes v1.29.3,2024-03-15 20:15:39+00:00,False,False,master,"
See [kubernetes-announce@](https://groups.google.com/forum/#!forum/kubernetes-announce). Additional binary downloads are linked in the [CHANGELOG](https://github.com/kubernetes/kubernetes/blob/master/CHANGELOG/CHANGELOG-1.29.md).

See [the CHANGELOG](https://github.com/kubernetes/kubernetes/blob/master/CHANGELOG/CHANGELOG-1.29.md) for more details.



",v1.26.15,1.29.3,True
kubernetes/kubernetes,148633973,v1.30.0-rc.0,Kubernetes v1.30.0-rc.0,2024-03-27 09:49:57+00:00,True,False,master,"
See [kubernetes-announce@](https://groups.google.com/forum/#!forum/kubernetes-announce). Additional binary downloads are linked in the [CHANGELOG](https://github.com/kubernetes/kubernetes/blob/master/CHANGELOG/CHANGELOG-1.30.md).

See [the CHANGELOG](https://github.com/kubernetes/kubernetes/blob/master/CHANGELOG/CHANGELOG-1.30.md) for more details.



",v1.27.12,1.30.0-rc.0,False
kubernetes/kubernetes,149488797,v1.30.0-rc.1,Kubernetes v1.30.0-rc.1,2024-04-02 23:15:00+00:00,True,False,master,"
See [kubernetes-announce@](https://groups.google.com/forum/#!forum/kubernetes-announce). Additional binary downloads are linked in the [CHANGELOG](https://github.com/kubernetes/kubernetes/blob/master/CHANGELOG/CHANGELOG-1.30.md).

See [the CHANGELOG](https://github.com/kubernetes/kubernetes/blob/master/CHANGELOG/CHANGELOG-1.30.md) for more details.



",v1.30.0-rc.0,1.30.0-rc.1,False
kubernetes/kubernetes,150818961,v1.30.0-rc.2,Kubernetes v1.30.0-rc.2,2024-04-11 19:48:27+00:00,True,False,master,"
See [kubernetes-announce@](https://groups.google.com/forum/#!forum/kubernetes-announce). Additional binary downloads are linked in the [CHANGELOG](https://github.com/kubernetes/kubernetes/blob/master/CHANGELOG/CHANGELOG-1.30.md).

See [the CHANGELOG](https://github.com/kubernetes/kubernetes/blob/master/CHANGELOG/CHANGELOG-1.30.md) for more details.



",v1.30.0-rc.1,1.30.0-rc.2,False
kubernetes/kubernetes,151435050,v1.27.13,Kubernetes v1.27.13,2024-04-16 19:33:16+00:00,False,False,master,"
See [kubernetes-announce@](https://groups.google.com/forum/#!forum/kubernetes-announce). Additional binary downloads are linked in the [CHANGELOG](https://github.com/kubernetes/kubernetes/blob/master/CHANGELOG/CHANGELOG-1.27.md).

See [the CHANGELOG](https://github.com/kubernetes/kubernetes/blob/master/CHANGELOG/CHANGELOG-1.27.md) for more details.



",v1.30.0-rc.2,1.27.13,True
kubernetes/kubernetes,151445084,v1.28.9,Kubernetes v1.28.9,2024-04-16 20:44:54+00:00,False,False,master,"
See [kubernetes-announce@](https://groups.google.com/forum/#!forum/kubernetes-announce). Additional binary downloads are linked in the [CHANGELOG](https://github.com/kubernetes/kubernetes/blob/master/CHANGELOG/CHANGELOG-1.28.md).

See [the CHANGELOG](https://github.com/kubernetes/kubernetes/blob/master/CHANGELOG/CHANGELOG-1.28.md) for more details.



",v1.27.13,1.28.9,True
kubernetes/kubernetes,151451712,v1.29.4,Kubernetes v1.29.4,2024-04-16 21:41:11+00:00,False,False,master,"
See [kubernetes-announce@](https://groups.google.com/forum/#!forum/kubernetes-announce). Additional binary downloads are linked in the [CHANGELOG](https://github.com/kubernetes/kubernetes/blob/master/CHANGELOG/CHANGELOG-1.29.md).

See [the CHANGELOG](https://github.com/kubernetes/kubernetes/blob/master/CHANGELOG/CHANGELOG-1.29.md) for more details.



",v1.28.9,1.29.4,True
kubernetes/kubernetes,151633234,v1.30.0,Kubernetes v1.30.0,2024-04-17 20:45:16+00:00,False,False,master,"
See [kubernetes-announce@](https://groups.google.com/forum/#!forum/kubernetes-announce). Additional binary downloads are linked in the [CHANGELOG](https://github.com/kubernetes/kubernetes/blob/master/CHANGELOG/CHANGELOG-1.30.md).

See [the CHANGELOG](https://github.com/kubernetes/kubernetes/blob/master/CHANGELOG/CHANGELOG-1.30.md) for more details.



",v1.29.4,1.30.0,True
kubernetes/kubernetes,155777868,v1.28.10,Kubernetes v1.28.10,2024-05-14 21:56:56+00:00,False,False,master,"
See [kubernetes-announce@](https://groups.google.com/forum/#!forum/kubernetes-announce). Additional binary downloads are linked in the [CHANGELOG](https://github.com/kubernetes/kubernetes/blob/master/CHANGELOG/CHANGELOG-1.28.md).

See [the CHANGELOG](https://github.com/kubernetes/kubernetes/blob/master/CHANGELOG/CHANGELOG-1.28.md) for more details.



",v1.30.1,1.28.10,True
kubernetes/kubernetes,155813961,v1.29.5,Kubernetes v1.29.5,2024-05-15 06:41:30+00:00,False,False,master,"
See [kubernetes-announce@](https://groups.google.com/forum/#!forum/kubernetes-announce). Additional binary downloads are linked in the [CHANGELOG](https://github.com/kubernetes/kubernetes/blob/master/CHANGELOG/CHANGELOG-1.29.md).

See [the CHANGELOG](https://github.com/kubernetes/kubernetes/blob/master/CHANGELOG/CHANGELOG-1.29.md) for more details.



",v1.30.0,1.29.5,True
kubernetes/kubernetes,155816403,v1.30.1,Kubernetes v1.30.1,2024-05-15 07:02:59+00:00,False,False,master,"
See [kubernetes-announce@](https://groups.google.com/forum/#!forum/kubernetes-announce). Additional binary downloads are linked in the [CHANGELOG](https://github.com/kubernetes/kubernetes/blob/master/CHANGELOG/CHANGELOG-1.30.md).

See [the CHANGELOG](https://github.com/kubernetes/kubernetes/blob/master/CHANGELOG/CHANGELOG-1.30.md) for more details.



",v1.29.5,1.30.1,True
kubernetes/kubernetes,155824760,v1.27.14,Kubernetes v1.27.14,2024-05-15 08:02:18+00:00,False,False,master,"
See [kubernetes-announce@](https://groups.google.com/forum/#!forum/kubernetes-announce). Additional binary downloads are linked in the [CHANGELOG](https://github.com/kubernetes/kubernetes/blob/master/CHANGELOG/CHANGELOG-1.27.md).

See [the CHANGELOG](https://github.com/kubernetes/kubernetes/blob/master/CHANGELOG/CHANGELOG-1.27.md) for more details.



",v1.28.10,1.27.14,True
kubernetes/kubernetes,159979764,v1.27.15,Kubernetes v1.27.15,2024-06-11 23:01:10+00:00,False,False,master,"
See [kubernetes-announce@](https://groups.google.com/forum/#!forum/kubernetes-announce). Additional binary downloads are linked in the [CHANGELOG](https://github.com/kubernetes/kubernetes/blob/master/CHANGELOG/CHANGELOG-1.27.md).

See [the CHANGELOG](https://github.com/kubernetes/kubernetes/blob/master/CHANGELOG/CHANGELOG-1.27.md) for more details.



",v1.27.14,1.27.15,True
kubernetes/kubernetes,159982712,v1.28.11,Kubernetes v1.28.11,2024-06-11 23:48:05+00:00,False,False,master,"
See [kubernetes-announce@](https://groups.google.com/forum/#!forum/kubernetes-announce). Additional binary downloads are linked in the [CHANGELOG](https://github.com/kubernetes/kubernetes/blob/master/CHANGELOG/CHANGELOG-1.28.md).

See [the CHANGELOG](https://github.com/kubernetes/kubernetes/blob/master/CHANGELOG/CHANGELOG-1.28.md) for more details.



",v1.27.15,1.28.11,True
kubernetes/kubernetes,160002003,v1.29.6,Kubernetes v1.29.6,2024-06-12 03:42:42+00:00,False,False,master,"
See [kubernetes-announce@](https://groups.google.com/forum/#!forum/kubernetes-announce). Additional binary downloads are linked in the [CHANGELOG](https://github.com/kubernetes/kubernetes/blob/master/CHANGELOG/CHANGELOG-1.29.md).

See [the CHANGELOG](https://github.com/kubernetes/kubernetes/blob/master/CHANGELOG/CHANGELOG-1.29.md) for more details.



",v1.28.11,1.29.6,True
kubernetes/kubernetes,160003381,v1.30.2,Kubernetes v1.30.2,2024-06-12 04:05:34+00:00,False,False,master,"
See [kubernetes-announce@](https://groups.google.com/forum/#!forum/kubernetes-announce). Additional binary downloads are linked in the [CHANGELOG](https://github.com/kubernetes/kubernetes/blob/master/CHANGELOG/CHANGELOG-1.30.md).

See [the CHANGELOG](https://github.com/kubernetes/kubernetes/blob/master/CHANGELOG/CHANGELOG-1.30.md) for more details.



",v1.29.6,1.30.2,True
kubernetes/kubernetes,160168446,v1.31.0-alpha.1,Kubernetes v1.31.0-alpha.1,2024-06-12 20:34:19+00:00,True,False,master,"
See [kubernetes-announce@](https://groups.google.com/forum/#!forum/kubernetes-announce). Additional binary downloads are linked in the [CHANGELOG](https://github.com/kubernetes/kubernetes/blob/master/CHANGELOG/CHANGELOG-1.31.md).

See [the CHANGELOG](https://github.com/kubernetes/kubernetes/blob/master/CHANGELOG/CHANGELOG-1.31.md) for more details.



",v1.30.2,1.31.0-alpha.1,False
kubernetes/kubernetes,161119334,v1.31.0-alpha.2,Kubernetes v1.31.0-alpha.2,2024-06-18 16:31:46+00:00,True,False,master,"
See [kubernetes-announce@](https://groups.google.com/forum/#!forum/kubernetes-announce). Additional binary downloads are linked in the [CHANGELOG](https://github.com/kubernetes/kubernetes/blob/master/CHANGELOG/CHANGELOG-1.31.md).

See [the CHANGELOG](https://github.com/kubernetes/kubernetes/blob/master/CHANGELOG/CHANGELOG-1.31.md) for more details.



",v1.31.0-alpha.1,1.31.0-alpha.2,False
kubernetes/kubernetes,163589377,v1.31.0-alpha.3,Kubernetes v1.31.0-alpha.3,2024-07-02 14:32:31+00:00,True,False,master,"
See [kubernetes-announce@](https://groups.google.com/forum/#!forum/kubernetes-announce). Additional binary downloads are linked in the [CHANGELOG](https://github.com/kubernetes/kubernetes/blob/master/CHANGELOG/CHANGELOG-1.31.md).

See [the CHANGELOG](https://github.com/kubernetes/kubernetes/blob/master/CHANGELOG/CHANGELOG-1.31.md) for more details.



",v1.31.0-alpha.2,1.31.0-alpha.3,False
kubernetes/kubernetes,165641221,v1.31.0-beta.0,Kubernetes v1.31.0-beta.0,2024-07-16 13:01:15+00:00,True,False,master,"
See [kubernetes-announce@](https://groups.google.com/forum/#!forum/kubernetes-announce). Additional binary downloads are linked in the [CHANGELOG](https://github.com/kubernetes/kubernetes/blob/master/CHANGELOG/CHANGELOG-1.31.md).

See [the CHANGELOG](https://github.com/kubernetes/kubernetes/blob/master/CHANGELOG/CHANGELOG-1.31.md) for more details.



",v1.31.0-alpha.3,1.31.0-beta.0,False
kubernetes/kubernetes,165784293,v1.29.7,Kubernetes v1.29.7,2024-07-17 07:26:10+00:00,False,False,master,"
See [kubernetes-announce@](https://groups.google.com/forum/#!forum/kubernetes-announce). Additional binary downloads are linked in the [CHANGELOG](https://github.com/kubernetes/kubernetes/blob/master/CHANGELOG/CHANGELOG-1.29.md).

See [the CHANGELOG](https://github.com/kubernetes/kubernetes/blob/master/CHANGELOG/CHANGELOG-1.29.md) for more details.



",v1.28.12,1.29.7,True
kubernetes/kubernetes,165788281,v1.27.16,Kubernetes v1.27.16,2024-07-17 07:48:27+00:00,False,False,master,"
See [kubernetes-announce@](https://groups.google.com/forum/#!forum/kubernetes-announce). Additional binary downloads are linked in the [CHANGELOG](https://github.com/kubernetes/kubernetes/blob/master/CHANGELOG/CHANGELOG-1.27.md).

See [the CHANGELOG](https://github.com/kubernetes/kubernetes/blob/master/CHANGELOG/CHANGELOG-1.27.md) for more details.



",v1.29.7,1.27.16,True
kubernetes/kubernetes,165818269,v1.28.12,Kubernetes v1.28.12,2024-07-17 10:52:04+00:00,False,False,master,"
See [kubernetes-announce@](https://groups.google.com/forum/#!forum/kubernetes-announce). Additional binary downloads are linked in the [CHANGELOG](https://github.com/kubernetes/kubernetes/blob/master/CHANGELOG/CHANGELOG-1.28.md).

See [the CHANGELOG](https://github.com/kubernetes/kubernetes/blob/master/CHANGELOG/CHANGELOG-1.28.md) for more details.



",v1.30.3,1.28.12,True
kubernetes/kubernetes,165829199,v1.30.3,Kubernetes v1.30.3,2024-07-17 11:51:07+00:00,False,False,master,"
See [kubernetes-announce@](https://groups.google.com/forum/#!forum/kubernetes-announce). Additional binary downloads are linked in the [CHANGELOG](https://github.com/kubernetes/kubernetes/blob/master/CHANGELOG/CHANGELOG-1.30.md).

See [the CHANGELOG](https://github.com/kubernetes/kubernetes/blob/master/CHANGELOG/CHANGELOG-1.30.md) for more details.



",v1.31.0-beta.0,1.30.3,True
kubernetes/kubernetes,168012680,v1.31.0-rc.0,Kubernetes v1.31.0-rc.0,2024-07-31 10:16:19+00:00,True,False,master,"
See [kubernetes-announce@](https://groups.google.com/forum/#!forum/kubernetes-announce). Additional binary downloads are linked in the [CHANGELOG](https://github.com/kubernetes/kubernetes/blob/master/CHANGELOG/CHANGELOG-1.31.md).

See [the CHANGELOG](https://github.com/kubernetes/kubernetes/blob/master/CHANGELOG/CHANGELOG-1.31.md) for more details.



",v1.27.16,1.31.0-rc.0,False
kubernetes/kubernetes,168868411,v1.31.0-rc.1,Kubernetes v1.31.0-rc.1,2024-08-06 09:46:30+00:00,True,False,master,"
See [kubernetes-announce@](https://groups.google.com/forum/#!forum/kubernetes-announce). Additional binary downloads are linked in the [CHANGELOG](https://github.com/kubernetes/kubernetes/blob/master/CHANGELOG/CHANGELOG-1.31.md).

See [the CHANGELOG](https://github.com/kubernetes/kubernetes/blob/master/CHANGELOG/CHANGELOG-1.31.md) for more details.



",v1.31.0-rc.0,1.31.0-rc.1,False
kubernetes/kubernetes,169974073,v1.31.0,Kubernetes v1.31.0,2024-08-13 13:47:21+00:00,False,False,master,"
See [kubernetes-announce@](https://groups.google.com/forum/#!forum/kubernetes-announce). Additional binary downloads are linked in the [CHANGELOG](https://github.com/kubernetes/kubernetes/blob/master/CHANGELOG/CHANGELOG-1.31.md).

See [the CHANGELOG](https://github.com/kubernetes/kubernetes/blob/master/CHANGELOG/CHANGELOG-1.31.md) for more details.



",v1.31.0-rc.1,1.31.0,True
kubernetes/kubernetes,170265603,v1.30.4,Kubernetes v1.30.4,2024-08-14 22:10:55+00:00,False,False,master,"
See [kubernetes-announce@](https://groups.google.com/forum/#!forum/kubernetes-announce). Additional binary downloads are linked in the [CHANGELOG](https://github.com/kubernetes/kubernetes/blob/master/CHANGELOG/CHANGELOG-1.30.md).

See [the CHANGELOG](https://github.com/kubernetes/kubernetes/blob/master/CHANGELOG/CHANGELOG-1.30.md) for more details.



",v1.31.0,1.30.4,True
kubernetes/kubernetes,170275415,v1.29.8,Kubernetes v1.29.8,2024-08-15 01:15:29+00:00,False,False,master,"
See [kubernetes-announce@](https://groups.google.com/forum/#!forum/kubernetes-announce). Additional binary downloads are linked in the [CHANGELOG](https://github.com/kubernetes/kubernetes/blob/master/CHANGELOG/CHANGELOG-1.29.md).

See [the CHANGELOG](https://github.com/kubernetes/kubernetes/blob/master/CHANGELOG/CHANGELOG-1.29.md) for more details.



",v1.30.4,1.29.8,True
kubernetes/kubernetes,170278324,v1.28.13,Kubernetes v1.28.13,2024-08-15 02:04:06+00:00,False,False,master,"
See [kubernetes-announce@](https://groups.google.com/forum/#!forum/kubernetes-announce). Additional binary downloads are linked in the [CHANGELOG](https://github.com/kubernetes/kubernetes/blob/master/CHANGELOG/CHANGELOG-1.28.md).

See [the CHANGELOG](https://github.com/kubernetes/kubernetes/blob/master/CHANGELOG/CHANGELOG-1.28.md) for more details.



",v1.29.8,1.28.13,True
kubernetes/kubernetes,174563931,v1.28.14,Kubernetes v1.28.14,2024-09-11 13:56:41+00:00,False,False,master,"
See [kubernetes-announce@](https://groups.google.com/forum/#!forum/kubernetes-announce). Additional binary downloads are linked in the [CHANGELOG](https://github.com/kubernetes/kubernetes/blob/master/CHANGELOG/CHANGELOG-1.28.md).

See [the CHANGELOG](https://github.com/kubernetes/kubernetes/blob/master/CHANGELOG/CHANGELOG-1.28.md) for more details.



",v1.28.13,1.28.14,True
kubernetes/kubernetes,174658124,v1.29.9,Kubernetes v1.29.9,2024-09-12 00:21:51+00:00,False,False,master,"
See [kubernetes-announce@](https://groups.google.com/forum/#!forum/kubernetes-announce). Additional binary downloads are linked in the [CHANGELOG](https://github.com/kubernetes/kubernetes/blob/master/CHANGELOG/CHANGELOG-1.29.md).

See [the CHANGELOG](https://github.com/kubernetes/kubernetes/blob/master/CHANGELOG/CHANGELOG-1.29.md) for more details.



",v1.28.14,1.29.9,True
kubernetes/kubernetes,174660375,v1.31.1,Kubernetes v1.31.1,2024-09-12 01:03:04+00:00,False,False,master,"
See [kubernetes-announce@](https://groups.google.com/forum/#!forum/kubernetes-announce). Additional binary downloads are linked in the [CHANGELOG](https://github.com/kubernetes/kubernetes/blob/master/CHANGELOG/CHANGELOG-1.31.md).

See [the CHANGELOG](https://github.com/kubernetes/kubernetes/blob/master/CHANGELOG/CHANGELOG-1.31.md) for more details.



",v1.29.9,1.31.1,True
kubernetes/kubernetes,174668094,v1.30.5,Kubernetes v1.30.5,2024-09-12 02:55:16+00:00,False,False,master,"
See [kubernetes-announce@](https://groups.google.com/forum/#!forum/kubernetes-announce). Additional binary downloads are linked in the [CHANGELOG](https://github.com/kubernetes/kubernetes/blob/master/CHANGELOG/CHANGELOG-1.30.md).

See [the CHANGELOG](https://github.com/kubernetes/kubernetes/blob/master/CHANGELOG/CHANGELOG-1.30.md) for more details.



",v1.31.1,1.30.5,True
kubernetes/kubernetes,178485223,v1.32.0-alpha.1,Kubernetes v1.32.0-alpha.1,2024-10-04 21:31:09+00:00,True,False,master,"
See [kubernetes-announce@](https://groups.google.com/forum/#!forum/kubernetes-announce). Additional binary downloads are linked in the [CHANGELOG](https://github.com/kubernetes/kubernetes/blob/master/CHANGELOG/CHANGELOG-1.32.md).

See [the CHANGELOG](https://github.com/kubernetes/kubernetes/blob/master/CHANGELOG/CHANGELOG-1.32.md) for more details.



",v1.30.5,1.32.0-alpha.1,False
kubernetes/kubernetes,180726801,v1.32.0-alpha.2,Kubernetes v1.32.0-alpha.2,2024-10-18 16:40:15+00:00,True,False,master,"
See [kubernetes-announce@](https://groups.google.com/forum/#!forum/kubernetes-announce). Additional binary downloads are linked in the [CHANGELOG](https://github.com/kubernetes/kubernetes/blob/master/CHANGELOG/CHANGELOG-1.32.md).

See [the CHANGELOG](https://github.com/kubernetes/kubernetes/blob/master/CHANGELOG/CHANGELOG-1.32.md) for more details.



",v1.32.0-alpha.1,1.32.0-alpha.2,False
kubernetes/kubernetes,181359779,v1.28.15,Kubernetes v1.28.15,2024-10-23 04:35:01+00:00,False,False,master,"
See [kubernetes-announce@](https://groups.google.com/forum/#!forum/kubernetes-announce). Additional binary downloads are linked in the [CHANGELOG](https://github.com/kubernetes/kubernetes/blob/master/CHANGELOG/CHANGELOG-1.28.md).

See [the CHANGELOG](https://github.com/kubernetes/kubernetes/blob/master/CHANGELOG/CHANGELOG-1.28.md) for more details.



",v1.32.0-alpha.2,1.28.15,True
kubernetes/kubernetes,181359964,v1.29.10,Kubernetes v1.29.10,2024-10-23 04:37:33+00:00,False,False,master,"
See [kubernetes-announce@](https://groups.google.com/forum/#!forum/kubernetes-announce). Additional binary downloads are linked in the [CHANGELOG](https://github.com/kubernetes/kubernetes/blob/master/CHANGELOG/CHANGELOG-1.29.md).

See [the CHANGELOG](https://github.com/kubernetes/kubernetes/blob/master/CHANGELOG/CHANGELOG-1.29.md) for more details.



",v1.30.6,1.29.10,True
kubernetes/kubernetes,181360153,v1.30.6,Kubernetes v1.30.6,2024-10-23 04:40:16+00:00,False,False,master,"
See [kubernetes-announce@](https://groups.google.com/forum/#!forum/kubernetes-announce). Additional binary downloads are linked in the [CHANGELOG](https://github.com/kubernetes/kubernetes/blob/master/CHANGELOG/CHANGELOG-1.30.md).

See [the CHANGELOG](https://github.com/kubernetes/kubernetes/blob/master/CHANGELOG/CHANGELOG-1.30.md) for more details.



",v1.28.15,1.30.6,True
kubernetes/kubernetes,181442196,v1.31.2,Kubernetes v1.31.2,2024-10-23 12:18:35+00:00,False,False,master,"
See [kubernetes-announce@](https://groups.google.com/forum/#!forum/kubernetes-announce). Additional binary downloads are linked in the [CHANGELOG](https://github.com/kubernetes/kubernetes/blob/master/CHANGELOG/CHANGELOG-1.31.md).

See [the CHANGELOG](https://github.com/kubernetes/kubernetes/blob/master/CHANGELOG/CHANGELOG-1.31.md) for more details.



",v1.29.10,1.31.2,True
kubernetes/kubernetes,182555499,v1.32.0-alpha.3,Kubernetes v1.32.0-alpha.3,2024-10-29 20:17:54+00:00,True,False,master,"
See [kubernetes-announce@](https://groups.google.com/forum/#!forum/kubernetes-announce). Additional binary downloads are linked in the [CHANGELOG](https://github.com/kubernetes/kubernetes/blob/master/CHANGELOG/CHANGELOG-1.32.md).

See [the CHANGELOG](https://github.com/kubernetes/kubernetes/blob/master/CHANGELOG/CHANGELOG-1.32.md) for more details.



",v1.31.2,1.32.0-alpha.3,False
kubernetes/kubernetes,183953178,v1.32.0-beta.0,Kubernetes v1.32.0-beta.0,2024-11-06 14:51:34+00:00,True,False,master,"
See [kubernetes-announce@](https://groups.google.com/forum/#!forum/kubernetes-announce). Additional binary downloads are linked in the [CHANGELOG](https://github.com/kubernetes/kubernetes/blob/master/CHANGELOG/CHANGELOG-1.32.md).

See [the CHANGELOG](https://github.com/kubernetes/kubernetes/blob/master/CHANGELOG/CHANGELOG-1.32.md) for more details.



",v1.32.0-alpha.3,1.32.0-beta.0,False
kubernetes/kubernetes,186527464,v1.29.11,Kubernetes v1.29.11,2024-11-20 23:36:18+00:00,False,False,master,"
See [kubernetes-announce@](https://groups.google.com/forum/#!forum/kubernetes-announce). Additional binary downloads are linked in the [CHANGELOG](https://github.com/kubernetes/kubernetes/blob/master/CHANGELOG/CHANGELOG-1.29.md).

See [the CHANGELOG](https://github.com/kubernetes/kubernetes/blob/master/CHANGELOG/CHANGELOG-1.29.md) for more details.



",v1.30.7,1.29.11,True
kubernetes/kubernetes,186532670,v1.30.7,Kubernetes v1.30.7,2024-11-21 00:46:53+00:00,False,False,master,"
See [kubernetes-announce@](https://groups.google.com/forum/#!forum/kubernetes-announce). Additional binary downloads are linked in the [CHANGELOG](https://github.com/kubernetes/kubernetes/blob/master/CHANGELOG/CHANGELOG-1.30.md).

See [the CHANGELOG](https://github.com/kubernetes/kubernetes/blob/master/CHANGELOG/CHANGELOG-1.30.md) for more details.



",v1.31.3,1.30.7,True
kubernetes/kubernetes,186534409,v1.31.3,Kubernetes v1.31.3,2024-11-21 01:12:52+00:00,False,False,master,"
See [kubernetes-announce@](https://groups.google.com/forum/#!forum/kubernetes-announce). Additional binary downloads are linked in the [CHANGELOG](https://github.com/kubernetes/kubernetes/blob/master/CHANGELOG/CHANGELOG-1.31.md).

See [the CHANGELOG](https://github.com/kubernetes/kubernetes/blob/master/CHANGELOG/CHANGELOG-1.31.md) for more details.



",v1.32.0-beta.0,1.31.3,True
kubernetes/kubernetes,187635927,v1.32.0-rc.0,Kubernetes v1.32.0-rc.0,2024-11-26 21:57:35+00:00,True,False,master,"
See [kubernetes-announce@](https://groups.google.com/forum/#!forum/kubernetes-announce). Additional binary downloads are linked in the [CHANGELOG](https://github.com/kubernetes/kubernetes/blob/master/CHANGELOG/CHANGELOG-1.32.md).

See [the CHANGELOG](https://github.com/kubernetes/kubernetes/blob/master/CHANGELOG/CHANGELOG-1.32.md) for more details.



",v1.29.11,1.32.0-rc.0,False
kubernetes/kubernetes,188812226,v1.32.0-rc.1,Kubernetes v1.32.0-rc.1,2024-12-03 21:53:01+00:00,True,False,master,"
See [kubernetes-announce@](https://groups.google.com/forum/#!forum/kubernetes-announce). Additional binary downloads are linked in the [CHANGELOG](https://github.com/kubernetes/kubernetes/blob/master/CHANGELOG/CHANGELOG-1.32.md).

See [the CHANGELOG](https://github.com/kubernetes/kubernetes/blob/master/CHANGELOG/CHANGELOG-1.32.md) for more details.



",v1.32.0-rc.0,1.32.0-rc.1,False
kubernetes/kubernetes,189288034,v1.32.0-rc.2,Kubernetes v1.32.0-rc.2,2024-12-05 22:09:30+00:00,True,False,master,"
See [kubernetes-announce@](https://groups.google.com/forum/#!forum/kubernetes-announce). Additional binary downloads are linked in the [CHANGELOG](https://github.com/kubernetes/kubernetes/blob/master/CHANGELOG/CHANGELOG-1.32.md).

See [the CHANGELOG](https://github.com/kubernetes/kubernetes/blob/master/CHANGELOG/CHANGELOG-1.32.md) for more details.



",v1.32.0-rc.1,1.32.0-rc.2,False
kubernetes/kubernetes,190042097,v1.29.12,Kubernetes v1.29.12,2024-12-10 19:34:30+00:00,False,False,master,"
See [kubernetes-announce@](https://groups.google.com/forum/#!forum/kubernetes-announce). Additional binary downloads are linked in the [CHANGELOG](https://github.com/kubernetes/kubernetes/blob/master/CHANGELOG/CHANGELOG-1.29.md).

See [the CHANGELOG](https://github.com/kubernetes/kubernetes/blob/master/CHANGELOG/CHANGELOG-1.29.md) for more details.



",v1.30.8,1.29.12,True
kubernetes/kubernetes,190042332,v1.30.8,Kubernetes v1.30.8,2024-12-10 19:35:54+00:00,False,False,master,"
See [kubernetes-announce@](https://groups.google.com/forum/#!forum/kubernetes-announce). Additional binary downloads are linked in the [CHANGELOG](https://github.com/kubernetes/kubernetes/blob/master/CHANGELOG/CHANGELOG-1.30.md).

See [the CHANGELOG](https://github.com/kubernetes/kubernetes/blob/master/CHANGELOG/CHANGELOG-1.30.md) for more details.



",v1.32.0-rc.2,1.30.8,True
kubernetes/kubernetes,190045272,v1.31.4,Kubernetes v1.31.4,2024-12-10 19:52:59+00:00,False,False,master,"
See [kubernetes-announce@](https://groups.google.com/forum/#!forum/kubernetes-announce). Additional binary downloads are linked in the [CHANGELOG](https://github.com/kubernetes/kubernetes/blob/master/CHANGELOG/CHANGELOG-1.31.md).

See [the CHANGELOG](https://github.com/kubernetes/kubernetes/blob/master/CHANGELOG/CHANGELOG-1.31.md) for more details.



",v1.29.12,1.31.4,True
kubernetes/kubernetes,190303378,v1.32.0,Kubernetes v1.32.0,2024-12-11 21:13:11+00:00,False,False,master,"
See [kubernetes-announce@](https://groups.google.com/forum/#!forum/kubernetes-announce). Additional binary downloads are linked in the [CHANGELOG](https://github.com/kubernetes/kubernetes/blob/master/CHANGELOG/CHANGELOG-1.32.md).

See [the CHANGELOG](https://github.com/kubernetes/kubernetes/blob/master/CHANGELOG/CHANGELOG-1.32.md) for more details.



",v1.31.4,1.32.0,True
kubernetes/kubernetes,194998161,v1.32.1,Kubernetes v1.32.1,2025-01-15 20:37:27+00:00,False,False,master,"
See [kubernetes-announce@](https://groups.google.com/forum/#!forum/kubernetes-announce). Additional binary downloads are linked in the [CHANGELOG](https://github.com/kubernetes/kubernetes/blob/master/CHANGELOG/CHANGELOG-1.32.md).

See [the CHANGELOG](https://github.com/kubernetes/kubernetes/blob/master/CHANGELOG/CHANGELOG-1.32.md) for more details.



",v1.32.0,1.32.1,True
kubernetes/kubernetes,195004244,v1.31.5,Kubernetes v1.31.5,2025-01-15 21:11:47+00:00,False,False,master,"
See [kubernetes-announce@](https://groups.google.com/forum/#!forum/kubernetes-announce). Additional binary downloads are linked in the [CHANGELOG](https://github.com/kubernetes/kubernetes/blob/master/CHANGELOG/CHANGELOG-1.31.md).

See [the CHANGELOG](https://github.com/kubernetes/kubernetes/blob/master/CHANGELOG/CHANGELOG-1.31.md) for more details.



",v1.32.1,1.31.5,True
kubernetes/kubernetes,195009621,v1.30.9,Kubernetes v1.30.9,2025-01-15 21:49:02+00:00,False,False,master,"
See [kubernetes-announce@](https://groups.google.com/forum/#!forum/kubernetes-announce). Additional binary downloads are linked in the [CHANGELOG](https://github.com/kubernetes/kubernetes/blob/master/CHANGELOG/CHANGELOG-1.30.md).

See [the CHANGELOG](https://github.com/kubernetes/kubernetes/blob/master/CHANGELOG/CHANGELOG-1.30.md) for more details.



",v1.31.5,1.30.9,True
kubernetes/kubernetes,195009966,v1.29.13,Kubernetes v1.29.13,2025-01-15 21:51:33+00:00,False,False,master,"
See [kubernetes-announce@](https://groups.google.com/forum/#!forum/kubernetes-announce). Additional binary downloads are linked in the [CHANGELOG](https://github.com/kubernetes/kubernetes/blob/master/CHANGELOG/CHANGELOG-1.29.md).

See [the CHANGELOG](https://github.com/kubernetes/kubernetes/blob/master/CHANGELOG/CHANGELOG-1.29.md) for more details.



",v1.30.9,1.29.13,True
kubernetes/kubernetes,198674729,v1.33.0-alpha.1,Kubernetes v1.33.0-alpha.1,2025-02-05 20:11:43+00:00,True,False,master,"
See [kubernetes-announce@](https://groups.google.com/forum/#!forum/kubernetes-announce). Additional binary downloads are linked in the [CHANGELOG](https://github.com/kubernetes/kubernetes/blob/master/CHANGELOG/CHANGELOG-1.33.md).

See [the CHANGELOG](https://github.com/kubernetes/kubernetes/blob/master/CHANGELOG/CHANGELOG-1.33.md) for more details.



",v1.29.13,1.33.0-alpha.1,False
kubernetes/kubernetes,200050412,v1.30.10,Kubernetes v1.30.10,2025-02-13 08:26:30+00:00,False,False,master,"
See [kubernetes-announce@](https://groups.google.com/forum/#!forum/kubernetes-announce). Additional binary downloads are linked in the [CHANGELOG](https://github.com/kubernetes/kubernetes/blob/master/CHANGELOG/CHANGELOG-1.30.md).

See [the CHANGELOG](https://github.com/kubernetes/kubernetes/blob/master/CHANGELOG/CHANGELOG-1.30.md) for more details.



",v1.31.6,1.30.10,True
kubernetes/kubernetes,200050943,v1.29.14,Kubernetes v1.29.14,2025-02-13 08:29:21+00:00,False,False,master,"
See [kubernetes-announce@](https://groups.google.com/forum/#!forum/kubernetes-announce). Additional binary downloads are linked in the [CHANGELOG](https://github.com/kubernetes/kubernetes/blob/master/CHANGELOG/CHANGELOG-1.29.md).

See [the CHANGELOG](https://github.com/kubernetes/kubernetes/blob/master/CHANGELOG/CHANGELOG-1.29.md) for more details.



",v1.30.10,1.29.14,True
kubernetes/kubernetes,200050980,v1.31.6,Kubernetes v1.31.6,2025-02-13 08:29:33+00:00,False,False,master,"
See [kubernetes-announce@](https://groups.google.com/forum/#!forum/kubernetes-announce). Additional binary downloads are linked in the [CHANGELOG](https://github.com/kubernetes/kubernetes/blob/master/CHANGELOG/CHANGELOG-1.31.md).

See [the CHANGELOG](https://github.com/kubernetes/kubernetes/blob/master/CHANGELOG/CHANGELOG-1.31.md) for more details.



",v1.32.2,1.31.6,True
kubernetes/kubernetes,200066707,v1.32.2,Kubernetes v1.32.2,2025-02-13 09:39:03+00:00,False,False,master,"
See [kubernetes-announce@](https://groups.google.com/forum/#!forum/kubernetes-announce). Additional binary downloads are linked in the [CHANGELOG](https://github.com/kubernetes/kubernetes/blob/master/CHANGELOG/CHANGELOG-1.32.md).

See [the CHANGELOG](https://github.com/kubernetes/kubernetes/blob/master/CHANGELOG/CHANGELOG-1.32.md) for more details.



",v1.33.0-alpha.1,1.32.2,True
kubernetes/kubernetes,200999880,v1.33.0-alpha.2,Kubernetes v1.33.0-alpha.2,2025-02-18 18:58:15+00:00,True,False,master,"
See [kubernetes-announce@](https://groups.google.com/forum/#!forum/kubernetes-announce). Additional binary downloads are linked in the [CHANGELOG](https://github.com/kubernetes/kubernetes/blob/master/CHANGELOG/CHANGELOG-1.33.md).

See [the CHANGELOG](https://github.com/kubernetes/kubernetes/blob/master/CHANGELOG/CHANGELOG-1.33.md) for more details.



",v1.29.14,1.33.0-alpha.2,False
kubernetes/kubernetes,203679791,v1.33.0-alpha.3,Kubernetes v1.33.0-alpha.3,2025-03-04 19:13:03+00:00,True,False,master,"
See [kubernetes-announce@](https://groups.google.com/forum/#!forum/kubernetes-announce). Additional binary downloads are linked in the [CHANGELOG](https://github.com/kubernetes/kubernetes/blob/master/CHANGELOG/CHANGELOG-1.33.md).

See the [CHANGELOG](https://github.com/kubernetes/kubernetes/blob/master/CHANGELOG/CHANGELOG-1.33.md) for more details.



",v1.33.0-alpha.2,1.33.0-alpha.3,False
kubernetes/kubernetes,205145251,v1.33.0-beta.0,Kubernetes v1.33.0-beta.0,2025-03-11 21:32:35+00:00,True,False,master,"
See [kubernetes-announce@](https://groups.google.com/forum/#!forum/kubernetes-announce). Additional binary downloads are linked in the [CHANGELOG](https://github.com/kubernetes/kubernetes/blob/master/CHANGELOG/CHANGELOG-1.33.md).

See the [CHANGELOG](https://github.com/kubernetes/kubernetes/blob/master/CHANGELOG/CHANGELOG-1.33.md) for more details.



",v1.33.0-alpha.3,1.33.0-beta.0,False
kubernetes/kubernetes,205164533,v1.29.15,Kubernetes v1.29.15,2025-03-12 00:36:03+00:00,False,False,master,"
See [kubernetes-announce@](https://groups.google.com/forum/#!forum/kubernetes-announce). Additional binary downloads are linked in the [CHANGELOG](https://github.com/kubernetes/kubernetes/blob/master/CHANGELOG/CHANGELOG-1.29.md).

See the [CHANGELOG](https://github.com/kubernetes/kubernetes/blob/master/CHANGELOG/CHANGELOG-1.29.md) for more details.



",v1.33.0-beta.0,1.29.15,True
kubernetes/kubernetes,205171531,v1.30.11,Kubernetes v1.30.11,2025-03-12 01:38:36+00:00,False,False,master,"
See [kubernetes-announce@](https://groups.google.com/forum/#!forum/kubernetes-announce). Additional binary downloads are linked in the [CHANGELOG](https://github.com/kubernetes/kubernetes/blob/master/CHANGELOG/CHANGELOG-1.30.md).

See the [CHANGELOG](https://github.com/kubernetes/kubernetes/blob/master/CHANGELOG/CHANGELOG-1.30.md) for more details.



",v1.29.15,1.30.11,True
kubernetes/kubernetes,205178168,v1.31.7,Kubernetes v1.31.7,2025-03-12 02:56:26+00:00,False,False,master,"
See [kubernetes-announce@](https://groups.google.com/forum/#!forum/kubernetes-announce). Additional binary downloads are linked in the [CHANGELOG](https://github.com/kubernetes/kubernetes/blob/master/CHANGELOG/CHANGELOG-1.31.md).

See the [CHANGELOG](https://github.com/kubernetes/kubernetes/blob/master/CHANGELOG/CHANGELOG-1.31.md) for more details.



",v1.32.3,1.31.7,True
kubernetes/kubernetes,205181589,v1.32.3,Kubernetes v1.32.3,2025-03-12 03:32:51+00:00,False,False,master,"
See [kubernetes-announce@](https://groups.google.com/forum/#!forum/kubernetes-announce). Additional binary downloads are linked in the [CHANGELOG](https://github.com/kubernetes/kubernetes/blob/master/CHANGELOG/CHANGELOG-1.32.md).

See the [CHANGELOG](https://github.com/kubernetes/kubernetes/blob/master/CHANGELOG/CHANGELOG-1.32.md) for more details.



",v1.30.11,1.32.3,True
kubernetes/kubernetes,211172487,v1.33.0-rc.0,Kubernetes v1.33.0-rc.0,2025-04-09 02:27:43+00:00,True,False,master,"
See [kubernetes-announce@](https://groups.google.com/forum/#!forum/kubernetes-announce). Additional binary downloads are linked in the [CHANGELOG](https://github.com/kubernetes/kubernetes/blob/master/CHANGELOG/CHANGELOG-1.33.md).

See the [CHANGELOG](https://github.com/kubernetes/kubernetes/blob/master/CHANGELOG/CHANGELOG-1.33.md) for more details.



",v1.31.7,1.33.0-rc.0,False
kubernetes/kubernetes,212635015,v1.33.0-rc.1,Kubernetes v1.33.0-rc.1,2025-04-15 21:41:37+00:00,True,False,master,"
See [kubernetes-announce@](https://groups.google.com/forum/#!forum/kubernetes-announce). Additional binary downloads are linked in the [CHANGELOG](https://github.com/kubernetes/kubernetes/blob/master/CHANGELOG/CHANGELOG-1.33.md).

See the [CHANGELOG](https://github.com/kubernetes/kubernetes/blob/master/CHANGELOG/CHANGELOG-1.33.md) for more details.



",v1.33.0-rc.0,1.33.0-rc.1,False
kubernetes/kubernetes,214087468,v1.32.4,Kubernetes v1.32.4,2025-04-23 02:21:09+00:00,False,False,master,"
See [kubernetes-announce@](https://groups.google.com/forum/#!forum/kubernetes-announce). Additional binary downloads are linked in the [CHANGELOG](https://github.com/kubernetes/kubernetes/blob/master/CHANGELOG/CHANGELOG-1.32.md).

See the [CHANGELOG](https://github.com/kubernetes/kubernetes/blob/master/CHANGELOG/CHANGELOG-1.32.md) for more details.



",v1.31.8,1.32.4,True
kubernetes/kubernetes,214087582,v1.31.8,Kubernetes v1.31.8,2025-04-23 02:22:41+00:00,False,False,master,"
See [kubernetes-announce@](https://groups.google.com/forum/#!forum/kubernetes-announce). Additional binary downloads are linked in the [CHANGELOG](https://github.com/kubernetes/kubernetes/blob/master/CHANGELOG/CHANGELOG-1.31.md).

See the [CHANGELOG](https://github.com/kubernetes/kubernetes/blob/master/CHANGELOG/CHANGELOG-1.31.md) for more details.



",v1.33.0-rc.1,1.31.8,True
kubernetes/kubernetes,214087590,v1.30.12,Kubernetes v1.30.12,2025-04-23 02:22:47+00:00,False,False,master,"
See [kubernetes-announce@](https://groups.google.com/forum/#!forum/kubernetes-announce). Additional binary downloads are linked in the [CHANGELOG](https://github.com/kubernetes/kubernetes/blob/master/CHANGELOG/CHANGELOG-1.30.md).

See the [CHANGELOG](https://github.com/kubernetes/kubernetes/blob/master/CHANGELOG/CHANGELOG-1.30.md) for more details.



",v1.32.4,1.30.12,True
kubernetes/kubernetes,214300334,v1.33.0,Kubernetes v1.33.0,2025-04-23 17:44:49+00:00,False,False,master,"
See [kubernetes-announce@](https://groups.google.com/forum/#!forum/kubernetes-announce). Additional binary downloads are linked in the [CHANGELOG](https://github.com/kubernetes/kubernetes/blob/master/CHANGELOG/CHANGELOG-1.33.md).

See the [CHANGELOG](https://github.com/kubernetes/kubernetes/blob/master/CHANGELOG/CHANGELOG-1.33.md) for more details.



",v1.30.12,1.33.0,True
kubernetes/kubernetes,218918759,v1.33.1,Kubernetes v1.33.1,2025-05-15 17:49:01+00:00,False,False,master,"
See [kubernetes-announce@](https://groups.google.com/forum/#!forum/kubernetes-announce). Additional binary downloads are linked in the [CHANGELOG](https://github.com/kubernetes/kubernetes/blob/master/CHANGELOG/CHANGELOG-1.33.md).

See the [CHANGELOG](https://github.com/kubernetes/kubernetes/blob/master/CHANGELOG/CHANGELOG-1.33.md) for more details.



",v1.33.0,1.33.1,True
kubernetes/kubernetes,218919244,v1.32.5,Kubernetes v1.32.5,2025-05-15 17:51:43+00:00,False,False,master,"
See [kubernetes-announce@](https://groups.google.com/forum/#!forum/kubernetes-announce). Additional binary downloads are linked in the [CHANGELOG](https://github.com/kubernetes/kubernetes/blob/master/CHANGELOG/CHANGELOG-1.32.md).

See the [CHANGELOG](https://github.com/kubernetes/kubernetes/blob/master/CHANGELOG/CHANGELOG-1.32.md) for more details.



",v1.33.1,1.32.5,True
kubernetes/kubernetes,218919439,v1.31.9,Kubernetes v1.31.9,2025-05-15 17:52:40+00:00,False,False,master,"
See [kubernetes-announce@](https://groups.google.com/forum/#!forum/kubernetes-announce). Additional binary downloads are linked in the [CHANGELOG](https://github.com/kubernetes/kubernetes/blob/master/CHANGELOG/CHANGELOG-1.31.md).

See the [CHANGELOG](https://github.com/kubernetes/kubernetes/blob/master/CHANGELOG/CHANGELOG-1.31.md) for more details.



",v1.32.5,1.31.9,True
kubernetes/kubernetes,218920135,v1.30.13,Kubernetes v1.30.13,2025-05-15 17:56:34+00:00,False,False,master,"
See [kubernetes-announce@](https://groups.google.com/forum/#!forum/kubernetes-announce). Additional binary downloads are linked in the [CHANGELOG](https://github.com/kubernetes/kubernetes/blob/master/CHANGELOG/CHANGELOG-1.30.md).

See the [CHANGELOG](https://github.com/kubernetes/kubernetes/blob/master/CHANGELOG/CHANGELOG-1.30.md) for more details.



",v1.31.9,1.30.13,True
kubernetes/kubernetes,225654681,v1.34.0-alpha.1,Kubernetes v1.34.0-alpha.1,2025-06-16 18:45:02+00:00,True,False,master,"
See [kubernetes-announce@](https://groups.google.com/forum/#!forum/kubernetes-announce). Additional binary downloads are linked in the [CHANGELOG](https://github.com/kubernetes/kubernetes/blob/master/CHANGELOG/CHANGELOG-1.34.md).

See the [CHANGELOG](https://github.com/kubernetes/kubernetes/blob/master/CHANGELOG/CHANGELOG-1.34.md) for more details.



",v1.30.13,1.34.0-alpha.1,False
kubernetes/kubernetes,226247533,v1.33.2,Kubernetes v1.33.2,2025-06-18 17:54:54+00:00,False,False,master,"
See [kubernetes-announce@](https://groups.google.com/forum/#!forum/kubernetes-announce). Additional binary downloads are linked in the [CHANGELOG](https://github.com/kubernetes/kubernetes/blob/master/CHANGELOG/CHANGELOG-1.33.md).

See the [CHANGELOG](https://github.com/kubernetes/kubernetes/blob/master/CHANGELOG/CHANGELOG-1.33.md) for more details.



",v1.30.14,1.33.2,True
kubernetes/kubernetes,226251309,v1.32.6,Kubernetes v1.32.6,2025-06-18 18:11:56+00:00,False,False,master,"
See [kubernetes-announce@](https://groups.google.com/forum/#!forum/kubernetes-announce). Additional binary downloads are linked in the [CHANGELOG](https://github.com/kubernetes/kubernetes/blob/master/CHANGELOG/CHANGELOG-1.32.md).

See the [CHANGELOG](https://github.com/kubernetes/kubernetes/blob/master/CHANGELOG/CHANGELOG-1.32.md) for more details.



",v1.31.10,1.32.6,True
kubernetes/kubernetes,226256128,v1.31.10,Kubernetes v1.31.10,2025-06-18 18:36:16+00:00,False,False,master,"
See [kubernetes-announce@](https://groups.google.com/forum/#!forum/kubernetes-announce). Additional binary downloads are linked in the [CHANGELOG](https://github.com/kubernetes/kubernetes/blob/master/CHANGELOG/CHANGELOG-1.31.md).

See the [CHANGELOG](https://github.com/kubernetes/kubernetes/blob/master/CHANGELOG/CHANGELOG-1.31.md) for more details.



",v1.33.2,1.31.10,True
kubernetes/kubernetes,226260786,v1.30.14,Kubernetes v1.30.14,2025-06-18 18:59:13+00:00,False,False,master,"
See [kubernetes-announce@](https://groups.google.com/forum/#!forum/kubernetes-announce). Additional binary downloads are linked in the [CHANGELOG](https://github.com/kubernetes/kubernetes/blob/master/CHANGELOG/CHANGELOG-1.30.md).

See the [CHANGELOG](https://github.com/kubernetes/kubernetes/blob/master/CHANGELOG/CHANGELOG-1.30.md) for more details.



",v1.34.0-alpha.1,1.30.14,True
kubernetes/kubernetes,227931931,v1.34.0-alpha.2,Kubernetes v1.34.0-alpha.2,2025-06-26 07:44:16+00:00,True,False,master,"
See [kubernetes-announce@](https://groups.google.com/forum/#!forum/kubernetes-announce). Additional binary downloads are linked in the [CHANGELOG](https://github.com/kubernetes/kubernetes/blob/master/CHANGELOG/CHANGELOG-1.34.md).

See the [CHANGELOG](https://github.com/kubernetes/kubernetes/blob/master/CHANGELOG/CHANGELOG-1.34.md) for more details.



",v1.32.6,1.34.0-alpha.2,False
kubernetes/kubernetes,231289737,v1.34.0-alpha.3,Kubernetes v1.34.0-alpha.3,2025-07-09 23:12:14+00:00,True,False,master,"
See [kubernetes-announce@](https://groups.google.com/forum/#!forum/kubernetes-announce). Additional binary downloads are linked in the [CHANGELOG](https://github.com/kubernetes/kubernetes/blob/master/CHANGELOG/CHANGELOG-1.34.md).

See the [CHANGELOG](https://github.com/kubernetes/kubernetes/blob/master/CHANGELOG/CHANGELOG-1.34.md) for more details.



",v1.34.0-alpha.2,1.34.0-alpha.3,False
kubernetes/kubernetes,232684167,v1.32.7,Kubernetes v1.32.7,2025-07-15 22:18:27+00:00,False,False,master,"
See [kubernetes-announce@](https://groups.google.com/forum/#!forum/kubernetes-announce). Additional binary downloads are linked in the [CHANGELOG](https://github.com/kubernetes/kubernetes/blob/master/CHANGELOG/CHANGELOG-1.32.md).

See the [CHANGELOG](https://github.com/kubernetes/kubernetes/blob/master/CHANGELOG/CHANGELOG-1.32.md) for more details.



",v1.33.3,1.32.7,True
kubernetes/kubernetes,232684297,v1.33.3,Kubernetes v1.33.3,2025-07-15 22:19:31+00:00,False,False,master,"
See [kubernetes-announce@](https://groups.google.com/forum/#!forum/kubernetes-announce). Additional binary downloads are linked in the [CHANGELOG](https://github.com/kubernetes/kubernetes/blob/master/CHANGELOG/CHANGELOG-1.33.md).

See the [CHANGELOG](https://github.com/kubernetes/kubernetes/blob/master/CHANGELOG/CHANGELOG-1.33.md) for more details.



",v1.34.0-alpha.3,1.33.3,True
kubernetes/kubernetes,232691011,v1.31.11,Kubernetes v1.31.11,2025-07-15 23:11:27+00:00,False,False,master,"
See [kubernetes-announce@](https://groups.google.com/forum/#!forum/kubernetes-announce). Additional binary downloads are linked in the [CHANGELOG](https://github.com/kubernetes/kubernetes/blob/master/CHANGELOG/CHANGELOG-1.31.md).

See the [CHANGELOG](https://github.com/kubernetes/kubernetes/blob/master/CHANGELOG/CHANGELOG-1.31.md) for more details.



",v1.32.7,1.31.11,True
kubernetes/kubernetes,232883019,v1.34.0-beta.0,Kubernetes v1.34.0-beta.0,2025-07-16 14:40:38+00:00,True,False,master,"
See [kubernetes-announce@](https://groups.google.com/forum/#!forum/kubernetes-announce). Additional binary downloads are linked in the [CHANGELOG](https://github.com/kubernetes/kubernetes/blob/master/CHANGELOG/CHANGELOG-1.34.md).

See the [CHANGELOG](https://github.com/kubernetes/kubernetes/blob/master/CHANGELOG/CHANGELOG-1.34.md) for more details.



",v1.31.11,1.34.0-beta.0,False
kubernetes/kubernetes,238097594,v1.34.0-rc.0,Kubernetes v1.34.0-rc.0,2025-08-06 20:20:08+00:00,True,False,master,"
See [kubernetes-announce@](https://groups.google.com/forum/#!forum/kubernetes-announce). Additional binary downloads are linked in the [CHANGELOG](https://github.com/kubernetes/kubernetes/blob/master/CHANGELOG/CHANGELOG-1.34.md).

See the [CHANGELOG](https://github.com/kubernetes/kubernetes/blob/master/CHANGELOG/CHANGELOG-1.34.md) for more details.



",v1.34.0-beta.0,1.34.0-rc.0,False
kubernetes/kubernetes,238758035,v1.34.0-rc.1,Kubernetes v1.34.0-rc.1,2025-08-09 07:41:31+00:00,True,False,master,"
See [kubernetes-announce@](https://groups.google.com/forum/#!forum/kubernetes-announce). Additional binary downloads are linked in the [CHANGELOG](https://github.com/kubernetes/kubernetes/blob/master/CHANGELOG/CHANGELOG-1.34.md).

See the [CHANGELOG](https://github.com/kubernetes/kubernetes/blob/master/CHANGELOG/CHANGELOG-1.34.md) for more details.



",v1.34.0-rc.0,1.34.0-rc.1,False
kubernetes/kubernetes,239793305,v1.32.8,Kubernetes v1.32.8,2025-08-13 19:45:14+00:00,False,False,master,"
See [kubernetes-announce@](https://groups.google.com/forum/#!forum/kubernetes-announce). Additional binary downloads are linked in the [CHANGELOG](https://github.com/kubernetes/kubernetes/blob/master/CHANGELOG/CHANGELOG-1.32.md).

See the [CHANGELOG](https://github.com/kubernetes/kubernetes/blob/master/CHANGELOG/CHANGELOG-1.32.md) for more details.



",v1.33.4,1.32.8,True
kubernetes/kubernetes,239793520,v1.33.4,Kubernetes v1.33.4,2025-08-13 19:46:26+00:00,False,False,master,"
See [kubernetes-announce@](https://groups.google.com/forum/#!forum/kubernetes-announce). Additional binary downloads are linked in the [CHANGELOG](https://github.com/kubernetes/kubernetes/blob/master/CHANGELOG/CHANGELOG-1.33.md).

See the [CHANGELOG](https://github.com/kubernetes/kubernetes/blob/master/CHANGELOG/CHANGELOG-1.33.md) for more details.



",v1.34.0-rc.1,1.33.4,True
kubernetes/kubernetes,239794276,v1.31.12,Kubernetes v1.31.12,2025-08-13 19:50:00+00:00,False,False,master,"
See [kubernetes-announce@](https://groups.google.com/forum/#!forum/kubernetes-announce). Additional binary downloads are linked in the [CHANGELOG](https://github.com/kubernetes/kubernetes/blob/master/CHANGELOG/CHANGELOG-1.31.md).

See the [CHANGELOG](https://github.com/kubernetes/kubernetes/blob/master/CHANGELOG/CHANGELOG-1.31.md) for more details.



",v1.32.8,1.31.12,True
kubernetes/kubernetes,241341971,v1.34.0-rc.2,Kubernetes v1.34.0-rc.2,2025-08-20 21:15:15+00:00,True,False,master,"
See [kubernetes-announce@](https://groups.google.com/forum/#!forum/kubernetes-announce). Additional binary downloads are linked in the [CHANGELOG](https://github.com/kubernetes/kubernetes/blob/master/CHANGELOG/CHANGELOG-1.34.md).

See the [CHANGELOG](https://github.com/kubernetes/kubernetes/blob/master/CHANGELOG/CHANGELOG-1.34.md) for more details.



",v1.31.12,1.34.0-rc.2,False
kubernetes/kubernetes,242938306,v1.34.0,Kubernetes v1.34.0,2025-08-27 17:19:17+00:00,False,False,master,"
See [kubernetes-announce@](https://groups.google.com/forum/#!forum/kubernetes-announce). Additional binary downloads are linked in the [CHANGELOG](https://github.com/kubernetes/kubernetes/blob/master/CHANGELOG/CHANGELOG-1.34.md).

See the [CHANGELOG](https://github.com/kubernetes/kubernetes/blob/master/CHANGELOG/CHANGELOG-1.34.md) for more details.



",v1.34.0-rc.2,1.34.0,True
kubernetes/kubernetes,246021679,v1.32.9,Kubernetes v1.32.9,2025-09-10 00:19:23+00:00,False,False,master,"
See [kubernetes-announce@](https://groups.google.com/forum/#!forum/kubernetes-announce). Additional binary downloads are linked in the [CHANGELOG](https://github.com/kubernetes/kubernetes/blob/master/CHANGELOG/CHANGELOG-1.32.md).

See the [CHANGELOG](https://github.com/kubernetes/kubernetes/blob/master/CHANGELOG/CHANGELOG-1.32.md) for more details.



",v1.34.1,1.32.9,True
kubernetes/kubernetes,246030338,v1.33.5,Kubernetes v1.33.5,2025-09-10 01:38:50+00:00,False,False,master,"
See [kubernetes-announce@](https://groups.google.com/forum/#!forum/kubernetes-announce). Additional binary downloads are linked in the [CHANGELOG](https://github.com/kubernetes/kubernetes/blob/master/CHANGELOG/CHANGELOG-1.33.md).

See the [CHANGELOG](https://github.com/kubernetes/kubernetes/blob/master/CHANGELOG/CHANGELOG-1.33.md) for more details.



",v1.32.9,1.33.5,True
kubernetes/kubernetes,246044335,v1.34.1,Kubernetes v1.34.1,2025-09-10 03:28:09+00:00,False,False,master,"
See [kubernetes-announce@](https://groups.google.com/forum/#!forum/kubernetes-announce). Additional binary downloads are linked in the [CHANGELOG](https://github.com/kubernetes/kubernetes/blob/master/CHANGELOG/CHANGELOG-1.34.md).

See the [CHANGELOG](https://github.com/kubernetes/kubernetes/blob/master/CHANGELOG/CHANGELOG-1.34.md) for more details.



",v1.34.0,1.34.1,True
kubernetes/kubernetes,246050093,v1.31.13,Kubernetes v1.31.13,2025-09-10 04:03:49+00:00,False,False,master,"
See [kubernetes-announce@](https://groups.google.com/forum/#!forum/kubernetes-announce). Additional binary downloads are linked in the [CHANGELOG](https://github.com/kubernetes/kubernetes/blob/master/CHANGELOG/CHANGELOG-1.31.md).

See the [CHANGELOG](https://github.com/kubernetes/kubernetes/blob/master/CHANGELOG/CHANGELOG-1.31.md) for more details.



",v1.33.5,1.31.13,True
kubernetes/kubernetes,253049076,v1.35.0-alpha.1,Kubernetes v1.35.0-alpha.1,2025-10-08 14:22:33+00:00,True,False,master,"
See [kubernetes-announce@](https://groups.google.com/forum/#!forum/kubernetes-announce). Additional binary downloads are linked in the [CHANGELOG](https://github.com/kubernetes/kubernetes/blob/master/CHANGELOG/CHANGELOG-1.35.md).

See the [CHANGELOG](https://github.com/kubernetes/kubernetes/blob/master/CHANGELOG/CHANGELOG-1.35.md) for more details.



",v1.31.13,1.35.0-alpha.1,False
kubernetes/kubernetes,256506322,v1.35.0-alpha.2,Kubernetes v1.35.0-alpha.2,2025-10-22 22:03:54+00:00,True,False,master,"
See [kubernetes-announce@](https://groups.google.com/forum/#!forum/kubernetes-announce). Additional binary downloads are linked in the [CHANGELOG](https://github.com/kubernetes/kubernetes/blob/master/CHANGELOG/CHANGELOG-1.35.md).

See the [CHANGELOG](https://github.com/kubernetes/kubernetes/blob/master/CHANGELOG/CHANGELOG-1.35.md) for more details.



",v1.35.0-alpha.1,1.35.0-alpha.2,False
kubernetes/kubernetes,260001643,v1.35.0-alpha.3,Kubernetes v1.35.0-alpha.3,2025-11-05 17:52:41+00:00,True,False,master,"
See [kubernetes-announce@](https://groups.google.com/forum/#!forum/kubernetes-announce). Additional binary downloads are linked in the [CHANGELOG](https://github.com/kubernetes/kubernetes/blob/master/CHANGELOG/CHANGELOG-1.35.md).

See the [CHANGELOG](https://github.com/kubernetes/kubernetes/blob/master/CHANGELOG/CHANGELOG-1.35.md) for more details.



",v1.35.0-alpha.2,1.35.0-alpha.3,False
kubernetes/kubernetes,261684284,v1.34.2,Kubernetes v1.34.2,2025-11-12 09:26:08+00:00,False,False,master,"
See [kubernetes-announce@](https://groups.google.com/forum/#!forum/kubernetes-announce). Additional binary downloads are linked in the [CHANGELOG](https://github.com/kubernetes/kubernetes/blob/master/CHANGELOG/CHANGELOG-1.34.md).

See the [CHANGELOG](https://github.com/kubernetes/kubernetes/blob/master/CHANGELOG/CHANGELOG-1.34.md) for more details.



",v1.35.0-alpha.3,1.34.2,True
kubernetes/kubernetes,261690420,v1.33.6,Kubernetes v1.33.6,2025-11-12 09:48:48+00:00,False,False,master,"
See [kubernetes-announce@](https://groups.google.com/forum/#!forum/kubernetes-announce). Additional binary downloads are linked in the [CHANGELOG](https://github.com/kubernetes/kubernetes/blob/master/CHANGELOG/CHANGELOG-1.33.md).

See the [CHANGELOG](https://github.com/kubernetes/kubernetes/blob/master/CHANGELOG/CHANGELOG-1.33.md) for more details.



",v1.34.2,1.33.6,True
kubernetes/kubernetes,261719477,v1.31.14,Kubernetes v1.31.14,2025-11-12 11:33:24+00:00,False,False,master,"
See [kubernetes-announce@](https://groups.google.com/forum/#!forum/kubernetes-announce). Additional binary downloads are linked in the [CHANGELOG](https://github.com/kubernetes/kubernetes/blob/master/CHANGELOG/CHANGELOG-1.31.md).

See the [CHANGELOG](https://github.com/kubernetes/kubernetes/blob/master/CHANGELOG/CHANGELOG-1.31.md) for more details.



",v1.33.6,1.31.14,True
kubernetes/kubernetes,261726406,v1.32.10,Kubernetes v1.32.10,2025-11-12 12:01:02+00:00,False,False,master,"
See [kubernetes-announce@](https://groups.google.com/forum/#!forum/kubernetes-announce). Additional binary downloads are linked in the [CHANGELOG](https://github.com/kubernetes/kubernetes/blob/master/CHANGELOG/CHANGELOG-1.32.md).

See the [CHANGELOG](https://github.com/kubernetes/kubernetes/blob/master/CHANGELOG/CHANGELOG-1.32.md) for more details.



",v1.31.14,1.32.10,True
kubernetes/kubernetes,263778667,v1.35.0-beta.0,Kubernetes v1.35.0-beta.0,2025-11-19 20:32:24+00:00,True,False,master,"
See [kubernetes-announce@](https://groups.google.com/forum/#!forum/kubernetes-announce). Additional binary downloads are linked in the [CHANGELOG](https://github.com/kubernetes/kubernetes/blob/master/CHANGELOG/CHANGELOG-1.35.md).

See the [CHANGELOG](https://github.com/kubernetes/kubernetes/blob/master/CHANGELOG/CHANGELOG-1.35.md) for more details.



",v1.32.10,1.35.0-beta.0,False
kubernetes/kubernetes,266970665,v1.35.0-rc.0,Kubernetes v1.35.0-rc.0,2025-12-03 06:27:07+00:00,True,False,master,"
See [kubernetes-announce@](https://groups.google.com/forum/#!forum/kubernetes-announce). Additional binary downloads are linked in the [CHANGELOG](https://github.com/kubernetes/kubernetes/blob/master/CHANGELOG/CHANGELOG-1.35.md).

See the [CHANGELOG](https://github.com/kubernetes/kubernetes/blob/master/CHANGELOG/CHANGELOG-1.35.md) for more details.



",v1.35.0-beta.0,1.35.0-rc.0,False
kubernetes/kubernetes,268857647,v1.35.0-rc.1,Kubernetes v1.35.0-rc.1,2025-12-09 19:13:00+00:00,True,False,master,"
See [kubernetes-announce@](https://groups.google.com/forum/#!forum/kubernetes-announce). Additional binary downloads are linked in the [CHANGELOG](https://github.com/kubernetes/kubernetes/blob/master/CHANGELOG/CHANGELOG-1.35.md).

See the [CHANGELOG](https://github.com/kubernetes/kubernetes/blob/master/CHANGELOG/CHANGELOG-1.35.md) for more details.



",v1.35.0-rc.0,1.35.0-rc.1,False
kubernetes/kubernetes,268945625,v1.34.3,Kubernetes v1.34.3,2025-12-10 01:13:53+00:00,False,False,master,"
See [kubernetes-announce@](https://groups.google.com/forum/#!forum/kubernetes-announce). Additional binary downloads are linked in the [CHANGELOG](https://github.com/kubernetes/kubernetes/blob/master/CHANGELOG/CHANGELOG-1.34.md).

See the [CHANGELOG](https://github.com/kubernetes/kubernetes/blob/master/CHANGELOG/CHANGELOG-1.34.md) for more details.



",v1.33.7,1.34.3,True
kubernetes/kubernetes,268945810,v1.33.7,Kubernetes v1.33.7,2025-12-10 01:15:27+00:00,False,False,master,"
See [kubernetes-announce@](https://groups.google.com/forum/#!forum/kubernetes-announce). Additional binary downloads are linked in the [CHANGELOG](https://github.com/kubernetes/kubernetes/blob/master/CHANGELOG/CHANGELOG-1.33.md).

See the [CHANGELOG](https://github.com/kubernetes/kubernetes/blob/master/CHANGELOG/CHANGELOG-1.33.md) for more details.



",v1.35.0-rc.1,1.33.7,True
kubernetes/kubernetes,270894952,v1.32.11,Kubernetes v1.32.11,2025-12-16 21:28:50+00:00,False,False,master,"
See [kubernetes-announce@](https://groups.google.com/forum/#!forum/kubernetes-announce). Additional binary downloads are linked in the [CHANGELOG](https://github.com/kubernetes/kubernetes/blob/master/CHANGELOG/CHANGELOG-1.32.md).

See the [CHANGELOG](https://github.com/kubernetes/kubernetes/blob/master/CHANGELOG/CHANGELOG-1.32.md) for more details.



",v1.34.3,1.32.11,True
kubernetes/kubernetes,271217654,v1.35.0,Kubernetes v1.35.0,2025-12-17 20:01:55+00:00,False,False,master,"
See [kubernetes-announce@](https://groups.google.com/forum/#!forum/kubernetes-announce). Additional binary downloads are linked in the [CHANGELOG](https://github.com/kubernetes/kubernetes/blob/master/CHANGELOG/CHANGELOG-1.35.md).

See the [CHANGELOG](https://github.com/kubernetes/kubernetes/blob/master/CHANGELOG/CHANGELOG-1.35.md) for more details.



",v1.32.11,1.35.0,True
kubernetes/kubernetes,283923656,v1.36.0-alpha.1,v1.36.0-alpha.1,2026-02-06 22:38:32+00:00,True,False,master,"
See [kubernetes-announce@](https://groups.google.com/forum/#!forum/kubernetes-announce). Additional binary downloads are linked in the [CHANGELOG](https://github.com/kubernetes/kubernetes/blob/master/CHANGELOG/CHANGELOG-1.36.md).

See the [CHANGELOG](https://github.com/kubernetes/kubernetes/blob/master/CHANGELOG/CHANGELOG-1.36.md) for more details.



",v1.35.0,1.36.0-alpha.1,False
kubernetes/kubernetes,284969517,v1.35.1,v1.35.1,2026-02-10 19:03:38+00:00,False,False,master,"
See [kubernetes-announce@](https://groups.google.com/forum/#!forum/kubernetes-announce). Additional binary downloads are linked in the [CHANGELOG](https://github.com/kubernetes/kubernetes/blob/master/CHANGELOG/CHANGELOG-1.35.md).

See the [CHANGELOG](https://github.com/kubernetes/kubernetes/blob/master/CHANGELOG/CHANGELOG-1.35.md) for more details.



",v1.36.0-alpha.1,1.35.1,True
kubernetes/kubernetes,284969888,v1.34.4,v1.34.4,2026-02-10 19:04:56+00:00,False,False,master,"
See [kubernetes-announce@](https://groups.google.com/forum/#!forum/kubernetes-announce). Additional binary downloads are linked in the [CHANGELOG](https://github.com/kubernetes/kubernetes/blob/master/CHANGELOG/CHANGELOG-1.34.md).

See the [CHANGELOG](https://github.com/kubernetes/kubernetes/blob/master/CHANGELOG/CHANGELOG-1.34.md) for more details.



",v1.35.1,1.34.4,True
kubernetes/kubernetes,284970046,v1.33.8,v1.33.8,2026-02-10 19:05:31+00:00,False,False,master,"
See [kubernetes-announce@](https://groups.google.com/forum/#!forum/kubernetes-announce). Additional binary downloads are linked in the [CHANGELOG](https://github.com/kubernetes/kubernetes/blob/master/CHANGELOG/CHANGELOG-1.33.md).

See the [CHANGELOG](https://github.com/kubernetes/kubernetes/blob/master/CHANGELOG/CHANGELOG-1.33.md) for more details.



",v1.34.4,1.33.8,True
kubernetes/kubernetes,284970301,v1.32.12,v1.32.12,2026-02-10 19:06:23+00:00,False,False,master,"
See [kubernetes-announce@](https://groups.google.com/forum/#!forum/kubernetes-announce). Additional binary downloads are linked in the [CHANGELOG](https://github.com/kubernetes/kubernetes/blob/master/CHANGELOG/CHANGELOG-1.32.md).

See the [CHANGELOG](https://github.com/kubernetes/kubernetes/blob/master/CHANGELOG/CHANGELOG-1.32.md) for more details.



",v1.33.8,1.32.12,True
kubernetes/kubernetes,290938263,v1.36.0-alpha.2,v1.36.0-alpha.2,2026-02-26 14:31:43+00:00,True,False,master,"
See [kubernetes-announce@](https://groups.google.com/forum/#!forum/kubernetes-announce). Additional binary downloads are linked in the [CHANGELOG](https://github.com/kubernetes/kubernetes/blob/master/CHANGELOG/CHANGELOG-1.36.md).

See the [CHANGELOG](https://github.com/kubernetes/kubernetes/blob/master/CHANGELOG/CHANGELOG-1.36.md) for more details.



",v1.32.12,1.36.0-alpha.2,False
kubernetes/kubernetes,291155487,v1.34.5,v1.34.5,2026-02-26 23:56:38+00:00,False,False,master,"
See [kubernetes-announce@](https://groups.google.com/forum/#!forum/kubernetes-announce). Additional binary downloads are linked in the [CHANGELOG](https://github.com/kubernetes/kubernetes/blob/master/CHANGELOG/CHANGELOG-1.34.md).

See the [CHANGELOG](https://github.com/kubernetes/kubernetes/blob/master/CHANGELOG/CHANGELOG-1.34.md) for more details.



",v1.35.2,1.34.5,True
kubernetes/kubernetes,291155910,v1.33.9,v1.33.9,2026-02-26 23:57:29+00:00,False,False,master,"
See [kubernetes-announce@](https://groups.google.com/forum/#!forum/kubernetes-announce). Additional binary downloads are linked in the [CHANGELOG](https://github.com/kubernetes/kubernetes/blob/master/CHANGELOG/CHANGELOG-1.33.md).

See the [CHANGELOG](https://github.com/kubernetes/kubernetes/blob/master/CHANGELOG/CHANGELOG-1.33.md) for more details.



",v1.34.5,1.33.9,True
kubernetes/kubernetes,291156076,v1.32.13,v1.32.13,2026-02-26 23:58:24+00:00,False,False,master,"
See [kubernetes-announce@](https://groups.google.com/forum/#!forum/kubernetes-announce). Additional binary downloads are linked in the [CHANGELOG](https://github.com/kubernetes/kubernetes/blob/master/CHANGELOG/CHANGELOG-1.32.md).

See the [CHANGELOG](https://github.com/kubernetes/kubernetes/blob/master/CHANGELOG/CHANGELOG-1.32.md) for more details.



",v1.33.9,1.32.13,True
kubernetes/kubernetes,291157965,v1.35.2,v1.35.2,2026-02-27 00:09:07+00:00,False,False,master,"
See [kubernetes-announce@](https://groups.google.com/forum/#!forum/kubernetes-announce). Additional binary downloads are linked in the [CHANGELOG](https://github.com/kubernetes/kubernetes/blob/master/CHANGELOG/CHANGELOG-1.35.md).

See the [CHANGELOG](https://github.com/kubernetes/kubernetes/blob/master/CHANGELOG/CHANGELOG-1.35.md) for more details.



",v1.36.0-alpha.2,1.35.2,True
kubernetes/kubernetes,298764997,v1.33.10,v1.33.10,2026-03-19 03:18:00+00:00,False,False,master,"
See [kubernetes-announce@](https://groups.google.com/forum/#!forum/kubernetes-announce). Additional binary downloads are linked in the [CHANGELOG](https://github.com/kubernetes/kubernetes/blob/master/CHANGELOG/CHANGELOG-1.33.md).

See the [CHANGELOG](https://github.com/kubernetes/kubernetes/blob/master/CHANGELOG/CHANGELOG-1.33.md) for more details.



",v1.32.13,1.33.10,True
kubernetes/kubernetes,298765256,v1.34.6,v1.34.6,2026-03-19 03:19:46+00:00,False,False,master,"
See [kubernetes-announce@](https://groups.google.com/forum/#!forum/kubernetes-announce). Additional binary downloads are linked in the [CHANGELOG](https://github.com/kubernetes/kubernetes/blob/master/CHANGELOG/CHANGELOG-1.34.md).

See the [CHANGELOG](https://github.com/kubernetes/kubernetes/blob/master/CHANGELOG/CHANGELOG-1.34.md) for more details.



",v1.35.3,1.34.6,True
kubernetes/kubernetes,298765484,v1.35.3,v1.35.3,2026-03-19 03:20:52+00:00,False,False,master,"
See [kubernetes-announce@](https://groups.google.com/forum/#!forum/kubernetes-announce). Additional binary downloads are linked in the [CHANGELOG](https://github.com/kubernetes/kubernetes/blob/master/CHANGELOG/CHANGELOG-1.35.md).

See the [CHANGELOG](https://github.com/kubernetes/kubernetes/blob/master/CHANGELOG/CHANGELOG-1.35.md) for more details.



",v1.33.10,1.35.3,True
kubernetes/kubernetes,299251747,v1.36.0-beta.0,v1.36.0-beta.0,2026-03-20 04:33:40+00:00,True,False,master,"
See [kubernetes-announce@](https://groups.google.com/forum/#!forum/kubernetes-announce). Additional binary downloads are linked in the [CHANGELOG](https://github.com/kubernetes/kubernetes/blob/master/CHANGELOG/CHANGELOG-1.36.md).

See the [CHANGELOG](https://github.com/kubernetes/kubernetes/blob/master/CHANGELOG/CHANGELOG-1.36.md) for more details.



",v1.34.6,1.36.0-beta.0,False
kubernetes/kubernetes,306817078,v1.36.0-rc.0,v1.36.0-rc.0,2026-04-08 22:15:08+00:00,True,False,master,"
See [kubernetes-announce@](https://groups.google.com/forum/#!forum/kubernetes-announce). Additional binary downloads are linked in the [CHANGELOG](https://github.com/kubernetes/kubernetes/blob/master/CHANGELOG/CHANGELOG-1.36.md).

See the [CHANGELOG](https://github.com/kubernetes/kubernetes/blob/master/CHANGELOG/CHANGELOG-1.36.md) for more details.



",v1.36.0-beta.0,1.36.0-rc.0,False
kubernetes/kubernetes,309101777,v1.36.0-rc.1,v1.36.0-rc.1,2026-04-15 00:04:15+00:00,True,False,master,"
See [kubernetes-announce@](https://groups.google.com/forum/#!forum/kubernetes-announce). Additional binary downloads are linked in the [CHANGELOG](https://github.com/kubernetes/kubernetes/blob/master/CHANGELOG/CHANGELOG-1.36.md).

See the [CHANGELOG](https://github.com/kubernetes/kubernetes/blob/master/CHANGELOG/CHANGELOG-1.36.md) for more details.



",v1.36.0-rc.0,1.36.0-rc.1,False
kubernetes/kubernetes,309580337,v1.35.4,v1.35.4,2026-04-15 21:54:01+00:00,False,False,master,"
See [kubernetes-announce@](https://groups.google.com/forum/#!forum/kubernetes-announce). Additional binary downloads are linked in the [CHANGELOG](https://github.com/kubernetes/kubernetes/blob/master/CHANGELOG/CHANGELOG-1.35.md).

See the [CHANGELOG](https://github.com/kubernetes/kubernetes/blob/master/CHANGELOG/CHANGELOG-1.35.md) for more details.



",v1.36.0-rc.1,1.35.4,True
kubernetes/kubernetes,309580521,v1.34.7,v1.34.7,2026-04-15 21:54:39+00:00,False,False,master,"
See [kubernetes-announce@](https://groups.google.com/forum/#!forum/kubernetes-announce). Additional binary downloads are linked in the [CHANGELOG](https://github.com/kubernetes/kubernetes/blob/master/CHANGELOG/CHANGELOG-1.34.md).

See the [CHANGELOG](https://github.com/kubernetes/kubernetes/blob/master/CHANGELOG/CHANGELOG-1.34.md) for more details.



",v1.35.4,1.34.7,True
kubernetes/kubernetes,309580713,v1.33.11,v1.33.11,2026-04-15 21:55:24+00:00,False,False,master,"
See [kubernetes-announce@](https://groups.google.com/forum/#!forum/kubernetes-announce). Additional binary downloads are linked in the [CHANGELOG](https://github.com/kubernetes/kubernetes/blob/master/CHANGELOG/CHANGELOG-1.33.md).

See the [CHANGELOG](https://github.com/kubernetes/kubernetes/blob/master/CHANGELOG/CHANGELOG-1.33.md) for more details.



",v1.34.7,1.33.11,True
kubernetes/kubernetes,312368266,v1.36.0,v1.36.0,2026-04-22 17:57:14+00:00,False,False,master,"
See [kubernetes-announce@](https://groups.google.com/forum/#!forum/kubernetes-announce). Additional binary downloads are linked in the [CHANGELOG](https://github.com/kubernetes/kubernetes/blob/master/CHANGELOG/CHANGELOG-1.36.md).

See the [CHANGELOG](https://github.com/kubernetes/kubernetes/blob/master/CHANGELOG/CHANGELOG-1.36.md) for more details.



",v1.33.11,1.36.0,True
kubernetes/kubernetes,321191052,v1.33.12,v1.33.12,2026-05-12 14:09:45+00:00,False,False,master,"
See [kubernetes-announce@](https://groups.google.com/forum/#!forum/kubernetes-announce). Additional binary downloads are linked in the [CHANGELOG](https://github.com/kubernetes/kubernetes/blob/master/CHANGELOG/CHANGELOG-1.33.md).

See the [CHANGELOG](https://github.com/kubernetes/kubernetes/blob/master/CHANGELOG/CHANGELOG-1.33.md) for more details.



",v1.36.0,1.33.12,True
kubernetes/kubernetes,321243963,v1.34.8,v1.34.8,2026-05-12 15:35:14+00:00,False,False,master,"
See [kubernetes-announce@](https://groups.google.com/forum/#!forum/kubernetes-announce). Additional binary downloads are linked in the [CHANGELOG](https://github.com/kubernetes/kubernetes/blob/master/CHANGELOG/CHANGELOG-1.34.md).

See the [CHANGELOG](https://github.com/kubernetes/kubernetes/blob/master/CHANGELOG/CHANGELOG-1.34.md) for more details.



",v1.33.12,1.34.8,True
kubernetes/kubernetes,321245106,v1.35.5,v1.35.5,2026-05-12 15:37:25+00:00,False,False,master,"
See [kubernetes-announce@](https://groups.google.com/forum/#!forum/kubernetes-announce). Additional binary downloads are linked in the [CHANGELOG](https://github.com/kubernetes/kubernetes/blob/master/CHANGELOG/CHANGELOG-1.35.md).

See the [CHANGELOG](https://github.com/kubernetes/kubernetes/blob/master/CHANGELOG/CHANGELOG-1.35.md) for more details.



",v1.34.8,1.35.5,True
kubernetes/kubernetes,321280531,v1.36.1,v1.36.1,2026-05-12 16:39:25+00:00,False,False,master,"
See [kubernetes-announce@](https://groups.google.com/forum/#!forum/kubernetes-announce). Additional binary downloads are linked in the [CHANGELOG](https://github.com/kubernetes/kubernetes/blob/master/CHANGELOG/CHANGELOG-1.36.md).

See the [CHANGELOG](https://github.com/kubernetes/kubernetes/blob/master/CHANGELOG/CHANGELOG-1.36.md) for more details.



",v1.35.5,1.36.1,True
kubernetes/kubernetes,337644053,v1.37.0-alpha.1,v1.37.0-alpha.1,2026-06-11 03:25:52+00:00,True,False,master,"
See [kubernetes-announce@](https://groups.google.com/forum/#!forum/kubernetes-announce). Additional binary downloads are linked in the [CHANGELOG](https://github.com/kubernetes/kubernetes/blob/master/CHANGELOG/CHANGELOG-1.37.md).

See the [CHANGELOG](https://github.com/kubernetes/kubernetes/blob/master/CHANGELOG/CHANGELOG-1.37.md) for more details.



",v1.36.1,1.37.0-alpha.1,False
kubernetes/kubernetes,338534286,v1.33.13,v1.33.13,2026-06-12 11:30:10+00:00,False,False,master,"
See [kubernetes-announce@](https://groups.google.com/forum/#!forum/kubernetes-announce). Additional binary downloads are linked in the [CHANGELOG](https://github.com/kubernetes/kubernetes/blob/master/CHANGELOG/CHANGELOG-1.33.md).

See the [CHANGELOG](https://github.com/kubernetes/kubernetes/blob/master/CHANGELOG/CHANGELOG-1.33.md) for more details.



",v1.37.0-alpha.1,1.33.13,True
kubernetes/kubernetes,338534516,v1.34.9,v1.34.9,2026-06-12 11:30:42+00:00,False,False,master,"
See [kubernetes-announce@](https://groups.google.com/forum/#!forum/kubernetes-announce). Additional binary downloads are linked in the [CHANGELOG](https://github.com/kubernetes/kubernetes/blob/master/CHANGELOG/CHANGELOG-1.34.md).

See the [CHANGELOG](https://github.com/kubernetes/kubernetes/blob/master/CHANGELOG/CHANGELOG-1.34.md) for more details.



",v1.33.13,1.34.9,True
kubernetes/kubernetes,338535372,v1.35.6,v1.35.6,2026-06-12 11:32:40+00:00,False,False,master,"
See [kubernetes-announce@](https://groups.google.com/forum/#!forum/kubernetes-announce). Additional binary downloads are linked in the [CHANGELOG](https://github.com/kubernetes/kubernetes/blob/master/CHANGELOG/CHANGELOG-1.35.md).

See the [CHANGELOG](https://github.com/kubernetes/kubernetes/blob/master/CHANGELOG/CHANGELOG-1.35.md) for more details.



",v1.34.9,1.35.6,True
kubernetes/kubernetes,338536321,v1.36.2,v1.36.2,2026-06-12 11:34:56+00:00,False,False,master,"
See [kubernetes-announce@](https://groups.google.com/forum/#!forum/kubernetes-announce). Additional binary downloads are linked in the [CHANGELOG](https://github.com/kubernetes/kubernetes/blob/master/CHANGELOG/CHANGELOG-1.36.md).

See the [CHANGELOG](https://github.com/kubernetes/kubernetes/blob/master/CHANGELOG/CHANGELOG-1.36.md) for more details.



",v1.35.6,1.36.2,True
kubernetes/kubernetes,344453160,v1.37.0-alpha.2,v1.37.0-alpha.2,2026-06-25 02:40:51+00:00,True,False,master,"
See [kubernetes-announce@](https://groups.google.com/forum/#!forum/kubernetes-announce). Additional binary downloads are linked in the [CHANGELOG](https://github.com/kubernetes/kubernetes/blob/master/CHANGELOG/CHANGELOG-1.37.md).

See the [CHANGELOG](https://github.com/kubernetes/kubernetes/blob/master/CHANGELOG/CHANGELOG-1.37.md) for more details.



",v1.36.2,1.37.0-alpha.2,False
kubernetes/kubernetes,351103297,v1.37.0-alpha.3,v1.37.0-alpha.3,2026-07-08 18:11:06+00:00,True,False,master,"
See [kubernetes-announce@](https://groups.google.com/forum/#!forum/kubernetes-announce). Additional binary downloads are linked in the [CHANGELOG](https://github.com/kubernetes/kubernetes/blob/master/CHANGELOG/CHANGELOG-1.37.md).

See the [CHANGELOG](https://github.com/kubernetes/kubernetes/blob/master/CHANGELOG/CHANGELOG-1.37.md) for more details.



",v1.37.0-alpha.2,1.37.0-alpha.3,False
