release_id,repository_name,predicted_probability,risk_tier,top_driver_1,top_driver_2,top_driver_3,recommendation_1,recommendation_2,recommendation_3,split
36351013,kubernetes/kubernetes,0.6297428920095633,High,"release_sequence (contribution=0.095): This release's position in its repository's history is associated with elevated risk (a project-wide finding, strongest and most consistent signal across every analysis method used).","open_bugs_at_release_repo_z (contribution=0.013): The pre-release open-bug backlog is unusually high or low relative to THIS REPOSITORY'S OWN typical level (a repo-normalized value, not a raw count -- see the raw open_bugs_at_release column for the actual count). NOTE: this relationship runs in OPPOSITE directions for microsoft/vscode versus kubernetes/kubernetes and apache/airflow -- confirm which repository this release belongs to before interpreting the direction.",pct_merged (contribution=0.006): The share of this cycle's PRs that were merged (vs. closed unmerged) is unusually high or low.,Cross-check against recent actual bug trends for this repository before relying heavily on this signal alone -- it partly reflects a documented training-period drift pattern that may not hold indefinitely (see the Target-Variable Definition document).,For kubernetes/kubernetes or apache/airflow: a high backlog suggests unresolved technical debt risk -- consider prioritizing backlog triage before this release ships. For microsoft/vscode: a LOW backlog was associated with higher risk in this dataset -- investigate whether this reflects under-reporting rather than genuine stability before treating it as reassuring.,A low merge rate paired with elevated risk may indicate churn or disagreement during review; investigate closed-unmerged PRs for recurring concerns.,train
36351486,kubernetes/kubernetes,0.5683392310290701,High,"release_sequence (contribution=0.093): This release's position in its repository's history is associated with elevated risk (a project-wide finding, strongest and most consistent signal across every analysis method used).","open_bugs_at_release_repo_z (contribution=0.013): The pre-release open-bug backlog is unusually high or low relative to THIS REPOSITORY'S OWN typical level (a repo-normalized value, not a raw count -- see the raw open_bugs_at_release column for the actual count). NOTE: this relationship runs in OPPOSITE directions for microsoft/vscode versus kubernetes/kubernetes and apache/airflow -- confirm which repository this release belongs to before interpreting the direction.",pct_merged (contribution=0.006): The share of this cycle's PRs that were merged (vs. closed unmerged) is unusually high or low.,Cross-check against recent actual bug trends for this repository before relying heavily on this signal alone -- it partly reflects a documented training-period drift pattern that may not hold indefinitely (see the Target-Variable Definition document).,For kubernetes/kubernetes or apache/airflow: a high backlog suggests unresolved technical debt risk -- consider prioritizing backlog triage before this release ships. For microsoft/vscode: a LOW backlog was associated with higher risk in this dataset -- investigate whether this reflects under-reporting rather than genuine stability before treating it as reassuring.,A low merge rate paired with elevated risk may indicate churn or disagreement during review; investigate closed-unmerged PRs for recurring concerns.,train
36351831,kubernetes/kubernetes,0.5680524174935218,High,"release_sequence (contribution=0.092): This release's position in its repository's history is associated with elevated risk (a project-wide finding, strongest and most consistent signal across every analysis method used).","open_bugs_at_release_repo_z (contribution=0.013): The pre-release open-bug backlog is unusually high or low relative to THIS REPOSITORY'S OWN typical level (a repo-normalized value, not a raw count -- see the raw open_bugs_at_release column for the actual count). NOTE: this relationship runs in OPPOSITE directions for microsoft/vscode versus kubernetes/kubernetes and apache/airflow -- confirm which repository this release belongs to before interpreting the direction.",pct_merged (contribution=0.006): The share of this cycle's PRs that were merged (vs. closed unmerged) is unusually high or low.,Cross-check against recent actual bug trends for this repository before relying heavily on this signal alone -- it partly reflects a documented training-period drift pattern that may not hold indefinitely (see the Target-Variable Definition document).,For kubernetes/kubernetes or apache/airflow: a high backlog suggests unresolved technical debt risk -- consider prioritizing backlog triage before this release ships. For microsoft/vscode: a LOW backlog was associated with higher risk in this dataset -- investigate whether this reflects under-reporting rather than genuine stability before treating it as reassuring.,A low merge rate paired with elevated risk may indicate churn or disagreement during review; investigate closed-unmerged PRs for recurring concerns.,train
36352135,kubernetes/kubernetes,0.5677655792674633,High,"release_sequence (contribution=0.091): This release's position in its repository's history is associated with elevated risk (a project-wide finding, strongest and most consistent signal across every analysis method used).","open_bugs_at_release_repo_z (contribution=0.013): The pre-release open-bug backlog is unusually high or low relative to THIS REPOSITORY'S OWN typical level (a repo-normalized value, not a raw count -- see the raw open_bugs_at_release column for the actual count). NOTE: this relationship runs in OPPOSITE directions for microsoft/vscode versus kubernetes/kubernetes and apache/airflow -- confirm which repository this release belongs to before interpreting the direction.",pct_merged (contribution=0.006): The share of this cycle's PRs that were merged (vs. closed unmerged) is unusually high or low.,Cross-check against recent actual bug trends for this repository before relying heavily on this signal alone -- it partly reflects a documented training-period drift pattern that may not hold indefinitely (see the Target-Variable Definition document).,For kubernetes/kubernetes or apache/airflow: a high backlog suggests unresolved technical debt risk -- consider prioritizing backlog triage before this release ships. For microsoft/vscode: a LOW backlog was associated with higher risk in this dataset -- investigate whether this reflects under-reporting rather than genuine stability before treating it as reassuring.,A low merge rate paired with elevated risk may indicate churn or disagreement during review; investigate closed-unmerged PRs for recurring concerns.,train
38191304,kubernetes/kubernetes,0.6024458893436897,High,"prior_releases_avg_bugs_repo_z (contribution=0.142): This repository's historical average post-release bug count (from releases whose own outcome was already known at this release's time), expressed relative to this repository's own typical level (repo-normalized, not a raw count).",first_time_contributor_count (contribution=0.132): This release involved an unusually high number of first-time contributors.,"release_sequence (contribution=0.086): This release's position in its repository's history is associated with elevated risk (a project-wide finding, strongest and most consistent signal across every analysis method used).","Review whether recent releases in this repository have been trending toward more or fewer post-release bugs; a persistently high historical average may warrant a broader process review, not just extra scrutiny on this one release.","Consider additional review scrutiny specifically on first-time contributors' changes, given this project's confirmed (though not fully independent of other factors) association between contributor turnover and elevated risk.",Cross-check against recent actual bug trends for this repository before relying heavily on this signal alone -- it partly reflects a documented training-period drift pattern that may not hold indefinitely (see the Target-Variable Definition document).,train
38191357,kubernetes/kubernetes,0.5432625053874698,High,"prior_releases_avg_bugs_repo_z (contribution=0.142): This repository's historical average post-release bug count (from releases whose own outcome was already known at this release's time), expressed relative to this repository's own typical level (repo-normalized, not a raw count).","release_sequence (contribution=0.085): This release's position in its repository's history is associated with elevated risk (a project-wide finding, strongest and most consistent signal across every analysis method used).","open_bugs_at_release_repo_z (contribution=0.010): The pre-release open-bug backlog is unusually high or low relative to THIS REPOSITORY'S OWN typical level (a repo-normalized value, not a raw count -- see the raw open_bugs_at_release column for the actual count). NOTE: this relationship runs in OPPOSITE directions for microsoft/vscode versus kubernetes/kubernetes and apache/airflow -- confirm which repository this release belongs to before interpreting the direction.","Review whether recent releases in this repository have been trending toward more or fewer post-release bugs; a persistently high historical average may warrant a broader process review, not just extra scrutiny on this one release.",Cross-check against recent actual bug trends for this repository before relying heavily on this signal alone -- it partly reflects a documented training-period drift pattern that may not hold indefinitely (see the Target-Variable Definition document).,For kubernetes/kubernetes or apache/airflow: a high backlog suggests unresolved technical debt risk -- consider prioritizing backlog triage before this release ships. For microsoft/vscode: a LOW backlog was associated with higher risk in this dataset -- investigate whether this reflects under-reporting rather than genuine stability before treating it as reassuring.,train
38191467,kubernetes/kubernetes,0.5429725611365319,High,"prior_releases_avg_bugs_repo_z (contribution=0.142): This repository's historical average post-release bug count (from releases whose own outcome was already known at this release's time), expressed relative to this repository's own typical level (repo-normalized, not a raw count).","release_sequence (contribution=0.084): This release's position in its repository's history is associated with elevated risk (a project-wide finding, strongest and most consistent signal across every analysis method used).","open_bugs_at_release_repo_z (contribution=0.010): The pre-release open-bug backlog is unusually high or low relative to THIS REPOSITORY'S OWN typical level (a repo-normalized value, not a raw count -- see the raw open_bugs_at_release column for the actual count). NOTE: this relationship runs in OPPOSITE directions for microsoft/vscode versus kubernetes/kubernetes and apache/airflow -- confirm which repository this release belongs to before interpreting the direction.","Review whether recent releases in this repository have been trending toward more or fewer post-release bugs; a persistently high historical average may warrant a broader process review, not just extra scrutiny on this one release.",Cross-check against recent actual bug trends for this repository before relying heavily on this signal alone -- it partly reflects a documented training-period drift pattern that may not hold indefinitely (see the Target-Variable Definition document).,For kubernetes/kubernetes or apache/airflow: a high backlog suggests unresolved technical debt risk -- consider prioritizing backlog triage before this release ships. For microsoft/vscode: a LOW backlog was associated with higher risk in this dataset -- investigate whether this reflects under-reporting rather than genuine stability before treating it as reassuring.,train
38251599,kubernetes/kubernetes,0.5360043049294047,High,"prior_releases_avg_bugs_repo_z (contribution=0.142): This repository's historical average post-release bug count (from releases whose own outcome was already known at this release's time), expressed relative to this repository's own typical level (repo-normalized, not a raw count).","release_sequence (contribution=0.083): This release's position in its repository's history is associated with elevated risk (a project-wide finding, strongest and most consistent signal across every analysis method used).","first_time_contributor_share (contribution=0.019): Same signal as first_time_contributor_count, expressed as a share of all contributors.","Review whether recent releases in this repository have been trending toward more or fewer post-release bugs; a persistently high historical average may warrant a broader process review, not just extra scrutiny on this one release.",Cross-check against recent actual bug trends for this repository before relying heavily on this signal alone -- it partly reflects a documented training-period drift pattern that may not hold indefinitely (see the Target-Variable Definition document).,See first_time_contributor_count recommendation.,train
40026670,kubernetes/kubernetes,0.5908354911103265,High,"prior_releases_avg_bugs_repo_z (contribution=0.145): This repository's historical average post-release bug count (from releases whose own outcome was already known at this release's time), expressed relative to this repository's own typical level (repo-normalized, not a raw count).",first_time_contributor_count (contribution=0.104): This release involved an unusually high number of first-time contributors.,"release_sequence (contribution=0.079): This release's position in its repository's history is associated with elevated risk (a project-wide finding, strongest and most consistent signal across every analysis method used).","Review whether recent releases in this repository have been trending toward more or fewer post-release bugs; a persistently high historical average may warrant a broader process review, not just extra scrutiny on this one release.","Consider additional review scrutiny specifically on first-time contributors' changes, given this project's confirmed (though not fully independent of other factors) association between contributor turnover and elevated risk.",Cross-check against recent actual bug trends for this repository before relying heavily on this signal alone -- it partly reflects a documented training-period drift pattern that may not hold indefinitely (see the Target-Variable Definition document).,train
40026943,kubernetes/kubernetes,0.5428829397724835,High,"prior_releases_avg_bugs_repo_z (contribution=0.145): This repository's historical average post-release bug count (from releases whose own outcome was already known at this release's time), expressed relative to this repository's own typical level (repo-normalized, not a raw count).","release_sequence (contribution=0.078): This release's position in its repository's history is associated with elevated risk (a project-wide finding, strongest and most consistent signal across every analysis method used).","open_bugs_at_release_repo_z (contribution=0.012): The pre-release open-bug backlog is unusually high or low relative to THIS REPOSITORY'S OWN typical level (a repo-normalized value, not a raw count -- see the raw open_bugs_at_release column for the actual count). NOTE: this relationship runs in OPPOSITE directions for microsoft/vscode versus kubernetes/kubernetes and apache/airflow -- confirm which repository this release belongs to before interpreting the direction.","Review whether recent releases in this repository have been trending toward more or fewer post-release bugs; a persistently high historical average may warrant a broader process review, not just extra scrutiny on this one release.",Cross-check against recent actual bug trends for this repository before relying heavily on this signal alone -- it partly reflects a documented training-period drift pattern that may not hold indefinitely (see the Target-Variable Definition document).,For kubernetes/kubernetes or apache/airflow: a high backlog suggests unresolved technical debt risk -- consider prioritizing backlog triage before this release ships. For microsoft/vscode: a LOW backlog was associated with higher risk in this dataset -- investigate whether this reflects under-reporting rather than genuine stability before treating it as reassuring.,train
40027219,kubernetes/kubernetes,0.5425928846788572,High,"prior_releases_avg_bugs_repo_z (contribution=0.145): This repository's historical average post-release bug count (from releases whose own outcome was already known at this release's time), expressed relative to this repository's own typical level (repo-normalized, not a raw count).","release_sequence (contribution=0.077): This release's position in its repository's history is associated with elevated risk (a project-wide finding, strongest and most consistent signal across every analysis method used).","open_bugs_at_release_repo_z (contribution=0.012): The pre-release open-bug backlog is unusually high or low relative to THIS REPOSITORY'S OWN typical level (a repo-normalized value, not a raw count -- see the raw open_bugs_at_release column for the actual count). NOTE: this relationship runs in OPPOSITE directions for microsoft/vscode versus kubernetes/kubernetes and apache/airflow -- confirm which repository this release belongs to before interpreting the direction.","Review whether recent releases in this repository have been trending toward more or fewer post-release bugs; a persistently high historical average may warrant a broader process review, not just extra scrutiny on this one release.",Cross-check against recent actual bug trends for this repository before relying heavily on this signal alone -- it partly reflects a documented training-period drift pattern that may not hold indefinitely (see the Target-Variable Definition document).,For kubernetes/kubernetes or apache/airflow: a high backlog suggests unresolved technical debt risk -- consider prioritizing backlog triage before this release ships. For microsoft/vscode: a LOW backlog was associated with higher risk in this dataset -- investigate whether this reflects under-reporting rather than genuine stability before treating it as reassuring.,train
41140171,kubernetes/kubernetes,0.5609848377269218,High,"prior_releases_avg_bugs_repo_z (contribution=0.176): This repository's historical average post-release bug count (from releases whose own outcome was already known at this release's time), expressed relative to this repository's own typical level (repo-normalized, not a raw count).","release_sequence (contribution=0.075): This release's position in its repository's history is associated with elevated risk (a project-wide finding, strongest and most consistent signal across every analysis method used).",first_time_contributor_count (contribution=0.025): This release involved an unusually high number of first-time contributors.,"Review whether recent releases in this repository have been trending toward more or fewer post-release bugs; a persistently high historical average may warrant a broader process review, not just extra scrutiny on this one release.",Cross-check against recent actual bug trends for this repository before relying heavily on this signal alone -- it partly reflects a documented training-period drift pattern that may not hold indefinitely (see the Target-Variable Definition document).,"Consider additional review scrutiny specifically on first-time contributors' changes, given this project's confirmed (though not fully independent of other factors) association between contributor turnover and elevated risk.",train
41456484,kubernetes/kubernetes,0.5454002850808907,High,"prior_releases_avg_bugs_repo_z (contribution=0.176): This repository's historical average post-release bug count (from releases whose own outcome was already known at this release's time), expressed relative to this repository's own typical level (repo-normalized, not a raw count).","release_sequence (contribution=0.074): This release's position in its repository's history is associated with elevated risk (a project-wide finding, strongest and most consistent signal across every analysis method used).",pct_merged (contribution=0.010): The share of this cycle's PRs that were merged (vs. closed unmerged) is unusually high or low.,"Review whether recent releases in this repository have been trending toward more or fewer post-release bugs; a persistently high historical average may warrant a broader process review, not just extra scrutiny on this one release.",Cross-check against recent actual bug trends for this repository before relying heavily on this signal alone -- it partly reflects a documented training-period drift pattern that may not hold indefinitely (see the Target-Variable Definition document).,A low merge rate paired with elevated risk may indicate churn or disagreement during review; investigate closed-unmerged PRs for recurring concerns.,train
41456496,kubernetes/kubernetes,0.5482165752107072,High,"prior_releases_avg_bugs_repo_z (contribution=0.176): This repository's historical average post-release bug count (from releases whose own outcome was already known at this release's time), expressed relative to this repository's own typical level (repo-normalized, not a raw count).","release_sequence (contribution=0.072): This release's position in its repository's history is associated with elevated risk (a project-wide finding, strongest and most consistent signal across every analysis method used).","open_bugs_at_release_repo_z (contribution=0.009): The pre-release open-bug backlog is unusually high or low relative to THIS REPOSITORY'S OWN typical level (a repo-normalized value, not a raw count -- see the raw open_bugs_at_release column for the actual count). NOTE: this relationship runs in OPPOSITE directions for microsoft/vscode versus kubernetes/kubernetes and apache/airflow -- confirm which repository this release belongs to before interpreting the direction.","Review whether recent releases in this repository have been trending toward more or fewer post-release bugs; a persistently high historical average may warrant a broader process review, not just extra scrutiny on this one release.",Cross-check against recent actual bug trends for this repository before relying heavily on this signal alone -- it partly reflects a documented training-period drift pattern that may not hold indefinitely (see the Target-Variable Definition document).,For kubernetes/kubernetes or apache/airflow: a high backlog suggests unresolved technical debt risk -- consider prioritizing backlog triage before this release ships. For microsoft/vscode: a LOW backlog was associated with higher risk in this dataset -- investigate whether this reflects under-reporting rather than genuine stability before treating it as reassuring.,train
41457093,kubernetes/kubernetes,0.5479283244731386,High,"prior_releases_avg_bugs_repo_z (contribution=0.176): This repository's historical average post-release bug count (from releases whose own outcome was already known at this release's time), expressed relative to this repository's own typical level (repo-normalized, not a raw count).","release_sequence (contribution=0.071): This release's position in its repository's history is associated with elevated risk (a project-wide finding, strongest and most consistent signal across every analysis method used).","open_bugs_at_release_repo_z (contribution=0.009): The pre-release open-bug backlog is unusually high or low relative to THIS REPOSITORY'S OWN typical level (a repo-normalized value, not a raw count -- see the raw open_bugs_at_release column for the actual count). NOTE: this relationship runs in OPPOSITE directions for microsoft/vscode versus kubernetes/kubernetes and apache/airflow -- confirm which repository this release belongs to before interpreting the direction.","Review whether recent releases in this repository have been trending toward more or fewer post-release bugs; a persistently high historical average may warrant a broader process review, not just extra scrutiny on this one release.",Cross-check against recent actual bug trends for this repository before relying heavily on this signal alone -- it partly reflects a documented training-period drift pattern that may not hold indefinitely (see the Target-Variable Definition document).,For kubernetes/kubernetes or apache/airflow: a high backlog suggests unresolved technical debt risk -- consider prioritizing backlog triage before this release ships. For microsoft/vscode: a LOW backlog was associated with higher risk in this dataset -- investigate whether this reflects under-reporting rather than genuine stability before treating it as reassuring.,train
42867664,kubernetes/kubernetes,0.5668895795921273,High,"prior_releases_avg_bugs_repo_z (contribution=0.138): This repository's historical average post-release bug count (from releases whose own outcome was already known at this release's time), expressed relative to this repository's own typical level (repo-normalized, not a raw count).","release_sequence (contribution=0.069): This release's position in its repository's history is associated with elevated risk (a project-wide finding, strongest and most consistent signal across every analysis method used).",first_time_contributor_count (contribution=0.065): This release involved an unusually high number of first-time contributors.,"Review whether recent releases in this repository have been trending toward more or fewer post-release bugs; a persistently high historical average may warrant a broader process review, not just extra scrutiny on this one release.",Cross-check against recent actual bug trends for this repository before relying heavily on this signal alone -- it partly reflects a documented training-period drift pattern that may not hold indefinitely (see the Target-Variable Definition document).,"Consider additional review scrutiny specifically on first-time contributors' changes, given this project's confirmed (though not fully independent of other factors) association between contributor turnover and elevated risk.",train
42868108,kubernetes/kubernetes,0.53848936684184,High,"prior_releases_avg_bugs_repo_z (contribution=0.138): This repository's historical average post-release bug count (from releases whose own outcome was already known at this release's time), expressed relative to this repository's own typical level (repo-normalized, not a raw count).","release_sequence (contribution=0.068): This release's position in its repository's history is associated with elevated risk (a project-wide finding, strongest and most consistent signal across every analysis method used).","open_bugs_at_release_repo_z (contribution=0.012): The pre-release open-bug backlog is unusually high or low relative to THIS REPOSITORY'S OWN typical level (a repo-normalized value, not a raw count -- see the raw open_bugs_at_release column for the actual count). NOTE: this relationship runs in OPPOSITE directions for microsoft/vscode versus kubernetes/kubernetes and apache/airflow -- confirm which repository this release belongs to before interpreting the direction.","Review whether recent releases in this repository have been trending toward more or fewer post-release bugs; a persistently high historical average may warrant a broader process review, not just extra scrutiny on this one release.",Cross-check against recent actual bug trends for this repository before relying heavily on this signal alone -- it partly reflects a documented training-period drift pattern that may not hold indefinitely (see the Target-Variable Definition document).,For kubernetes/kubernetes or apache/airflow: a high backlog suggests unresolved technical debt risk -- consider prioritizing backlog triage before this release ships. For microsoft/vscode: a LOW backlog was associated with higher risk in this dataset -- investigate whether this reflects under-reporting rather than genuine stability before treating it as reassuring.,train
42868402,kubernetes/kubernetes,0.5381987773065408,High,"prior_releases_avg_bugs_repo_z (contribution=0.138): This repository's historical average post-release bug count (from releases whose own outcome was already known at this release's time), expressed relative to this repository's own typical level (repo-normalized, not a raw count).","release_sequence (contribution=0.067): This release's position in its repository's history is associated with elevated risk (a project-wide finding, strongest and most consistent signal across every analysis method used).","open_bugs_at_release_repo_z (contribution=0.012): The pre-release open-bug backlog is unusually high or low relative to THIS REPOSITORY'S OWN typical level (a repo-normalized value, not a raw count -- see the raw open_bugs_at_release column for the actual count). NOTE: this relationship runs in OPPOSITE directions for microsoft/vscode versus kubernetes/kubernetes and apache/airflow -- confirm which repository this release belongs to before interpreting the direction.","Review whether recent releases in this repository have been trending toward more or fewer post-release bugs; a persistently high historical average may warrant a broader process review, not just extra scrutiny on this one release.",Cross-check against recent actual bug trends for this repository before relying heavily on this signal alone -- it partly reflects a documented training-period drift pattern that may not hold indefinitely (see the Target-Variable Definition document).,For kubernetes/kubernetes or apache/airflow: a high backlog suggests unresolved technical debt risk -- consider prioritizing backlog triage before this release ships. For microsoft/vscode: a LOW backlog was associated with higher risk in this dataset -- investigate whether this reflects under-reporting rather than genuine stability before treating it as reassuring.,train
42868425,kubernetes/kubernetes,0.5379079478041129,High,"prior_releases_avg_bugs_repo_z (contribution=0.138): This repository's historical average post-release bug count (from releases whose own outcome was already known at this release's time), expressed relative to this repository's own typical level (repo-normalized, not a raw count).","release_sequence (contribution=0.065): This release's position in its repository's history is associated with elevated risk (a project-wide finding, strongest and most consistent signal across every analysis method used).","open_bugs_at_release_repo_z (contribution=0.012): The pre-release open-bug backlog is unusually high or low relative to THIS REPOSITORY'S OWN typical level (a repo-normalized value, not a raw count -- see the raw open_bugs_at_release column for the actual count). NOTE: this relationship runs in OPPOSITE directions for microsoft/vscode versus kubernetes/kubernetes and apache/airflow -- confirm which repository this release belongs to before interpreting the direction.","Review whether recent releases in this repository have been trending toward more or fewer post-release bugs; a persistently high historical average may warrant a broader process review, not just extra scrutiny on this one release.",Cross-check against recent actual bug trends for this repository before relying heavily on this signal alone -- it partly reflects a documented training-period drift pattern that may not hold indefinitely (see the Target-Variable Definition document).,For kubernetes/kubernetes or apache/airflow: a high backlog suggests unresolved technical debt risk -- consider prioritizing backlog triage before this release ships. For microsoft/vscode: a LOW backlog was associated with higher risk in this dataset -- investigate whether this reflects under-reporting rather than genuine stability before treating it as reassuring.,train
44743553,kubernetes/kubernetes,0.565710839560544,High,"prior_releases_avg_bugs_repo_z (contribution=0.141): This repository's historical average post-release bug count (from releases whose own outcome was already known at this release's time), expressed relative to this repository's own typical level (repo-normalized, not a raw count).","release_sequence (contribution=0.062): This release's position in its repository's history is associated with elevated risk (a project-wide finding, strongest and most consistent signal across every analysis method used).",first_time_contributor_count (contribution=0.052): This release involved an unusually high number of first-time contributors.,"Review whether recent releases in this repository have been trending toward more or fewer post-release bugs; a persistently high historical average may warrant a broader process review, not just extra scrutiny on this one release.",Cross-check against recent actual bug trends for this repository before relying heavily on this signal alone -- it partly reflects a documented training-period drift pattern that may not hold indefinitely (see the Target-Variable Definition document).,"Consider additional review scrutiny specifically on first-time contributors' changes, given this project's confirmed (though not fully independent of other factors) association between contributor turnover and elevated risk.",train
44821176,kubernetes/kubernetes,0.534223617116108,High,"prior_releases_avg_bugs_repo_z (contribution=0.141): This repository's historical average post-release bug count (from releases whose own outcome was already known at this release's time), expressed relative to this repository's own typical level (repo-normalized, not a raw count).","release_sequence (contribution=0.061): This release's position in its repository's history is associated with elevated risk (a project-wide finding, strongest and most consistent signal across every analysis method used).","open_bugs_at_release_repo_z (contribution=0.020): The pre-release open-bug backlog is unusually high or low relative to THIS REPOSITORY'S OWN typical level (a repo-normalized value, not a raw count -- see the raw open_bugs_at_release column for the actual count). NOTE: this relationship runs in OPPOSITE directions for microsoft/vscode versus kubernetes/kubernetes and apache/airflow -- confirm which repository this release belongs to before interpreting the direction.","Review whether recent releases in this repository have been trending toward more or fewer post-release bugs; a persistently high historical average may warrant a broader process review, not just extra scrutiny on this one release.",Cross-check against recent actual bug trends for this repository before relying heavily on this signal alone -- it partly reflects a documented training-period drift pattern that may not hold indefinitely (see the Target-Variable Definition document).,For kubernetes/kubernetes or apache/airflow: a high backlog suggests unresolved technical debt risk -- consider prioritizing backlog triage before this release ships. For microsoft/vscode: a LOW backlog was associated with higher risk in this dataset -- investigate whether this reflects under-reporting rather than genuine stability before treating it as reassuring.,train
44821813,kubernetes/kubernetes,0.5390325262896288,High,"prior_releases_avg_bugs_repo_z (contribution=0.141): This repository's historical average post-release bug count (from releases whose own outcome was already known at this release's time), expressed relative to this repository's own typical level (repo-normalized, not a raw count).","release_sequence (contribution=0.060): This release's position in its repository's history is associated with elevated risk (a project-wide finding, strongest and most consistent signal across every analysis method used).","open_bugs_at_release_repo_z (contribution=0.020): The pre-release open-bug backlog is unusually high or low relative to THIS REPOSITORY'S OWN typical level (a repo-normalized value, not a raw count -- see the raw open_bugs_at_release column for the actual count). NOTE: this relationship runs in OPPOSITE directions for microsoft/vscode versus kubernetes/kubernetes and apache/airflow -- confirm which repository this release belongs to before interpreting the direction.","Review whether recent releases in this repository have been trending toward more or fewer post-release bugs; a persistently high historical average may warrant a broader process review, not just extra scrutiny on this one release.",Cross-check against recent actual bug trends for this repository before relying heavily on this signal alone -- it partly reflects a documented training-period drift pattern that may not hold indefinitely (see the Target-Variable Definition document).,For kubernetes/kubernetes or apache/airflow: a high backlog suggests unresolved technical debt risk -- consider prioritizing backlog triage before this release ships. For microsoft/vscode: a LOW backlog was associated with higher risk in this dataset -- investigate whether this reflects under-reporting rather than genuine stability before treating it as reassuring.,train
44822353,kubernetes/kubernetes,0.5257915645463521,High,"prior_releases_avg_bugs_repo_z (contribution=0.141): This repository's historical average post-release bug count (from releases whose own outcome was already known at this release's time), expressed relative to this repository's own typical level (repo-normalized, not a raw count).","release_sequence (contribution=0.058): This release's position in its repository's history is associated with elevated risk (a project-wide finding, strongest and most consistent signal across every analysis method used).","open_bugs_at_release_repo_z (contribution=0.020): The pre-release open-bug backlog is unusually high or low relative to THIS REPOSITORY'S OWN typical level (a repo-normalized value, not a raw count -- see the raw open_bugs_at_release column for the actual count). NOTE: this relationship runs in OPPOSITE directions for microsoft/vscode versus kubernetes/kubernetes and apache/airflow -- confirm which repository this release belongs to before interpreting the direction.","Review whether recent releases in this repository have been trending toward more or fewer post-release bugs; a persistently high historical average may warrant a broader process review, not just extra scrutiny on this one release.",Cross-check against recent actual bug trends for this repository before relying heavily on this signal alone -- it partly reflects a documented training-period drift pattern that may not hold indefinitely (see the Target-Variable Definition document).,For kubernetes/kubernetes or apache/airflow: a high backlog suggests unresolved technical debt risk -- consider prioritizing backlog triage before this release ships. For microsoft/vscode: a LOW backlog was associated with higher risk in this dataset -- investigate whether this reflects under-reporting rather than genuine stability before treating it as reassuring.,train
46289135,kubernetes/kubernetes,0.5558935041459393,High,"prior_releases_avg_bugs_repo_z (contribution=0.141): This repository's historical average post-release bug count (from releases whose own outcome was already known at this release's time), expressed relative to this repository's own typical level (repo-normalized, not a raw count).","release_sequence (contribution=0.054): This release's position in its repository's history is associated with elevated risk (a project-wide finding, strongest and most consistent signal across every analysis method used).",first_time_contributor_count (contribution=0.047): This release involved an unusually high number of first-time contributors.,"Review whether recent releases in this repository have been trending toward more or fewer post-release bugs; a persistently high historical average may warrant a broader process review, not just extra scrutiny on this one release.",Cross-check against recent actual bug trends for this repository before relying heavily on this signal alone -- it partly reflects a documented training-period drift pattern that may not hold indefinitely (see the Target-Variable Definition document).,"Consider additional review scrutiny specifically on first-time contributors' changes, given this project's confirmed (though not fully independent of other factors) association between contributor turnover and elevated risk.",train
46289180,kubernetes/kubernetes,0.5200566780323495,High,"prior_releases_avg_bugs_repo_z (contribution=0.141): This repository's historical average post-release bug count (from releases whose own outcome was already known at this release's time), expressed relative to this repository's own typical level (repo-normalized, not a raw count).","release_sequence (contribution=0.053): This release's position in its repository's history is associated with elevated risk (a project-wide finding, strongest and most consistent signal across every analysis method used).",pct_merged (contribution=0.006): The share of this cycle's PRs that were merged (vs. closed unmerged) is unusually high or low.,"Review whether recent releases in this repository have been trending toward more or fewer post-release bugs; a persistently high historical average may warrant a broader process review, not just extra scrutiny on this one release.",Cross-check against recent actual bug trends for this repository before relying heavily on this signal alone -- it partly reflects a documented training-period drift pattern that may not hold indefinitely (see the Target-Variable Definition document).,A low merge rate paired with elevated risk may indicate churn or disagreement during review; investigate closed-unmerged PRs for recurring concerns.,train
46289230,kubernetes/kubernetes,0.5197649459509903,High,"prior_releases_avg_bugs_repo_z (contribution=0.141): This repository's historical average post-release bug count (from releases whose own outcome was already known at this release's time), expressed relative to this repository's own typical level (repo-normalized, not a raw count).","release_sequence (contribution=0.051): This release's position in its repository's history is associated with elevated risk (a project-wide finding, strongest and most consistent signal across every analysis method used).",pct_merged (contribution=0.006): The share of this cycle's PRs that were merged (vs. closed unmerged) is unusually high or low.,"Review whether recent releases in this repository have been trending toward more or fewer post-release bugs; a persistently high historical average may warrant a broader process review, not just extra scrutiny on this one release.",Cross-check against recent actual bug trends for this repository before relying heavily on this signal alone -- it partly reflects a documented training-period drift pattern that may not hold indefinitely (see the Target-Variable Definition document).,A low merge rate paired with elevated risk may indicate churn or disagreement during review; investigate closed-unmerged PRs for recurring concerns.,train
47318163,kubernetes/kubernetes,0.5333264071093907,High,"prior_releases_avg_bugs_repo_z (contribution=0.122): This repository's historical average post-release bug count (from releases whose own outcome was already known at this release's time), expressed relative to this repository's own typical level (repo-normalized, not a raw count).","release_sequence (contribution=0.049): This release's position in its repository's history is associated with elevated risk (a project-wide finding, strongest and most consistent signal across every analysis method used).",first_time_contributor_count (contribution=0.016): This release involved an unusually high number of first-time contributors.,"Review whether recent releases in this repository have been trending toward more or fewer post-release bugs; a persistently high historical average may warrant a broader process review, not just extra scrutiny on this one release.",Cross-check against recent actual bug trends for this repository before relying heavily on this signal alone -- it partly reflects a documented training-period drift pattern that may not hold indefinitely (see the Target-Variable Definition document).,"Consider additional review scrutiny specifically on first-time contributors' changes, given this project's confirmed (though not fully independent of other factors) association between contributor turnover and elevated risk.",train
47708237,kubernetes/kubernetes,0.5155862080721925,High,"prior_releases_avg_bugs_repo_z (contribution=0.116): This repository's historical average post-release bug count (from releases whose own outcome was already known at this release's time), expressed relative to this repository's own typical level (repo-normalized, not a raw count).","release_sequence (contribution=0.048): This release's position in its repository's history is associated with elevated risk (a project-wide finding, strongest and most consistent signal across every analysis method used).","open_bugs_at_release_repo_z (contribution=0.006): The pre-release open-bug backlog is unusually high or low relative to THIS REPOSITORY'S OWN typical level (a repo-normalized value, not a raw count -- see the raw open_bugs_at_release column for the actual count). NOTE: this relationship runs in OPPOSITE directions for microsoft/vscode versus kubernetes/kubernetes and apache/airflow -- confirm which repository this release belongs to before interpreting the direction.","Review whether recent releases in this repository have been trending toward more or fewer post-release bugs; a persistently high historical average may warrant a broader process review, not just extra scrutiny on this one release.",Cross-check against recent actual bug trends for this repository before relying heavily on this signal alone -- it partly reflects a documented training-period drift pattern that may not hold indefinitely (see the Target-Variable Definition document).,For kubernetes/kubernetes or apache/airflow: a high backlog suggests unresolved technical debt risk -- consider prioritizing backlog triage before this release ships. For microsoft/vscode: a LOW backlog was associated with higher risk in this dataset -- investigate whether this reflects under-reporting rather than genuine stability before treating it as reassuring.,train
47708400,kubernetes/kubernetes,0.5129462041206296,High,"prior_releases_avg_bugs_repo_z (contribution=0.116): This repository's historical average post-release bug count (from releases whose own outcome was already known at this release's time), expressed relative to this repository's own typical level (repo-normalized, not a raw count).","release_sequence (contribution=0.047): This release's position in its repository's history is associated with elevated risk (a project-wide finding, strongest and most consistent signal across every analysis method used).",pct_merged (contribution=0.006): The share of this cycle's PRs that were merged (vs. closed unmerged) is unusually high or low.,"Review whether recent releases in this repository have been trending toward more or fewer post-release bugs; a persistently high historical average may warrant a broader process review, not just extra scrutiny on this one release.",Cross-check against recent actual bug trends for this repository before relying heavily on this signal alone -- it partly reflects a documented training-period drift pattern that may not hold indefinitely (see the Target-Variable Definition document).,A low merge rate paired with elevated risk may indicate churn or disagreement during review; investigate closed-unmerged PRs for recurring concerns.,train
47708498,kubernetes/kubernetes,0.5126540685252479,High,"prior_releases_avg_bugs_repo_z (contribution=0.116): This repository's historical average post-release bug count (from releases whose own outcome was already known at this release's time), expressed relative to this repository's own typical level (repo-normalized, not a raw count).","release_sequence (contribution=0.046): This release's position in its repository's history is associated with elevated risk (a project-wide finding, strongest and most consistent signal across every analysis method used).",pct_merged (contribution=0.006): The share of this cycle's PRs that were merged (vs. closed unmerged) is unusually high or low.,"Review whether recent releases in this repository have been trending toward more or fewer post-release bugs; a persistently high historical average may warrant a broader process review, not just extra scrutiny on this one release.",Cross-check against recent actual bug trends for this repository before relying heavily on this signal alone -- it partly reflects a documented training-period drift pattern that may not hold indefinitely (see the Target-Variable Definition document).,A low merge rate paired with elevated risk may indicate churn or disagreement during review; investigate closed-unmerged PRs for recurring concerns.,train
48132309,kubernetes/kubernetes,0.5105839432397529,High,"prior_releases_avg_bugs_repo_z (contribution=0.101): This repository's historical average post-release bug count (from releases whose own outcome was already known at this release's time), expressed relative to this repository's own typical level (repo-normalized, not a raw count).","release_sequence (contribution=0.043): This release's position in its repository's history is associated with elevated risk (a project-wide finding, strongest and most consistent signal across every analysis method used).",pct_merged (contribution=0.009): The share of this cycle's PRs that were merged (vs. closed unmerged) is unusually high or low.,"Review whether recent releases in this repository have been trending toward more or fewer post-release bugs; a persistently high historical average may warrant a broader process review, not just extra scrutiny on this one release.",Cross-check against recent actual bug trends for this repository before relying heavily on this signal alone -- it partly reflects a documented training-period drift pattern that may not hold indefinitely (see the Target-Variable Definition document).,A low merge rate paired with elevated risk may indicate churn or disagreement during review; investigate closed-unmerged PRs for recurring concerns.,train
49630995,kubernetes/kubernetes,0.5288979361549383,High,"prior_releases_avg_bugs_repo_z (contribution=0.086): This repository's historical average post-release bug count (from releases whose own outcome was already known at this release's time), expressed relative to this repository's own typical level (repo-normalized, not a raw count).","release_sequence (contribution=0.041): This release's position in its repository's history is associated with elevated risk (a project-wide finding, strongest and most consistent signal across every analysis method used).",first_time_contributor_count (contribution=0.028): This release involved an unusually high number of first-time contributors.,"Review whether recent releases in this repository have been trending toward more or fewer post-release bugs; a persistently high historical average may warrant a broader process review, not just extra scrutiny on this one release.",Cross-check against recent actual bug trends for this repository before relying heavily on this signal alone -- it partly reflects a documented training-period drift pattern that may not hold indefinitely (see the Target-Variable Definition document).,"Consider additional review scrutiny specifically on first-time contributors' changes, given this project's confirmed (though not fully independent of other factors) association between contributor turnover and elevated risk.",train
49632055,kubernetes/kubernetes,0.4935915645713114,High,"prior_releases_avg_bugs_repo_z (contribution=0.086): This repository's historical average post-release bug count (from releases whose own outcome was already known at this release's time), expressed relative to this repository's own typical level (repo-normalized, not a raw count).","release_sequence (contribution=0.040): This release's position in its repository's history is associated with elevated risk (a project-wide finding, strongest and most consistent signal across every analysis method used).","open_bugs_at_release_repo_z (contribution=0.008): The pre-release open-bug backlog is unusually high or low relative to THIS REPOSITORY'S OWN typical level (a repo-normalized value, not a raw count -- see the raw open_bugs_at_release column for the actual count). NOTE: this relationship runs in OPPOSITE directions for microsoft/vscode versus kubernetes/kubernetes and apache/airflow -- confirm which repository this release belongs to before interpreting the direction.","Review whether recent releases in this repository have been trending toward more or fewer post-release bugs; a persistently high historical average may warrant a broader process review, not just extra scrutiny on this one release.",Cross-check against recent actual bug trends for this repository before relying heavily on this signal alone -- it partly reflects a documented training-period drift pattern that may not hold indefinitely (see the Target-Variable Definition document).,For kubernetes/kubernetes or apache/airflow: a high backlog suggests unresolved technical debt risk -- consider prioritizing backlog triage before this release ships. For microsoft/vscode: a LOW backlog was associated with higher risk in this dataset -- investigate whether this reflects under-reporting rather than genuine stability before treating it as reassuring.,train
49636436,kubernetes/kubernetes,0.4913807296698653,High,"prior_releases_avg_bugs_repo_z (contribution=0.086): This repository's historical average post-release bug count (from releases whose own outcome was already known at this release's time), expressed relative to this repository's own typical level (repo-normalized, not a raw count).","release_sequence (contribution=0.039): This release's position in its repository's history is associated with elevated risk (a project-wide finding, strongest and most consistent signal across every analysis method used).","open_bugs_at_release_repo_z (contribution=0.008): The pre-release open-bug backlog is unusually high or low relative to THIS REPOSITORY'S OWN typical level (a repo-normalized value, not a raw count -- see the raw open_bugs_at_release column for the actual count). NOTE: this relationship runs in OPPOSITE directions for microsoft/vscode versus kubernetes/kubernetes and apache/airflow -- confirm which repository this release belongs to before interpreting the direction.","Review whether recent releases in this repository have been trending toward more or fewer post-release bugs; a persistently high historical average may warrant a broader process review, not just extra scrutiny on this one release.",Cross-check against recent actual bug trends for this repository before relying heavily on this signal alone -- it partly reflects a documented training-period drift pattern that may not hold indefinitely (see the Target-Variable Definition document).,For kubernetes/kubernetes or apache/airflow: a high backlog suggests unresolved technical debt risk -- consider prioritizing backlog triage before this release ships. For microsoft/vscode: a LOW backlog was associated with higher risk in this dataset -- investigate whether this reflects under-reporting rather than genuine stability before treating it as reassuring.,train
49638691,kubernetes/kubernetes,0.503714501192696,High,"prior_releases_avg_bugs_repo_z (contribution=0.086): This repository's historical average post-release bug count (from releases whose own outcome was already known at this release's time), expressed relative to this repository's own typical level (repo-normalized, not a raw count).","release_sequence (contribution=0.037): This release's position in its repository's history is associated with elevated risk (a project-wide finding, strongest and most consistent signal across every analysis method used).","open_bugs_at_release_repo_z (contribution=0.008): The pre-release open-bug backlog is unusually high or low relative to THIS REPOSITORY'S OWN typical level (a repo-normalized value, not a raw count -- see the raw open_bugs_at_release column for the actual count). NOTE: this relationship runs in OPPOSITE directions for microsoft/vscode versus kubernetes/kubernetes and apache/airflow -- confirm which repository this release belongs to before interpreting the direction.","Review whether recent releases in this repository have been trending toward more or fewer post-release bugs; a persistently high historical average may warrant a broader process review, not just extra scrutiny on this one release.",Cross-check against recent actual bug trends for this repository before relying heavily on this signal alone -- it partly reflects a documented training-period drift pattern that may not hold indefinitely (see the Target-Variable Definition document).,For kubernetes/kubernetes or apache/airflow: a high backlog suggests unresolved technical debt risk -- consider prioritizing backlog triage before this release ships. For microsoft/vscode: a LOW backlog was associated with higher risk in this dataset -- investigate whether this reflects under-reporting rather than genuine stability before treating it as reassuring.,train
52193134,kubernetes/kubernetes,0.533905638840945,High,"prior_releases_avg_bugs_repo_z (contribution=0.072): This repository's historical average post-release bug count (from releases whose own outcome was already known at this release's time), expressed relative to this repository's own typical level (repo-normalized, not a raw count).",first_time_contributor_count (contribution=0.040): This release involved an unusually high number of first-time contributors.,"release_sequence (contribution=0.035): This release's position in its repository's history is associated with elevated risk (a project-wide finding, strongest and most consistent signal across every analysis method used).","Review whether recent releases in this repository have been trending toward more or fewer post-release bugs; a persistently high historical average may warrant a broader process review, not just extra scrutiny on this one release.","Consider additional review scrutiny specifically on first-time contributors' changes, given this project's confirmed (though not fully independent of other factors) association between contributor turnover and elevated risk.",Cross-check against recent actual bug trends for this repository before relying heavily on this signal alone -- it partly reflects a documented training-period drift pattern that may not hold indefinitely (see the Target-Variable Definition document).,train
52193186,kubernetes/kubernetes,0.49937703785965787,High,"prior_releases_avg_bugs_repo_z (contribution=0.072): This repository's historical average post-release bug count (from releases whose own outcome was already known at this release's time), expressed relative to this repository's own typical level (repo-normalized, not a raw count).","release_sequence (contribution=0.034): This release's position in its repository's history is associated with elevated risk (a project-wide finding, strongest and most consistent signal across every analysis method used).","open_bugs_at_release_repo_z (contribution=0.008): The pre-release open-bug backlog is unusually high or low relative to THIS REPOSITORY'S OWN typical level (a repo-normalized value, not a raw count -- see the raw open_bugs_at_release column for the actual count). NOTE: this relationship runs in OPPOSITE directions for microsoft/vscode versus kubernetes/kubernetes and apache/airflow -- confirm which repository this release belongs to before interpreting the direction.","Review whether recent releases in this repository have been trending toward more or fewer post-release bugs; a persistently high historical average may warrant a broader process review, not just extra scrutiny on this one release.",Cross-check against recent actual bug trends for this repository before relying heavily on this signal alone -- it partly reflects a documented training-period drift pattern that may not hold indefinitely (see the Target-Variable Definition document).,For kubernetes/kubernetes or apache/airflow: a high backlog suggests unresolved technical debt risk -- consider prioritizing backlog triage before this release ships. For microsoft/vscode: a LOW backlog was associated with higher risk in this dataset -- investigate whether this reflects under-reporting rather than genuine stability before treating it as reassuring.,train
52193237,kubernetes/kubernetes,0.49908481342821903,High,"prior_releases_avg_bugs_repo_z (contribution=0.072): This repository's historical average post-release bug count (from releases whose own outcome was already known at this release's time), expressed relative to this repository's own typical level (repo-normalized, not a raw count).","release_sequence (contribution=0.033): This release's position in its repository's history is associated with elevated risk (a project-wide finding, strongest and most consistent signal across every analysis method used).","open_bugs_at_release_repo_z (contribution=0.008): The pre-release open-bug backlog is unusually high or low relative to THIS REPOSITORY'S OWN typical level (a repo-normalized value, not a raw count -- see the raw open_bugs_at_release column for the actual count). NOTE: this relationship runs in OPPOSITE directions for microsoft/vscode versus kubernetes/kubernetes and apache/airflow -- confirm which repository this release belongs to before interpreting the direction.","Review whether recent releases in this repository have been trending toward more or fewer post-release bugs; a persistently high historical average may warrant a broader process review, not just extra scrutiny on this one release.",Cross-check against recent actual bug trends for this repository before relying heavily on this signal alone -- it partly reflects a documented training-period drift pattern that may not hold indefinitely (see the Target-Variable Definition document).,For kubernetes/kubernetes or apache/airflow: a high backlog suggests unresolved technical debt risk -- consider prioritizing backlog triage before this release ships. For microsoft/vscode: a LOW backlog was associated with higher risk in this dataset -- investigate whether this reflects under-reporting rather than genuine stability before treating it as reassuring.,train
52193302,kubernetes/kubernetes,0.4987926777609434,High,"prior_releases_avg_bugs_repo_z (contribution=0.072): This repository's historical average post-release bug count (from releases whose own outcome was already known at this release's time), expressed relative to this repository's own typical level (repo-normalized, not a raw count).","release_sequence (contribution=0.031): This release's position in its repository's history is associated with elevated risk (a project-wide finding, strongest and most consistent signal across every analysis method used).","open_bugs_at_release_repo_z (contribution=0.008): The pre-release open-bug backlog is unusually high or low relative to THIS REPOSITORY'S OWN typical level (a repo-normalized value, not a raw count -- see the raw open_bugs_at_release column for the actual count). NOTE: this relationship runs in OPPOSITE directions for microsoft/vscode versus kubernetes/kubernetes and apache/airflow -- confirm which repository this release belongs to before interpreting the direction.","Review whether recent releases in this repository have been trending toward more or fewer post-release bugs; a persistently high historical average may warrant a broader process review, not just extra scrutiny on this one release.",Cross-check against recent actual bug trends for this repository before relying heavily on this signal alone -- it partly reflects a documented training-period drift pattern that may not hold indefinitely (see the Target-Variable Definition document).,For kubernetes/kubernetes or apache/airflow: a high backlog suggests unresolved technical debt risk -- consider prioritizing backlog triage before this release ships. For microsoft/vscode: a LOW backlog was associated with higher risk in this dataset -- investigate whether this reflects under-reporting rather than genuine stability before treating it as reassuring.,train
53592811,kubernetes/kubernetes,0.522594164559383,High,"prior_releases_avg_bugs_repo_z (contribution=0.070): This repository's historical average post-release bug count (from releases whose own outcome was already known at this release's time), expressed relative to this repository's own typical level (repo-normalized, not a raw count).",first_time_contributor_count (contribution=0.036): This release involved an unusually high number of first-time contributors.,"release_sequence (contribution=0.029): This release's position in its repository's history is associated with elevated risk (a project-wide finding, strongest and most consistent signal across every analysis method used).","Review whether recent releases in this repository have been trending toward more or fewer post-release bugs; a persistently high historical average may warrant a broader process review, not just extra scrutiny on this one release.","Consider additional review scrutiny specifically on first-time contributors' changes, given this project's confirmed (though not fully independent of other factors) association between contributor turnover and elevated risk.",Cross-check against recent actual bug trends for this repository before relying heavily on this signal alone -- it partly reflects a documented training-period drift pattern that may not hold indefinitely (see the Target-Variable Definition document).,train
53593301,kubernetes/kubernetes,0.4968017611590802,High,"prior_releases_avg_bugs_repo_z (contribution=0.070): This repository's historical average post-release bug count (from releases whose own outcome was already known at this release's time), expressed relative to this repository's own typical level (repo-normalized, not a raw count).","release_sequence (contribution=0.027): This release's position in its repository's history is associated with elevated risk (a project-wide finding, strongest and most consistent signal across every analysis method used).",pct_merged (contribution=0.006): The share of this cycle's PRs that were merged (vs. closed unmerged) is unusually high or low.,"Review whether recent releases in this repository have been trending toward more or fewer post-release bugs; a persistently high historical average may warrant a broader process review, not just extra scrutiny on this one release.",Cross-check against recent actual bug trends for this repository before relying heavily on this signal alone -- it partly reflects a documented training-period drift pattern that may not hold indefinitely (see the Target-Variable Definition document).,A low merge rate paired with elevated risk may indicate churn or disagreement during review; investigate closed-unmerged PRs for recurring concerns.,train
53593506,kubernetes/kubernetes,0.4950830430994792,High,"prior_releases_avg_bugs_repo_z (contribution=0.070): This repository's historical average post-release bug count (from releases whose own outcome was already known at this release's time), expressed relative to this repository's own typical level (repo-normalized, not a raw count).","release_sequence (contribution=0.026): This release's position in its repository's history is associated with elevated risk (a project-wide finding, strongest and most consistent signal across every analysis method used).",pct_merged (contribution=0.006): The share of this cycle's PRs that were merged (vs. closed unmerged) is unusually high or low.,"Review whether recent releases in this repository have been trending toward more or fewer post-release bugs; a persistently high historical average may warrant a broader process review, not just extra scrutiny on this one release.",Cross-check against recent actual bug trends for this repository before relying heavily on this signal alone -- it partly reflects a documented training-period drift pattern that may not hold indefinitely (see the Target-Variable Definition document).,A low merge rate paired with elevated risk may indicate churn or disagreement during review; investigate closed-unmerged PRs for recurring concerns.,train
54824547,kubernetes/kubernetes,0.49979728514028215,High,"prior_releases_avg_bugs_repo_z (contribution=0.065): This repository's historical average post-release bug count (from releases whose own outcome was already known at this release's time), expressed relative to this repository's own typical level (repo-normalized, not a raw count).","release_sequence (contribution=0.022): This release's position in its repository's history is associated with elevated risk (a project-wide finding, strongest and most consistent signal across every analysis method used).",pct_merged (contribution=0.007): The share of this cycle's PRs that were merged (vs. closed unmerged) is unusually high or low.,"Review whether recent releases in this repository have been trending toward more or fewer post-release bugs; a persistently high historical average may warrant a broader process review, not just extra scrutiny on this one release.",Cross-check against recent actual bug trends for this repository before relying heavily on this signal alone -- it partly reflects a documented training-period drift pattern that may not hold indefinitely (see the Target-Variable Definition document).,A low merge rate paired with elevated risk may indicate churn or disagreement during review; investigate closed-unmerged PRs for recurring concerns.,train
55392164,kubernetes/kubernetes,0.4978213675200699,High,"prior_releases_avg_bugs_repo_z (contribution=0.065): This repository's historical average post-release bug count (from releases whose own outcome was already known at this release's time), expressed relative to this repository's own typical level (repo-normalized, not a raw count).","release_sequence (contribution=0.020): This release's position in its repository's history is associated with elevated risk (a project-wide finding, strongest and most consistent signal across every analysis method used).",pct_merged (contribution=0.005): The share of this cycle's PRs that were merged (vs. closed unmerged) is unusually high or low.,"Review whether recent releases in this repository have been trending toward more or fewer post-release bugs; a persistently high historical average may warrant a broader process review, not just extra scrutiny on this one release.",Cross-check against recent actual bug trends for this repository before relying heavily on this signal alone -- it partly reflects a documented training-period drift pattern that may not hold indefinitely (see the Target-Variable Definition document).,A low merge rate paired with elevated risk may indicate churn or disagreement during review; investigate closed-unmerged PRs for recurring concerns.,train
55393544,kubernetes/kubernetes,0.5049801910754763,High,"prior_releases_avg_bugs_repo_z (contribution=0.065): This repository's historical average post-release bug count (from releases whose own outcome was already known at this release's time), expressed relative to this repository's own typical level (repo-normalized, not a raw count).","release_sequence (contribution=0.019): This release's position in its repository's history is associated with elevated risk (a project-wide finding, strongest and most consistent signal across every analysis method used).",pct_merged (contribution=0.006): The share of this cycle's PRs that were merged (vs. closed unmerged) is unusually high or low.,"Review whether recent releases in this repository have been trending toward more or fewer post-release bugs; a persistently high historical average may warrant a broader process review, not just extra scrutiny on this one release.",Cross-check against recent actual bug trends for this repository before relying heavily on this signal alone -- it partly reflects a documented training-period drift pattern that may not hold indefinitely (see the Target-Variable Definition document).,A low merge rate paired with elevated risk may indicate churn or disagreement during review; investigate closed-unmerged PRs for recurring concerns.,train
55465785,kubernetes/kubernetes,0.48752478896837476,High,"prior_releases_avg_bugs_repo_z (contribution=0.065): This repository's historical average post-release bug count (from releases whose own outcome was already known at this release's time), expressed relative to this repository's own typical level (repo-normalized, not a raw count).","release_sequence (contribution=0.017): This release's position in its repository's history is associated with elevated risk (a project-wide finding, strongest and most consistent signal across every analysis method used).",pct_merged (contribution=0.005): The share of this cycle's PRs that were merged (vs. closed unmerged) is unusually high or low.,"Review whether recent releases in this repository have been trending toward more or fewer post-release bugs; a persistently high historical average may warrant a broader process review, not just extra scrutiny on this one release.",Cross-check against recent actual bug trends for this repository before relying heavily on this signal alone -- it partly reflects a documented training-period drift pattern that may not hold indefinitely (see the Target-Variable Definition document).,A low merge rate paired with elevated risk may indicate churn or disagreement during review; investigate closed-unmerged PRs for recurring concerns.,train
55467689,kubernetes/kubernetes,0.49132049052480364,High,"prior_releases_avg_bugs_repo_z (contribution=0.065): This repository's historical average post-release bug count (from releases whose own outcome was already known at this release's time), expressed relative to this repository's own typical level (repo-normalized, not a raw count).","release_sequence (contribution=0.016): This release's position in its repository's history is associated with elevated risk (a project-wide finding, strongest and most consistent signal across every analysis method used).",pct_merged (contribution=0.006): The share of this cycle's PRs that were merged (vs. closed unmerged) is unusually high or low.,"Review whether recent releases in this repository have been trending toward more or fewer post-release bugs; a persistently high historical average may warrant a broader process review, not just extra scrutiny on this one release.",Cross-check against recent actual bug trends for this repository before relying heavily on this signal alone -- it partly reflects a documented training-period drift pattern that may not hold indefinitely (see the Target-Variable Definition document).,A low merge rate paired with elevated risk may indicate churn or disagreement during review; investigate closed-unmerged PRs for recurring concerns.,train
57503634,kubernetes/kubernetes,0.5143066140159754,High,"prior_releases_avg_bugs_repo_z (contribution=0.043): This repository's historical average post-release bug count (from releases whose own outcome was already known at this release's time), expressed relative to this repository's own typical level (repo-normalized, not a raw count).",first_time_contributor_count (contribution=0.034): This release involved an unusually high number of first-time contributors.,"first_time_contributor_share (contribution=0.019): Same signal as first_time_contributor_count, expressed as a share of all contributors.","Review whether recent releases in this repository have been trending toward more or fewer post-release bugs; a persistently high historical average may warrant a broader process review, not just extra scrutiny on this one release.","Consider additional review scrutiny specifically on first-time contributors' changes, given this project's confirmed (though not fully independent of other factors) association between contributor turnover and elevated risk.",See first_time_contributor_count recommendation.,train
57503779,kubernetes/kubernetes,0.49878019104311466,High,"prior_releases_avg_bugs_repo_z (contribution=0.043): This repository's historical average post-release bug count (from releases whose own outcome was already known at this release's time), expressed relative to this repository's own typical level (repo-normalized, not a raw count).","release_sequence (contribution=0.014): This release's position in its repository's history is associated with elevated risk (a project-wide finding, strongest and most consistent signal across every analysis method used).",pct_merged (contribution=0.006): The share of this cycle's PRs that were merged (vs. closed unmerged) is unusually high or low.,"Review whether recent releases in this repository have been trending toward more or fewer post-release bugs; a persistently high historical average may warrant a broader process review, not just extra scrutiny on this one release.",Cross-check against recent actual bug trends for this repository before relying heavily on this signal alone -- it partly reflects a documented training-period drift pattern that may not hold indefinitely (see the Target-Variable Definition document).,A low merge rate paired with elevated risk may indicate churn or disagreement during review; investigate closed-unmerged PRs for recurring concerns.,train
57504045,kubernetes/kubernetes,0.4984880775786448,High,"prior_releases_avg_bugs_repo_z (contribution=0.043): This repository's historical average post-release bug count (from releases whose own outcome was already known at this release's time), expressed relative to this repository's own typical level (repo-normalized, not a raw count).","release_sequence (contribution=0.013): This release's position in its repository's history is associated with elevated risk (a project-wide finding, strongest and most consistent signal across every analysis method used).",pct_merged (contribution=0.006): The share of this cycle's PRs that were merged (vs. closed unmerged) is unusually high or low.,"Review whether recent releases in this repository have been trending toward more or fewer post-release bugs; a persistently high historical average may warrant a broader process review, not just extra scrutiny on this one release.",Cross-check against recent actual bug trends for this repository before relying heavily on this signal alone -- it partly reflects a documented training-period drift pattern that may not hold indefinitely (see the Target-Variable Definition document).,A low merge rate paired with elevated risk may indicate churn or disagreement during review; investigate closed-unmerged PRs for recurring concerns.,train
57516071,kubernetes/kubernetes,0.46787374557331735,High,"prior_releases_avg_bugs_repo_z (contribution=0.043): This repository's historical average post-release bug count (from releases whose own outcome was already known at this release's time), expressed relative to this repository's own typical level (repo-normalized, not a raw count).","release_sequence (contribution=0.012): This release's position in its repository's history is associated with elevated risk (a project-wide finding, strongest and most consistent signal across every analysis method used).","open_bugs_at_release_repo_z (contribution=0.001): The pre-release open-bug backlog is unusually high or low relative to THIS REPOSITORY'S OWN typical level (a repo-normalized value, not a raw count -- see the raw open_bugs_at_release column for the actual count). NOTE: this relationship runs in OPPOSITE directions for microsoft/vscode versus kubernetes/kubernetes and apache/airflow -- confirm which repository this release belongs to before interpreting the direction.","Review whether recent releases in this repository have been trending toward more or fewer post-release bugs; a persistently high historical average may warrant a broader process review, not just extra scrutiny on this one release.",Cross-check against recent actual bug trends for this repository before relying heavily on this signal alone -- it partly reflects a documented training-period drift pattern that may not hold indefinitely (see the Target-Variable Definition document).,For kubernetes/kubernetes or apache/airflow: a high backlog suggests unresolved technical debt risk -- consider prioritizing backlog triage before this release ships. For microsoft/vscode: a LOW backlog was associated with higher risk in this dataset -- investigate whether this reflects under-reporting rather than genuine stability before treating it as reassuring.,train
57972287,kubernetes/kubernetes,0.4916266050061703,High,"prior_releases_avg_bugs_repo_z (contribution=0.043): This repository's historical average post-release bug count (from releases whose own outcome was already known at this release's time), expressed relative to this repository's own typical level (repo-normalized, not a raw count).","release_sequence (contribution=0.010): This release's position in its repository's history is associated with elevated risk (a project-wide finding, strongest and most consistent signal across every analysis method used).",pct_merged (contribution=0.009): The share of this cycle's PRs that were merged (vs. closed unmerged) is unusually high or low.,"Review whether recent releases in this repository have been trending toward more or fewer post-release bugs; a persistently high historical average may warrant a broader process review, not just extra scrutiny on this one release.",Cross-check against recent actual bug trends for this repository before relying heavily on this signal alone -- it partly reflects a documented training-period drift pattern that may not hold indefinitely (see the Target-Variable Definition document).,A low merge rate paired with elevated risk may indicate churn or disagreement during review; investigate closed-unmerged PRs for recurring concerns.,train
59818995,kubernetes/kubernetes,0.49826660026643615,High,"prior_releases_avg_bugs_repo_z (contribution=0.043): This repository's historical average post-release bug count (from releases whose own outcome was already known at this release's time), expressed relative to this repository's own typical level (repo-normalized, not a raw count).",first_time_contributor_count (contribution=0.013): This release involved an unusually high number of first-time contributors.,distinct_contributors (contribution=0.009): The number of distinct people committing before this release is unusually high or low.,"Review whether recent releases in this repository have been trending toward more or fewer post-release bugs; a persistently high historical average may warrant a broader process review, not just extra scrutiny on this one release.","Consider additional review scrutiny specifically on first-time contributors' changes, given this project's confirmed (though not fully independent of other factors) association between contributor turnover and elevated risk.",A low distinct-contributor count concentrates release risk on fewer people's work; consider an additional independent review pass.,train
59820624,kubernetes/kubernetes,0.493967739945,High,"prior_releases_avg_bugs_repo_z (contribution=0.043): This repository's historical average post-release bug count (from releases whose own outcome was already known at this release's time), expressed relative to this repository's own typical level (repo-normalized, not a raw count).",pct_merged (contribution=0.006): The share of this cycle's PRs that were merged (vs. closed unmerged) is unusually high or low.,"release_sequence (contribution=0.006): This release's position in its repository's history is associated with elevated risk (a project-wide finding, strongest and most consistent signal across every analysis method used).","Review whether recent releases in this repository have been trending toward more or fewer post-release bugs; a persistently high historical average may warrant a broader process review, not just extra scrutiny on this one release.",A low merge rate paired with elevated risk may indicate churn or disagreement during review; investigate closed-unmerged PRs for recurring concerns.,Cross-check against recent actual bug trends for this repository before relying heavily on this signal alone -- it partly reflects a documented training-period drift pattern that may not hold indefinitely (see the Target-Variable Definition document).,train
59821299,kubernetes/kubernetes,0.49367545647395367,High,"prior_releases_avg_bugs_repo_z (contribution=0.043): This repository's historical average post-release bug count (from releases whose own outcome was already known at this release's time), expressed relative to this repository's own typical level (repo-normalized, not a raw count).",pct_merged (contribution=0.006): The share of this cycle's PRs that were merged (vs. closed unmerged) is unusually high or low.,"release_sequence (contribution=0.005): This release's position in its repository's history is associated with elevated risk (a project-wide finding, strongest and most consistent signal across every analysis method used).","Review whether recent releases in this repository have been trending toward more or fewer post-release bugs; a persistently high historical average may warrant a broader process review, not just extra scrutiny on this one release.",A low merge rate paired with elevated risk may indicate churn or disagreement during review; investigate closed-unmerged PRs for recurring concerns.,Cross-check against recent actual bug trends for this repository before relying heavily on this signal alone -- it partly reflects a documented training-period drift pattern that may not hold indefinitely (see the Target-Variable Definition document).,train
62049233,kubernetes/kubernetes,0.49762319027254753,High,"prior_releases_avg_bugs_repo_z (contribution=0.031): This repository's historical average post-release bug count (from releases whose own outcome was already known at this release's time), expressed relative to this repository's own typical level (repo-normalized, not a raw count).",first_time_contributor_count (contribution=0.019): This release involved an unusually high number of first-time contributors.,distinct_contributors (contribution=0.011): The number of distinct people committing before this release is unusually high or low.,"Review whether recent releases in this repository have been trending toward more or fewer post-release bugs; a persistently high historical average may warrant a broader process review, not just extra scrutiny on this one release.","Consider additional review scrutiny specifically on first-time contributors' changes, given this project's confirmed (though not fully independent of other factors) association between contributor turnover and elevated risk.",A low distinct-contributor count concentrates release risk on fewer people's work; consider an additional independent review pass.,train
62049706,kubernetes/kubernetes,0.48949542733019663,High,"prior_releases_avg_bugs_repo_z (contribution=0.031): This repository's historical average post-release bug count (from releases whose own outcome was already known at this release's time), expressed relative to this repository's own typical level (repo-normalized, not a raw count).",pct_merged (contribution=0.006): The share of this cycle's PRs that were merged (vs. closed unmerged) is unusually high or low.,"release_sequence (contribution=0.002): This release's position in its repository's history is associated with elevated risk (a project-wide finding, strongest and most consistent signal across every analysis method used).","Review whether recent releases in this repository have been trending toward more or fewer post-release bugs; a persistently high historical average may warrant a broader process review, not just extra scrutiny on this one release.",A low merge rate paired with elevated risk may indicate churn or disagreement during review; investigate closed-unmerged PRs for recurring concerns.,Cross-check against recent actual bug trends for this repository before relying heavily on this signal alone -- it partly reflects a documented training-period drift pattern that may not hold indefinitely (see the Target-Variable Definition document).,train
62050650,kubernetes/kubernetes,0.48920337560587046,High,"prior_releases_avg_bugs_repo_z (contribution=0.031): This repository's historical average post-release bug count (from releases whose own outcome was already known at this release's time), expressed relative to this repository's own typical level (repo-normalized, not a raw count).",pct_merged (contribution=0.006): The share of this cycle's PRs that were merged (vs. closed unmerged) is unusually high or low.,top_contributor_share (contribution=0.002): This release's commits were unusually concentrated in (or spread across) a small number of contributors.,"Review whether recent releases in this repository have been trending toward more or fewer post-release bugs; a persistently high historical average may warrant a broader process review, not just extra scrutiny on this one release.",A low merge rate paired with elevated risk may indicate churn or disagreement during review; investigate closed-unmerged PRs for recurring concerns.,High concentration in one contributor increases bus-factor risk; consider pairing or review redundancy for that contributor's changes.,train
64863991,kubernetes/kubernetes,0.5029390360568721,High,first_time_contributor_count (contribution=0.032): This release involved an unusually high number of first-time contributors.,"prior_releases_avg_bugs_repo_z (contribution=0.021): This repository's historical average post-release bug count (from releases whose own outcome was already known at this release's time), expressed relative to this repository's own typical level (repo-normalized, not a raw count).",distinct_contributors (contribution=0.015): The number of distinct people committing before this release is unusually high or low.,"Consider additional review scrutiny specifically on first-time contributors' changes, given this project's confirmed (though not fully independent of other factors) association between contributor turnover and elevated risk.","Review whether recent releases in this repository have been trending toward more or fewer post-release bugs; a persistently high historical average may warrant a broader process review, not just extra scrutiny on this one release.",A low distinct-contributor count concentrates release risk on fewer people's work; consider an additional independent review pass.,train
64869495,kubernetes/kubernetes,0.4569604545580916,High,"prior_releases_avg_bugs_repo_z (contribution=0.021): This repository's historical average post-release bug count (from releases whose own outcome was already known at this release's time), expressed relative to this repository's own typical level (repo-normalized, not a raw count).",avg_time_to_merge_hours (contribution=0.001): Pull requests before this release merged unusually quickly or slowly on average.,,"Review whether recent releases in this repository have been trending toward more or fewer post-release bugs; a persistently high historical average may warrant a broader process review, not just extra scrutiny on this one release.",Very fast merging paired with elevated risk may indicate reduced review scrutiny; consider a second reviewer pass on the highest-impact changes before shipping.,,train
64881287,kubernetes/kubernetes,0.4564111623688589,High,"prior_releases_avg_bugs_repo_z (contribution=0.021): This repository's historical average post-release bug count (from releases whose own outcome was already known at this release's time), expressed relative to this repository's own typical level (repo-normalized, not a raw count).",avg_time_to_merge_hours (contribution=0.001): Pull requests before this release merged unusually quickly or slowly on average.,,"Review whether recent releases in this repository have been trending toward more or fewer post-release bugs; a persistently high historical average may warrant a broader process review, not just extra scrutiny on this one release.",Very fast merging paired with elevated risk may indicate reduced review scrutiny; consider a second reviewer pass on the highest-impact changes before shipping.,,train
65962790,kubernetes/kubernetes,0.4763947036334973,High,"prior_releases_avg_bugs_repo_z (contribution=0.019): This repository's historical average post-release bug count (from releases whose own outcome was already known at this release's time), expressed relative to this repository's own typical level (repo-normalized, not a raw count).",pct_merged (contribution=0.012): The share of this cycle's PRs that were merged (vs. closed unmerged) is unusually high or low.,top_contributor_share (contribution=0.003): This release's commits were unusually concentrated in (or spread across) a small number of contributors.,"Review whether recent releases in this repository have been trending toward more or fewer post-release bugs; a persistently high historical average may warrant a broader process review, not just extra scrutiny on this one release.",A low merge rate paired with elevated risk may indicate churn or disagreement during review; investigate closed-unmerged PRs for recurring concerns.,High concentration in one contributor increases bus-factor risk; consider pairing or review redundancy for that contributor's changes.,train
67749918,kubernetes/kubernetes,0.48501768497495057,High,"prior_releases_avg_bugs_repo_z (contribution=0.013): This repository's historical average post-release bug count (from releases whose own outcome was already known at this release's time), expressed relative to this repository's own typical level (repo-normalized, not a raw count).",first_time_contributor_count (contribution=0.009): This release involved an unusually high number of first-time contributors.,distinct_contributors (contribution=0.008): The number of distinct people committing before this release is unusually high or low.,"Review whether recent releases in this repository have been trending toward more or fewer post-release bugs; a persistently high historical average may warrant a broader process review, not just extra scrutiny on this one release.","Consider additional review scrutiny specifically on first-time contributors' changes, given this project's confirmed (though not fully independent of other factors) association between contributor turnover and elevated risk.",A low distinct-contributor count concentrates release risk on fewer people's work; consider an additional independent review pass.,train
67833798,kubernetes/kubernetes,0.4676407287953071,High,pct_merged (contribution=0.018): The share of this cycle's PRs that were merged (vs. closed unmerged) is unusually high or low.,"prior_releases_avg_bugs_repo_z (contribution=0.013): This repository's historical average post-release bug count (from releases whose own outcome was already known at this release's time), expressed relative to this repository's own typical level (repo-normalized, not a raw count).",avg_time_to_merge_hours (contribution=0.003): Pull requests before this release merged unusually quickly or slowly on average.,A low merge rate paired with elevated risk may indicate churn or disagreement during review; investigate closed-unmerged PRs for recurring concerns.,"Review whether recent releases in this repository have been trending toward more or fewer post-release bugs; a persistently high historical average may warrant a broader process review, not just extra scrutiny on this one release.",Very fast merging paired with elevated risk may indicate reduced review scrutiny; consider a second reviewer pass on the highest-impact changes before shipping.,train
67872434,kubernetes/kubernetes,0.481723282005737,High,pct_merged (contribution=0.045): The share of this cycle's PRs that were merged (vs. closed unmerged) is unusually high or low.,"prior_releases_avg_bugs_repo_z (contribution=0.013): This repository's historical average post-release bug count (from releases whose own outcome was already known at this release's time), expressed relative to this repository's own typical level (repo-normalized, not a raw count).",top_contributor_share (contribution=0.002): This release's commits were unusually concentrated in (or spread across) a small number of contributors.,A low merge rate paired with elevated risk may indicate churn or disagreement during review; investigate closed-unmerged PRs for recurring concerns.,"Review whether recent releases in this repository have been trending toward more or fewer post-release bugs; a persistently high historical average may warrant a broader process review, not just extra scrutiny on this one release.",High concentration in one contributor increases bus-factor risk; consider pairing or review redundancy for that contributor's changes.,train
67885314,kubernetes/kubernetes,0.4068602858735372,Medium,pct_merged (contribution=0.016): The share of this cycle's PRs that were merged (vs. closed unmerged) is unusually high or low.,"prior_releases_avg_bugs_repo_z (contribution=0.013): This repository's historical average post-release bug count (from releases whose own outcome was already known at this release's time), expressed relative to this repository's own typical level (repo-normalized, not a raw count).",,A low merge rate paired with elevated risk may indicate churn or disagreement during review; investigate closed-unmerged PRs for recurring concerns.,"Review whether recent releases in this repository have been trending toward more or fewer post-release bugs; a persistently high historical average may warrant a broader process review, not just extra scrutiny on this one release.",,train
69652729,kubernetes/kubernetes,0.4836949279798585,High,first_time_contributor_count (contribution=0.015): This release involved an unusually high number of first-time contributors.,"prior_releases_avg_bugs_repo_z (contribution=0.010): This repository's historical average post-release bug count (from releases whose own outcome was already known at this release's time), expressed relative to this repository's own typical level (repo-normalized, not a raw count).","first_time_contributor_share (contribution=0.009): Same signal as first_time_contributor_count, expressed as a share of all contributors.","Consider additional review scrutiny specifically on first-time contributors' changes, given this project's confirmed (though not fully independent of other factors) association between contributor turnover and elevated risk.","Review whether recent releases in this repository have been trending toward more or fewer post-release bugs; a persistently high historical average may warrant a broader process review, not just extra scrutiny on this one release.",See first_time_contributor_count recommendation.,train
69661314,kubernetes/kubernetes,0.4793972869343915,High,"prior_releases_avg_bugs_repo_z (contribution=0.010): This repository's historical average post-release bug count (from releases whose own outcome was already known at this release's time), expressed relative to this repository's own typical level (repo-normalized, not a raw count).",pct_merged (contribution=0.006): The share of this cycle's PRs that were merged (vs. closed unmerged) is unusually high or low.,top_contributor_share (contribution=0.002): This release's commits were unusually concentrated in (or spread across) a small number of contributors.,"Review whether recent releases in this repository have been trending toward more or fewer post-release bugs; a persistently high historical average may warrant a broader process review, not just extra scrutiny on this one release.",A low merge rate paired with elevated risk may indicate churn or disagreement during review; investigate closed-unmerged PRs for recurring concerns.,High concentration in one contributor increases bus-factor risk; consider pairing or review redundancy for that contributor's changes.,train
69680319,kubernetes/kubernetes,0.4593360250824368,High,pct_merged (contribution=0.016): The share of this cycle's PRs that were merged (vs. closed unmerged) is unusually high or low.,"prior_releases_avg_bugs_repo_z (contribution=0.010): This repository's historical average post-release bug count (from releases whose own outcome was already known at this release's time), expressed relative to this repository's own typical level (repo-normalized, not a raw count).",avg_time_to_merge_hours (contribution=0.004): Pull requests before this release merged unusually quickly or slowly on average.,A low merge rate paired with elevated risk may indicate churn or disagreement during review; investigate closed-unmerged PRs for recurring concerns.,"Review whether recent releases in this repository have been trending toward more or fewer post-release bugs; a persistently high historical average may warrant a broader process review, not just extra scrutiny on this one release.",Very fast merging paired with elevated risk may indicate reduced review scrutiny; consider a second reviewer pass on the highest-impact changes before shipping.,train
69680447,kubernetes/kubernetes,0.4789537991073203,High,"prior_releases_avg_bugs_repo_z (contribution=0.010): This repository's historical average post-release bug count (from releases whose own outcome was already known at this release's time), expressed relative to this repository's own typical level (repo-normalized, not a raw count).",pct_merged (contribution=0.006): The share of this cycle's PRs that were merged (vs. closed unmerged) is unusually high or low.,top_contributor_share (contribution=0.002): This release's commits were unusually concentrated in (or spread across) a small number of contributors.,"Review whether recent releases in this repository have been trending toward more or fewer post-release bugs; a persistently high historical average may warrant a broader process review, not just extra scrutiny on this one release.",A low merge rate paired with elevated risk may indicate churn or disagreement during review; investigate closed-unmerged PRs for recurring concerns.,High concentration in one contributor increases bus-factor risk; consider pairing or review redundancy for that contributor's changes.,train
71926822,kubernetes/kubernetes,0.48242238594438136,High,first_time_contributor_count (contribution=0.018): This release involved an unusually high number of first-time contributors.,"first_time_contributor_share (contribution=0.010): Same signal as first_time_contributor_count, expressed as a share of all contributors.",distinct_contributors (contribution=0.008): The number of distinct people committing before this release is unusually high or low.,"Consider additional review scrutiny specifically on first-time contributors' changes, given this project's confirmed (though not fully independent of other factors) association between contributor turnover and elevated risk.",See first_time_contributor_count recommendation.,A low distinct-contributor count concentrates release risk on fewer people's work; consider an additional independent review pass.,train
71933950,kubernetes/kubernetes,0.4413836760649027,High,"prior_releases_avg_bugs_repo_z (contribution=0.002): This repository's historical average post-release bug count (from releases whose own outcome was already known at this release's time), expressed relative to this repository's own typical level (repo-normalized, not a raw count).",,,"Review whether recent releases in this repository have been trending toward more or fewer post-release bugs; a persistently high historical average may warrant a broader process review, not just extra scrutiny on this one release.",,,train
71937344,kubernetes/kubernetes,0.4750340423216396,High,pct_merged (contribution=0.006): The share of this cycle's PRs that were merged (vs. closed unmerged) is unusually high or low.,top_contributor_share (contribution=0.002): This release's commits were unusually concentrated in (or spread across) a small number of contributors.,"prior_releases_avg_bugs_repo_z (contribution=0.002): This repository's historical average post-release bug count (from releases whose own outcome was already known at this release's time), expressed relative to this repository's own typical level (repo-normalized, not a raw count).",A low merge rate paired with elevated risk may indicate churn or disagreement during review; investigate closed-unmerged PRs for recurring concerns.,High concentration in one contributor increases bus-factor risk; consider pairing or review redundancy for that contributor's changes.,"Review whether recent releases in this repository have been trending toward more or fewer post-release bugs; a persistently high historical average may warrant a broader process review, not just extra scrutiny on this one release.",train
74666225,kubernetes/kubernetes,0.485193739897877,High,first_time_contributor_count (contribution=0.027): This release involved an unusually high number of first-time contributors.,distinct_contributors (contribution=0.015): The number of distinct people committing before this release is unusually high or low.,commit_count (contribution=0.013): The volume of commits before this release is unusually high or low.,"Consider additional review scrutiny specifically on first-time contributors' changes, given this project's confirmed (though not fully independent of other factors) association between contributor turnover and elevated risk.",A low distinct-contributor count concentrates release risk on fewer people's work; consider an additional independent review pass.,"A very high commit count (a large release) may warrant proportionally more testing time; a very low count paired with elevated risk may indicate the release was small but touched a disproportionately risky area of the codebase -- review change scope, not just change volume.",train
74669757,kubernetes/kubernetes,0.4702383510778349,High,pct_merged (contribution=0.006): The share of this cycle's PRs that were merged (vs. closed unmerged) is unusually high or low.,top_contributor_share (contribution=0.002): This release's commits were unusually concentrated in (or spread across) a small number of contributors.,,A low merge rate paired with elevated risk may indicate churn or disagreement during review; investigate closed-unmerged PRs for recurring concerns.,High concentration in one contributor increases bus-factor risk; consider pairing or review redundancy for that contributor's changes.,,train
74671731,kubernetes/kubernetes,0.46994644856415885,High,pct_merged (contribution=0.006): The share of this cycle's PRs that were merged (vs. closed unmerged) is unusually high or low.,top_contributor_share (contribution=0.002): This release's commits were unusually concentrated in (or spread across) a small number of contributors.,,A low merge rate paired with elevated risk may indicate churn or disagreement during review; investigate closed-unmerged PRs for recurring concerns.,High concentration in one contributor increases bus-factor risk; consider pairing or review redundancy for that contributor's changes.,,train
75156399,kubernetes/kubernetes,0.4584039911035965,High,pct_merged (contribution=0.005): The share of this cycle's PRs that were merged (vs. closed unmerged) is unusually high or low.,top_contributor_share (contribution=0.002): This release's commits were unusually concentrated in (or spread across) a small number of contributors.,"first_time_contributor_share (contribution=0.001): Same signal as first_time_contributor_count, expressed as a share of all contributors.",A low merge rate paired with elevated risk may indicate churn or disagreement during review; investigate closed-unmerged PRs for recurring concerns.,High concentration in one contributor increases bus-factor risk; consider pairing or review redundancy for that contributor's changes.,See first_time_contributor_count recommendation.,train
77194312,kubernetes/kubernetes,0.47401352158308546,High,first_time_contributor_count (contribution=0.014): This release involved an unusually high number of first-time contributors.,distinct_contributors (contribution=0.008): The number of distinct people committing before this release is unusually high or low.,pct_merged (contribution=0.007): The share of this cycle's PRs that were merged (vs. closed unmerged) is unusually high or low.,"Consider additional review scrutiny specifically on first-time contributors' changes, given this project's confirmed (though not fully independent of other factors) association between contributor turnover and elevated risk.",A low distinct-contributor count concentrates release risk on fewer people's work; consider an additional independent review pass.,A low merge rate paired with elevated risk may indicate churn or disagreement during review; investigate closed-unmerged PRs for recurring concerns.,train
77213823,kubernetes/kubernetes,0.441991605180372,High,avg_time_to_merge_hours (contribution=0.001): Pull requests before this release merged unusually quickly or slowly on average.,,,Very fast merging paired with elevated risk may indicate reduced review scrutiny; consider a second reviewer pass on the highest-impact changes before shipping.,,,train
77303540,kubernetes/kubernetes,0.46375202947944694,High,"first_time_contributor_share (contribution=0.021): Same signal as first_time_contributor_count, expressed as a share of all contributors.",pct_merged (contribution=0.006): The share of this cycle's PRs that were merged (vs. closed unmerged) is unusually high or low.,avg_time_to_merge_hours (contribution=0.005): Pull requests before this release merged unusually quickly or slowly on average.,See first_time_contributor_count recommendation.,A low merge rate paired with elevated risk may indicate churn or disagreement during review; investigate closed-unmerged PRs for recurring concerns.,Very fast merging paired with elevated risk may indicate reduced review scrutiny; consider a second reviewer pass on the highest-impact changes before shipping.,train
77303985,kubernetes/kubernetes,0.4552730275129952,High,avg_time_to_merge_hours (contribution=0.006): Pull requests before this release merged unusually quickly or slowly on average.,"median_time_to_merge_hours (contribution=0.003): Same signal as avg_time_to_merge_hours, less sensitive to a few outlier PRs.",top_contributor_share (contribution=0.002): This release's commits were unusually concentrated in (or spread across) a small number of contributors.,Very fast merging paired with elevated risk may indicate reduced review scrutiny; consider a second reviewer pass on the highest-impact changes before shipping.,See avg_time_to_merge_hours recommendation.,High concentration in one contributor increases bus-factor risk; consider pairing or review redundancy for that contributor's changes.,train
77795569,kubernetes/kubernetes,0.4580446690095023,High,pct_merged (contribution=0.004): The share of this cycle's PRs that were merged (vs. closed unmerged) is unusually high or low.,top_contributor_share (contribution=0.003): This release's commits were unusually concentrated in (or spread across) a small number of contributors.,"median_time_to_merge_hours (contribution=0.001): Same signal as avg_time_to_merge_hours, less sensitive to a few outlier PRs.",A low merge rate paired with elevated risk may indicate churn or disagreement during review; investigate closed-unmerged PRs for recurring concerns.,High concentration in one contributor increases bus-factor risk; consider pairing or review redundancy for that contributor's changes.,See avg_time_to_merge_hours recommendation.,train
77802321,kubernetes/kubernetes,0.4502706638409467,High,top_contributor_share (contribution=0.002): This release's commits were unusually concentrated in (or spread across) a small number of contributors.,,,High concentration in one contributor increases bus-factor risk; consider pairing or review redundancy for that contributor's changes.,,,train
77807233,kubernetes/kubernetes,0.4521570466996308,High,"first_time_contributor_share (contribution=0.045): Same signal as first_time_contributor_count, expressed as a share of all contributors.",,,See first_time_contributor_count recommendation.,,,train
77813556,kubernetes/kubernetes,0.44358223619193926,High,avg_time_to_merge_hours (contribution=0.006): Pull requests before this release merged unusually quickly or slowly on average.,"median_time_to_merge_hours (contribution=0.002): Same signal as avg_time_to_merge_hours, less sensitive to a few outlier PRs.",,Very fast merging paired with elevated risk may indicate reduced review scrutiny; consider a second reviewer pass on the highest-impact changes before shipping.,See avg_time_to_merge_hours recommendation.,,train
79809601,kubernetes/kubernetes,0.471425830666982,High,first_time_contributor_count (contribution=0.016): This release involved an unusually high number of first-time contributors.,distinct_contributors (contribution=0.008): The number of distinct people committing before this release is unusually high or low.,"first_time_contributor_share (contribution=0.008): Same signal as first_time_contributor_count, expressed as a share of all contributors.","Consider additional review scrutiny specifically on first-time contributors' changes, given this project's confirmed (though not fully independent of other factors) association between contributor turnover and elevated risk.",A low distinct-contributor count concentrates release risk on fewer people's work; consider an additional independent review pass.,See first_time_contributor_count recommendation.,train
79809812,kubernetes/kubernetes,0.46505014727655225,High,pct_merged (contribution=0.006): The share of this cycle's PRs that were merged (vs. closed unmerged) is unusually high or low.,top_contributor_share (contribution=0.002): This release's commits were unusually concentrated in (or spread across) a small number of contributors.,,A low merge rate paired with elevated risk may indicate churn or disagreement during review; investigate closed-unmerged PRs for recurring concerns.,High concentration in one contributor increases bus-factor risk; consider pairing or review redundancy for that contributor's changes.,,train
79809886,kubernetes/kubernetes,0.46475932216431587,High,pct_merged (contribution=0.006): The share of this cycle's PRs that were merged (vs. closed unmerged) is unusually high or low.,top_contributor_share (contribution=0.002): This release's commits were unusually concentrated in (or spread across) a small number of contributors.,,A low merge rate paired with elevated risk may indicate churn or disagreement during review; investigate closed-unmerged PRs for recurring concerns.,High concentration in one contributor increases bus-factor risk; consider pairing or review redundancy for that contributor's changes.,,train
82710116,kubernetes/kubernetes,0.47638874794038194,High,first_time_contributor_count (contribution=0.029): This release involved an unusually high number of first-time contributors.,commit_count (contribution=0.020): The volume of commits before this release is unusually high or low.,distinct_contributors (contribution=0.014): The number of distinct people committing before this release is unusually high or low.,"Consider additional review scrutiny specifically on first-time contributors' changes, given this project's confirmed (though not fully independent of other factors) association between contributor turnover and elevated risk.","A very high commit count (a large release) may warrant proportionally more testing time; a very low count paired with elevated risk may indicate the release was small but touched a disproportionately risky area of the codebase -- review change scope, not just change volume.",A low distinct-contributor count concentrates release risk on fewer people's work; consider an additional independent review pass.,train
82714136,kubernetes/kubernetes,0.3681601103659338,Medium,,,,,,,train
82714305,kubernetes/kubernetes,0.4455199956524842,High,pct_merged (contribution=0.006): The share of this cycle's PRs that were merged (vs. closed unmerged) is unusually high or low.,,,A low merge rate paired with elevated risk may indicate churn or disagreement during review; investigate closed-unmerged PRs for recurring concerns.,,,train
82714385,kubernetes/kubernetes,0.45818497518447976,High,pct_merged (contribution=0.006): The share of this cycle's PRs that were merged (vs. closed unmerged) is unusually high or low.,top_contributor_share (contribution=0.002): This release's commits were unusually concentrated in (or spread across) a small number of contributors.,,A low merge rate paired with elevated risk may indicate churn or disagreement during review; investigate closed-unmerged PRs for recurring concerns.,High concentration in one contributor increases bus-factor risk; consider pairing or review redundancy for that contributor's changes.,,train
85466097,kubernetes/kubernetes,0.4566462252243741,High,distinct_contributors (contribution=0.008): The number of distinct people committing before this release is unusually high or low.,pct_merged (contribution=0.008): The share of this cycle's PRs that were merged (vs. closed unmerged) is unusually high or low.,first_time_contributor_count (contribution=0.006): This release involved an unusually high number of first-time contributors.,A low distinct-contributor count concentrates release risk on fewer people's work; consider an additional independent review pass.,A low merge rate paired with elevated risk may indicate churn or disagreement during review; investigate closed-unmerged PRs for recurring concerns.,"Consider additional review scrutiny specifically on first-time contributors' changes, given this project's confirmed (though not fully independent of other factors) association between contributor turnover and elevated risk.",train
85470423,kubernetes/kubernetes,0.43704902723318,High,top_contributor_share (contribution=0.002): This release's commits were unusually concentrated in (or spread across) a small number of contributors.,,,High concentration in one contributor increases bus-factor risk; consider pairing or review redundancy for that contributor's changes.,,,train
85475750,kubernetes/kubernetes,0.42551466651944864,Medium,top_contributor_share (contribution=0.002): This release's commits were unusually concentrated in (or spread across) a small number of contributors.,,,High concentration in one contributor increases bus-factor risk; consider pairing or review redundancy for that contributor's changes.,,,train
85487731,kubernetes/kubernetes,0.4428999865287819,High,pct_merged (contribution=0.006): The share of this cycle's PRs that were merged (vs. closed unmerged) is unusually high or low.,,,A low merge rate paired with elevated risk may indicate churn or disagreement during review; investigate closed-unmerged PRs for recurring concerns.,,,train
85515657,kubernetes/kubernetes,0.44862438936322535,High,"first_time_contributor_share (contribution=0.045): Same signal as first_time_contributor_count, expressed as a share of all contributors.",pct_merged (contribution=0.006): The share of this cycle's PRs that were merged (vs. closed unmerged) is unusually high or low.,,See first_time_contributor_count recommendation.,A low merge rate paired with elevated risk may indicate churn or disagreement during review; investigate closed-unmerged PRs for recurring concerns.,,train
89461411,kubernetes/kubernetes,0.47174793685766536,High,first_time_contributor_count (contribution=0.042): This release involved an unusually high number of first-time contributors.,commit_count (contribution=0.017): The volume of commits before this release is unusually high or low.,"first_time_contributor_share (contribution=0.017): Same signal as first_time_contributor_count, expressed as a share of all contributors.","Consider additional review scrutiny specifically on first-time contributors' changes, given this project's confirmed (though not fully independent of other factors) association between contributor turnover and elevated risk.","A very high commit count (a large release) may warrant proportionally more testing time; a very low count paired with elevated risk may indicate the release was small but touched a disproportionately risky area of the codebase -- review change scope, not just change volume.",See first_time_contributor_count recommendation.,train
89465459,kubernetes/kubernetes,0.4491196423919055,High,pct_merged (contribution=0.006): The share of this cycle's PRs that were merged (vs. closed unmerged) is unusually high or low.,top_contributor_share (contribution=0.002): This release's commits were unusually concentrated in (or spread across) a small number of contributors.,,A low merge rate paired with elevated risk may indicate churn or disagreement during review; investigate closed-unmerged PRs for recurring concerns.,High concentration in one contributor increases bus-factor risk; consider pairing or review redundancy for that contributor's changes.,,train
89478326,kubernetes/kubernetes,0.4256075869078268,Medium,avg_time_to_merge_hours (contribution=0.004): Pull requests before this release merged unusually quickly or slowly on average.,"median_time_to_merge_hours (contribution=0.003): Same signal as avg_time_to_merge_hours, less sensitive to a few outlier PRs.",,Very fast merging paired with elevated risk may indicate reduced review scrutiny; consider a second reviewer pass on the highest-impact changes before shipping.,See avg_time_to_merge_hours recommendation.,,train
89577865,kubernetes/kubernetes,0.4319508929326658,High,"median_time_to_merge_hours (contribution=0.002): Same signal as avg_time_to_merge_hours, less sensitive to a few outlier PRs.",avg_time_to_merge_hours (contribution=0.002): Pull requests before this release merged unusually quickly or slowly on average.,,See avg_time_to_merge_hours recommendation.,Very fast merging paired with elevated risk may indicate reduced review scrutiny; consider a second reviewer pass on the highest-impact changes before shipping.,,train
93991288,kubernetes/kubernetes,0.4672178068840806,High,first_time_contributor_count (contribution=0.037): This release involved an unusually high number of first-time contributors.,commit_count (contribution=0.020): The volume of commits before this release is unusually high or low.,distinct_contributors (contribution=0.016): The number of distinct people committing before this release is unusually high or low.,"Consider additional review scrutiny specifically on first-time contributors' changes, given this project's confirmed (though not fully independent of other factors) association between contributor turnover and elevated risk.","A very high commit count (a large release) may warrant proportionally more testing time; a very low count paired with elevated risk may indicate the release was small but touched a disproportionately risky area of the codebase -- review change scope, not just change volume.",A low distinct-contributor count concentrates release risk on fewer people's work; consider an additional independent review pass.,train
94000681,kubernetes/kubernetes,0.4461175812974124,High,pct_merged (contribution=0.006): The share of this cycle's PRs that were merged (vs. closed unmerged) is unusually high or low.,top_contributor_share (contribution=0.002): This release's commits were unusually concentrated in (or spread across) a small number of contributors.,,A low merge rate paired with elevated risk may indicate churn or disagreement during review; investigate closed-unmerged PRs for recurring concerns.,High concentration in one contributor increases bus-factor risk; consider pairing or review redundancy for that contributor's changes.,,train
94006526,kubernetes/kubernetes,0.42208536892356885,Medium,avg_time_to_merge_hours (contribution=0.005): Pull requests before this release merged unusually quickly or slowly on average.,"median_time_to_merge_hours (contribution=0.002): Same signal as avg_time_to_merge_hours, less sensitive to a few outlier PRs.",,Very fast merging paired with elevated risk may indicate reduced review scrutiny; consider a second reviewer pass on the highest-impact changes before shipping.,See avg_time_to_merge_hours recommendation.,,train
94012442,kubernetes/kubernetes,0.4371619409835503,High,pct_merged (contribution=0.016): The share of this cycle's PRs that were merged (vs. closed unmerged) is unusually high or low.,top_contributor_share (contribution=0.002): This release's commits were unusually concentrated in (or spread across) a small number of contributors.,avg_time_to_merge_hours (contribution=0.001): Pull requests before this release merged unusually quickly or slowly on average.,A low merge rate paired with elevated risk may indicate churn or disagreement during review; investigate closed-unmerged PRs for recurring concerns.,High concentration in one contributor increases bus-factor risk; consider pairing or review redundancy for that contributor's changes.,Very fast merging paired with elevated risk may indicate reduced review scrutiny; consider a second reviewer pass on the highest-impact changes before shipping.,train
96018281,kubernetes/kubernetes,0.4484404459834969,High,commit_count (contribution=0.013): The volume of commits before this release is unusually high or low.,distinct_contributors (contribution=0.012): The number of distinct people committing before this release is unusually high or low.,first_time_contributor_count (contribution=0.006): This release involved an unusually high number of first-time contributors.,"A very high commit count (a large release) may warrant proportionally more testing time; a very low count paired with elevated risk may indicate the release was small but touched a disproportionately risky area of the codebase -- review change scope, not just change volume.",A low distinct-contributor count concentrates release risk on fewer people's work; consider an additional independent review pass.,"Consider additional review scrutiny specifically on first-time contributors' changes, given this project's confirmed (though not fully independent of other factors) association between contributor turnover and elevated risk.",train
96021741,kubernetes/kubernetes,0.4337454692713915,High,pct_merged (contribution=0.006): The share of this cycle's PRs that were merged (vs. closed unmerged) is unusually high or low.,,,A low merge rate paired with elevated risk may indicate churn or disagreement during review; investigate closed-unmerged PRs for recurring concerns.,,,train
96029525,kubernetes/kubernetes,0.42676248412982964,Medium,top_contributor_share (contribution=0.002): This release's commits were unusually concentrated in (or spread across) a small number of contributors.,,,High concentration in one contributor increases bus-factor risk; consider pairing or review redundancy for that contributor's changes.,,,train
98968195,kubernetes/kubernetes,0.4406952847418928,High,pct_merged (contribution=0.012): The share of this cycle's PRs that were merged (vs. closed unmerged) is unusually high or low.,distinct_contributors (contribution=0.007): The number of distinct people committing before this release is unusually high or low.,cycle_length_days (contribution=0.004): The time since the previous release is unusually long or short.,A low merge rate paired with elevated risk may indicate churn or disagreement during review; investigate closed-unmerged PRs for recurring concerns.,A low distinct-contributor count concentrates release risk on fewer people's work; consider an additional independent review pass.,A very short cycle may mean limited integration/soak time before shipping; consider whether this release had adequate testing time relative to its scope.,train
99183057,kubernetes/kubernetes,0.429266379510659,Medium,pct_merged (contribution=0.008): The share of this cycle's PRs that were merged (vs. closed unmerged) is unusually high or low.,top_contributor_share (contribution=0.002): This release's commits were unusually concentrated in (or spread across) a small number of contributors.,,A low merge rate paired with elevated risk may indicate churn or disagreement during review; investigate closed-unmerged PRs for recurring concerns.,High concentration in one contributor increases bus-factor risk; consider pairing or review redundancy for that contributor's changes.,,train
99187893,kubernetes/kubernetes,0.4161347585828065,Medium,avg_time_to_merge_hours (contribution=0.002): Pull requests before this release merged unusually quickly or slowly on average.,,,Very fast merging paired with elevated risk may indicate reduced review scrutiny; consider a second reviewer pass on the highest-impact changes before shipping.,,,train
99192787,kubernetes/kubernetes,0.4435200311954868,High,pct_merged (contribution=0.006): The share of this cycle's PRs that were merged (vs. closed unmerged) is unusually high or low.,top_contributor_share (contribution=0.002): This release's commits were unusually concentrated in (or spread across) a small number of contributors.,,A low merge rate paired with elevated risk may indicate churn or disagreement during review; investigate closed-unmerged PRs for recurring concerns.,High concentration in one contributor increases bus-factor risk; consider pairing or review redundancy for that contributor's changes.,,train
99571135,kubernetes/kubernetes,0.4295848522233468,Medium,pct_merged (contribution=0.004): The share of this cycle's PRs that were merged (vs. closed unmerged) is unusually high or low.,top_contributor_share (contribution=0.002): This release's commits were unusually concentrated in (or spread across) a small number of contributors.,,A low merge rate paired with elevated risk may indicate churn or disagreement during review; investigate closed-unmerged PRs for recurring concerns.,High concentration in one contributor increases bus-factor risk; consider pairing or review redundancy for that contributor's changes.,,train
103386457,kubernetes/kubernetes,0.45565779005121954,High,first_time_contributor_count (contribution=0.025): This release involved an unusually high number of first-time contributors.,distinct_contributors (contribution=0.013): The number of distinct people committing before this release is unusually high or low.,commit_count (contribution=0.010): The volume of commits before this release is unusually high or low.,"Consider additional review scrutiny specifically on first-time contributors' changes, given this project's confirmed (though not fully independent of other factors) association between contributor turnover and elevated risk.",A low distinct-contributor count concentrates release risk on fewer people's work; consider an additional independent review pass.,"A very high commit count (a large release) may warrant proportionally more testing time; a very low count paired with elevated risk may indicate the release was small but touched a disproportionately risky area of the codebase -- review change scope, not just change volume.",train
103386495,kubernetes/kubernetes,0.44207697836397813,High,pct_merged (contribution=0.006): The share of this cycle's PRs that were merged (vs. closed unmerged) is unusually high or low.,top_contributor_share (contribution=0.002): This release's commits were unusually concentrated in (or spread across) a small number of contributors.,,A low merge rate paired with elevated risk may indicate churn or disagreement during review; investigate closed-unmerged PRs for recurring concerns.,High concentration in one contributor increases bus-factor risk; consider pairing or review redundancy for that contributor's changes.,,train
103393064,kubernetes/kubernetes,0.41737064831225257,Medium,avg_time_to_merge_hours (contribution=0.006): Pull requests before this release merged unusually quickly or slowly on average.,"median_time_to_merge_hours (contribution=0.002): Same signal as avg_time_to_merge_hours, less sensitive to a few outlier PRs.",,Very fast merging paired with elevated risk may indicate reduced review scrutiny; consider a second reviewer pass on the highest-impact changes before shipping.,See avg_time_to_merge_hours recommendation.,,train
103395497,kubernetes/kubernetes,0.42867440224447534,Medium,pct_merged (contribution=0.006): The share of this cycle's PRs that were merged (vs. closed unmerged) is unusually high or low.,,,A low merge rate paired with elevated risk may indicate churn or disagreement during review; investigate closed-unmerged PRs for recurring concerns.,,,train
108620995,kubernetes/kubernetes,0.44473215450198567,High,first_time_contributor_count (contribution=0.009): This release involved an unusually high number of first-time contributors.,distinct_contributors (contribution=0.009): The number of distinct people committing before this release is unusually high or low.,pct_merged (contribution=0.008): The share of this cycle's PRs that were merged (vs. closed unmerged) is unusually high or low.,"Consider additional review scrutiny specifically on first-time contributors' changes, given this project's confirmed (though not fully independent of other factors) association between contributor turnover and elevated risk.",A low distinct-contributor count concentrates release risk on fewer people's work; consider an additional independent review pass.,A low merge rate paired with elevated risk may indicate churn or disagreement during review; investigate closed-unmerged PRs for recurring concerns.,train
108627351,kubernetes/kubernetes,0.42278690712212535,Medium,pct_merged (contribution=0.016): The share of this cycle's PRs that were merged (vs. closed unmerged) is unusually high or low.,avg_time_to_merge_hours (contribution=0.006): Pull requests before this release merged unusually quickly or slowly on average.,"median_time_to_merge_hours (contribution=0.003): Same signal as avg_time_to_merge_hours, less sensitive to a few outlier PRs.",A low merge rate paired with elevated risk may indicate churn or disagreement during review; investigate closed-unmerged PRs for recurring concerns.,Very fast merging paired with elevated risk may indicate reduced review scrutiny; consider a second reviewer pass on the highest-impact changes before shipping.,See avg_time_to_merge_hours recommendation.,train
108637771,kubernetes/kubernetes,0.4155361025771006,Medium,avg_time_to_merge_hours (contribution=0.006): Pull requests before this release merged unusually quickly or slowly on average.,"median_time_to_merge_hours (contribution=0.003): Same signal as avg_time_to_merge_hours, less sensitive to a few outlier PRs.",,Very fast merging paired with elevated risk may indicate reduced review scrutiny; consider a second reviewer pass on the highest-impact changes before shipping.,See avg_time_to_merge_hours recommendation.,,train
108644552,kubernetes/kubernetes,0.44068515928463786,High,pct_merged (contribution=0.006): The share of this cycle's PRs that were merged (vs. closed unmerged) is unusually high or low.,top_contributor_share (contribution=0.002): This release's commits were unusually concentrated in (or spread across) a small number of contributors.,,A low merge rate paired with elevated risk may indicate churn or disagreement during review; investigate closed-unmerged PRs for recurring concerns.,High concentration in one contributor increases bus-factor risk; consider pairing or review redundancy for that contributor's changes.,,train
112862724,kubernetes/kubernetes,0.4510132935475973,High,commit_count (contribution=0.016): The volume of commits before this release is unusually high or low.,first_time_contributor_count (contribution=0.015): This release involved an unusually high number of first-time contributors.,distinct_contributors (contribution=0.014): The number of distinct people committing before this release is unusually high or low.,"A very high commit count (a large release) may warrant proportionally more testing time; a very low count paired with elevated risk may indicate the release was small but touched a disproportionately risky area of the codebase -- review change scope, not just change volume.","Consider additional review scrutiny specifically on first-time contributors' changes, given this project's confirmed (though not fully independent of other factors) association between contributor turnover and elevated risk.",A low distinct-contributor count concentrates release risk on fewer people's work; consider an additional independent review pass.,train
112870721,kubernetes/kubernetes,0.4407648736402842,High,pct_merged (contribution=0.006): The share of this cycle's PRs that were merged (vs. closed unmerged) is unusually high or low.,top_contributor_share (contribution=0.002): This release's commits were unusually concentrated in (or spread across) a small number of contributors.,,A low merge rate paired with elevated risk may indicate churn or disagreement during review; investigate closed-unmerged PRs for recurring concerns.,High concentration in one contributor increases bus-factor risk; consider pairing or review redundancy for that contributor's changes.,,train
112875833,kubernetes/kubernetes,0.44047639767216423,High,pct_merged (contribution=0.006): The share of this cycle's PRs that were merged (vs. closed unmerged) is unusually high or low.,top_contributor_share (contribution=0.002): This release's commits were unusually concentrated in (or spread across) a small number of contributors.,,A low merge rate paired with elevated risk may indicate churn or disagreement during review; investigate closed-unmerged PRs for recurring concerns.,High concentration in one contributor increases bus-factor risk; consider pairing or review redundancy for that contributor's changes.,,train
112879656,kubernetes/kubernetes,0.4274114003298376,Medium,pct_merged (contribution=0.006): The share of this cycle's PRs that were merged (vs. closed unmerged) is unusually high or low.,,,A low merge rate paired with elevated risk may indicate churn or disagreement during review; investigate closed-unmerged PRs for recurring concerns.,,,train
117338250,kubernetes/kubernetes,0.4451523658518735,High,first_time_contributor_count (contribution=0.013): This release involved an unusually high number of first-time contributors.,pct_merged (contribution=0.008): The share of this cycle's PRs that were merged (vs. closed unmerged) is unusually high or low.,distinct_contributors (contribution=0.007): The number of distinct people committing before this release is unusually high or low.,"Consider additional review scrutiny specifically on first-time contributors' changes, given this project's confirmed (though not fully independent of other factors) association between contributor turnover and elevated risk.",A low merge rate paired with elevated risk may indicate churn or disagreement during review; investigate closed-unmerged PRs for recurring concerns.,A low distinct-contributor count concentrates release risk on fewer people's work; consider an additional independent review pass.,train
118493643,kubernetes/kubernetes,0.43528834115288706,High,pct_merged (contribution=0.004): The share of this cycle's PRs that were merged (vs. closed unmerged) is unusually high or low.,"open_bugs_at_release_repo_z (contribution=0.003): The pre-release open-bug backlog is unusually high or low relative to THIS REPOSITORY'S OWN typical level (a repo-normalized value, not a raw count -- see the raw open_bugs_at_release column for the actual count). NOTE: this relationship runs in OPPOSITE directions for microsoft/vscode versus kubernetes/kubernetes and apache/airflow -- confirm which repository this release belongs to before interpreting the direction.",top_contributor_share (contribution=0.003): This release's commits were unusually concentrated in (or spread across) a small number of contributors.,A low merge rate paired with elevated risk may indicate churn or disagreement during review; investigate closed-unmerged PRs for recurring concerns.,For kubernetes/kubernetes or apache/airflow: a high backlog suggests unresolved technical debt risk -- consider prioritizing backlog triage before this release ships. For microsoft/vscode: a LOW backlog was associated with higher risk in this dataset -- investigate whether this reflects under-reporting rather than genuine stability before treating it as reassuring.,High concentration in one contributor increases bus-factor risk; consider pairing or review redundancy for that contributor's changes.,train
118493759,kubernetes/kubernetes,0.4408085666309313,High,pct_merged (contribution=0.006): The share of this cycle's PRs that were merged (vs. closed unmerged) is unusually high or low.,"open_bugs_at_release_repo_z (contribution=0.003): The pre-release open-bug backlog is unusually high or low relative to THIS REPOSITORY'S OWN typical level (a repo-normalized value, not a raw count -- see the raw open_bugs_at_release column for the actual count). NOTE: this relationship runs in OPPOSITE directions for microsoft/vscode versus kubernetes/kubernetes and apache/airflow -- confirm which repository this release belongs to before interpreting the direction.",top_contributor_share (contribution=0.002): This release's commits were unusually concentrated in (or spread across) a small number of contributors.,A low merge rate paired with elevated risk may indicate churn or disagreement during review; investigate closed-unmerged PRs for recurring concerns.,For kubernetes/kubernetes or apache/airflow: a high backlog suggests unresolved technical debt risk -- consider prioritizing backlog triage before this release ships. For microsoft/vscode: a LOW backlog was associated with higher risk in this dataset -- investigate whether this reflects under-reporting rather than genuine stability before treating it as reassuring.,High concentration in one contributor increases bus-factor risk; consider pairing or review redundancy for that contributor's changes.,train
118498412,kubernetes/kubernetes,0.41290384450955825,Medium,pct_merged (contribution=0.016): The share of this cycle's PRs that were merged (vs. closed unmerged) is unusually high or low.,"open_bugs_at_release_repo_z (contribution=0.003): The pre-release open-bug backlog is unusually high or low relative to THIS REPOSITORY'S OWN typical level (a repo-normalized value, not a raw count -- see the raw open_bugs_at_release column for the actual count). NOTE: this relationship runs in OPPOSITE directions for microsoft/vscode versus kubernetes/kubernetes and apache/airflow -- confirm which repository this release belongs to before interpreting the direction.",,A low merge rate paired with elevated risk may indicate churn or disagreement during review; investigate closed-unmerged PRs for recurring concerns.,For kubernetes/kubernetes or apache/airflow: a high backlog suggests unresolved technical debt risk -- consider prioritizing backlog triage before this release ships. For microsoft/vscode: a LOW backlog was associated with higher risk in this dataset -- investigate whether this reflects under-reporting rather than genuine stability before treating it as reassuring.,,train
118524649,kubernetes/kubernetes,0.44031504783242736,High,pct_merged (contribution=0.006): The share of this cycle's PRs that were merged (vs. closed unmerged) is unusually high or low.,"open_bugs_at_release_repo_z (contribution=0.004): The pre-release open-bug backlog is unusually high or low relative to THIS REPOSITORY'S OWN typical level (a repo-normalized value, not a raw count -- see the raw open_bugs_at_release column for the actual count). NOTE: this relationship runs in OPPOSITE directions for microsoft/vscode versus kubernetes/kubernetes and apache/airflow -- confirm which repository this release belongs to before interpreting the direction.",top_contributor_share (contribution=0.002): This release's commits were unusually concentrated in (or spread across) a small number of contributors.,A low merge rate paired with elevated risk may indicate churn or disagreement during review; investigate closed-unmerged PRs for recurring concerns.,For kubernetes/kubernetes or apache/airflow: a high backlog suggests unresolved technical debt risk -- consider prioritizing backlog triage before this release ships. For microsoft/vscode: a LOW backlog was associated with higher risk in this dataset -- investigate whether this reflects under-reporting rather than genuine stability before treating it as reassuring.,High concentration in one contributor increases bus-factor risk; consider pairing or review redundancy for that contributor's changes.,train
118562913,kubernetes/kubernetes,0.41699707074006637,Medium,"open_bugs_at_release_repo_z (contribution=0.003): The pre-release open-bug backlog is unusually high or low relative to THIS REPOSITORY'S OWN typical level (a repo-normalized value, not a raw count -- see the raw open_bugs_at_release column for the actual count). NOTE: this relationship runs in OPPOSITE directions for microsoft/vscode versus kubernetes/kubernetes and apache/airflow -- confirm which repository this release belongs to before interpreting the direction.","median_time_to_merge_hours (contribution=0.002): Same signal as avg_time_to_merge_hours, less sensitive to a few outlier PRs.",avg_time_to_merge_hours (contribution=0.002): Pull requests before this release merged unusually quickly or slowly on average.,For kubernetes/kubernetes or apache/airflow: a high backlog suggests unresolved technical debt risk -- consider prioritizing backlog triage before this release ships. For microsoft/vscode: a LOW backlog was associated with higher risk in this dataset -- investigate whether this reflects under-reporting rather than genuine stability before treating it as reassuring.,See avg_time_to_merge_hours recommendation.,Very fast merging paired with elevated risk may indicate reduced review scrutiny; consider a second reviewer pass on the highest-impact changes before shipping.,train
121009496,kubernetes/kubernetes,0.446635931716665,High,first_time_contributor_count (contribution=0.018): This release involved an unusually high number of first-time contributors.,distinct_contributors (contribution=0.009): The number of distinct people committing before this release is unusually high or low.,"open_bugs_at_release_repo_z (contribution=0.008): The pre-release open-bug backlog is unusually high or low relative to THIS REPOSITORY'S OWN typical level (a repo-normalized value, not a raw count -- see the raw open_bugs_at_release column for the actual count). NOTE: this relationship runs in OPPOSITE directions for microsoft/vscode versus kubernetes/kubernetes and apache/airflow -- confirm which repository this release belongs to before interpreting the direction.","Consider additional review scrutiny specifically on first-time contributors' changes, given this project's confirmed (though not fully independent of other factors) association between contributor turnover and elevated risk.",A low distinct-contributor count concentrates release risk on fewer people's work; consider an additional independent review pass.,For kubernetes/kubernetes or apache/airflow: a high backlog suggests unresolved technical debt risk -- consider prioritizing backlog triage before this release ships. For microsoft/vscode: a LOW backlog was associated with higher risk in this dataset -- investigate whether this reflects under-reporting rather than genuine stability before treating it as reassuring.,train
121011208,kubernetes/kubernetes,0.44026058320292455,High,"open_bugs_at_release_repo_z (contribution=0.008): The pre-release open-bug backlog is unusually high or low relative to THIS REPOSITORY'S OWN typical level (a repo-normalized value, not a raw count -- see the raw open_bugs_at_release column for the actual count). NOTE: this relationship runs in OPPOSITE directions for microsoft/vscode versus kubernetes/kubernetes and apache/airflow -- confirm which repository this release belongs to before interpreting the direction.",pct_merged (contribution=0.006): The share of this cycle's PRs that were merged (vs. closed unmerged) is unusually high or low.,top_contributor_share (contribution=0.002): This release's commits were unusually concentrated in (or spread across) a small number of contributors.,For kubernetes/kubernetes or apache/airflow: a high backlog suggests unresolved technical debt risk -- consider prioritizing backlog triage before this release ships. For microsoft/vscode: a LOW backlog was associated with higher risk in this dataset -- investigate whether this reflects under-reporting rather than genuine stability before treating it as reassuring.,A low merge rate paired with elevated risk may indicate churn or disagreement during review; investigate closed-unmerged PRs for recurring concerns.,High concentration in one contributor increases bus-factor risk; consider pairing or review redundancy for that contributor's changes.,train
121027792,kubernetes/kubernetes,0.4072412253832765,Medium,"open_bugs_at_release_repo_z (contribution=0.008): The pre-release open-bug backlog is unusually high or low relative to THIS REPOSITORY'S OWN typical level (a repo-normalized value, not a raw count -- see the raw open_bugs_at_release column for the actual count). NOTE: this relationship runs in OPPOSITE directions for microsoft/vscode versus kubernetes/kubernetes and apache/airflow -- confirm which repository this release belongs to before interpreting the direction.",,,For kubernetes/kubernetes or apache/airflow: a high backlog suggests unresolved technical debt risk -- consider prioritizing backlog triage before this release ships. For microsoft/vscode: a LOW backlog was associated with higher risk in this dataset -- investigate whether this reflects under-reporting rather than genuine stability before treating it as reassuring.,,,train
121033600,kubernetes/kubernetes,0.4396164397690944,High,"open_bugs_at_release_repo_z (contribution=0.008): The pre-release open-bug backlog is unusually high or low relative to THIS REPOSITORY'S OWN typical level (a repo-normalized value, not a raw count -- see the raw open_bugs_at_release column for the actual count). NOTE: this relationship runs in OPPOSITE directions for microsoft/vscode versus kubernetes/kubernetes and apache/airflow -- confirm which repository this release belongs to before interpreting the direction.",pct_merged (contribution=0.006): The share of this cycle's PRs that were merged (vs. closed unmerged) is unusually high or low.,top_contributor_share (contribution=0.002): This release's commits were unusually concentrated in (or spread across) a small number of contributors.,For kubernetes/kubernetes or apache/airflow: a high backlog suggests unresolved technical debt risk -- consider prioritizing backlog triage before this release ships. For microsoft/vscode: a LOW backlog was associated with higher risk in this dataset -- investigate whether this reflects under-reporting rather than genuine stability before treating it as reassuring.,A low merge rate paired with elevated risk may indicate churn or disagreement during review; investigate closed-unmerged PRs for recurring concerns.,High concentration in one contributor increases bus-factor risk; consider pairing or review redundancy for that contributor's changes.,train
125627999,kubernetes/kubernetes,0.44588865914914416,High,"open_bugs_at_release_repo_z (contribution=0.016): The pre-release open-bug backlog is unusually high or low relative to THIS REPOSITORY'S OWN typical level (a repo-normalized value, not a raw count -- see the raw open_bugs_at_release column for the actual count). NOTE: this relationship runs in OPPOSITE directions for microsoft/vscode versus kubernetes/kubernetes and apache/airflow -- confirm which repository this release belongs to before interpreting the direction.",first_time_contributor_count (contribution=0.011): This release involved an unusually high number of first-time contributors.,distinct_contributors (contribution=0.011): The number of distinct people committing before this release is unusually high or low.,For kubernetes/kubernetes or apache/airflow: a high backlog suggests unresolved technical debt risk -- consider prioritizing backlog triage before this release ships. For microsoft/vscode: a LOW backlog was associated with higher risk in this dataset -- investigate whether this reflects under-reporting rather than genuine stability before treating it as reassuring.,"Consider additional review scrutiny specifically on first-time contributors' changes, given this project's confirmed (though not fully independent of other factors) association between contributor turnover and elevated risk.",A low distinct-contributor count concentrates release risk on fewer people's work; consider an additional independent review pass.,train
125636180,kubernetes/kubernetes,0.4255349881489976,Medium,"open_bugs_at_release_repo_z (contribution=0.016): The pre-release open-bug backlog is unusually high or low relative to THIS REPOSITORY'S OWN typical level (a repo-normalized value, not a raw count -- see the raw open_bugs_at_release column for the actual count). NOTE: this relationship runs in OPPOSITE directions for microsoft/vscode versus kubernetes/kubernetes and apache/airflow -- confirm which repository this release belongs to before interpreting the direction.",avg_time_to_merge_hours (contribution=0.004): Pull requests before this release merged unusually quickly or slowly on average.,top_contributor_share (contribution=0.002): This release's commits were unusually concentrated in (or spread across) a small number of contributors.,For kubernetes/kubernetes or apache/airflow: a high backlog suggests unresolved technical debt risk -- consider prioritizing backlog triage before this release ships. For microsoft/vscode: a LOW backlog was associated with higher risk in this dataset -- investigate whether this reflects under-reporting rather than genuine stability before treating it as reassuring.,Very fast merging paired with elevated risk may indicate reduced review scrutiny; consider a second reviewer pass on the highest-impact changes before shipping.,High concentration in one contributor increases bus-factor risk; consider pairing or review redundancy for that contributor's changes.,train
125643604,kubernetes/kubernetes,0.42592352370573455,Medium,"open_bugs_at_release_repo_z (contribution=0.016): The pre-release open-bug backlog is unusually high or low relative to THIS REPOSITORY'S OWN typical level (a repo-normalized value, not a raw count -- see the raw open_bugs_at_release column for the actual count). NOTE: this relationship runs in OPPOSITE directions for microsoft/vscode versus kubernetes/kubernetes and apache/airflow -- confirm which repository this release belongs to before interpreting the direction.",pct_merged (contribution=0.006): The share of this cycle's PRs that were merged (vs. closed unmerged) is unusually high or low.,,For kubernetes/kubernetes or apache/airflow: a high backlog suggests unresolved technical debt risk -- consider prioritizing backlog triage before this release ships. For microsoft/vscode: a LOW backlog was associated with higher risk in this dataset -- investigate whether this reflects under-reporting rather than genuine stability before treating it as reassuring.,A low merge rate paired with elevated risk may indicate churn or disagreement during review; investigate closed-unmerged PRs for recurring concerns.,,train
125649052,kubernetes/kubernetes,0.4384720998804438,High,"open_bugs_at_release_repo_z (contribution=0.016): The pre-release open-bug backlog is unusually high or low relative to THIS REPOSITORY'S OWN typical level (a repo-normalized value, not a raw count -- see the raw open_bugs_at_release column for the actual count). NOTE: this relationship runs in OPPOSITE directions for microsoft/vscode versus kubernetes/kubernetes and apache/airflow -- confirm which repository this release belongs to before interpreting the direction.",pct_merged (contribution=0.006): The share of this cycle's PRs that were merged (vs. closed unmerged) is unusually high or low.,top_contributor_share (contribution=0.002): This release's commits were unusually concentrated in (or spread across) a small number of contributors.,For kubernetes/kubernetes or apache/airflow: a high backlog suggests unresolved technical debt risk -- consider prioritizing backlog triage before this release ships. For microsoft/vscode: a LOW backlog was associated with higher risk in this dataset -- investigate whether this reflects under-reporting rather than genuine stability before treating it as reassuring.,A low merge rate paired with elevated risk may indicate churn or disagreement during review; investigate closed-unmerged PRs for recurring concerns.,High concentration in one contributor increases bus-factor risk; consider pairing or review redundancy for that contributor's changes.,train
129613920,kubernetes/kubernetes,0.43900333975468475,High,"open_bugs_at_release_repo_z (contribution=0.019): The pre-release open-bug backlog is unusually high or low relative to THIS REPOSITORY'S OWN typical level (a repo-normalized value, not a raw count -- see the raw open_bugs_at_release column for the actual count). NOTE: this relationship runs in OPPOSITE directions for microsoft/vscode versus kubernetes/kubernetes and apache/airflow -- confirm which repository this release belongs to before interpreting the direction.",distinct_contributors (contribution=0.008): The number of distinct people committing before this release is unusually high or low.,commit_count (contribution=0.008): The volume of commits before this release is unusually high or low.,For kubernetes/kubernetes or apache/airflow: a high backlog suggests unresolved technical debt risk -- consider prioritizing backlog triage before this release ships. For microsoft/vscode: a LOW backlog was associated with higher risk in this dataset -- investigate whether this reflects under-reporting rather than genuine stability before treating it as reassuring.,A low distinct-contributor count concentrates release risk on fewer people's work; consider an additional independent review pass.,"A very high commit count (a large release) may warrant proportionally more testing time; a very low count paired with elevated risk may indicate the release was small but touched a disproportionately risky area of the codebase -- review change scope, not just change volume.",train
129616500,kubernetes/kubernetes,0.425481636707268,Medium,"open_bugs_at_release_repo_z (contribution=0.019): The pre-release open-bug backlog is unusually high or low relative to THIS REPOSITORY'S OWN typical level (a repo-normalized value, not a raw count -- see the raw open_bugs_at_release column for the actual count). NOTE: this relationship runs in OPPOSITE directions for microsoft/vscode versus kubernetes/kubernetes and apache/airflow -- confirm which repository this release belongs to before interpreting the direction.",pct_merged (contribution=0.006): The share of this cycle's PRs that were merged (vs. closed unmerged) is unusually high or low.,,For kubernetes/kubernetes or apache/airflow: a high backlog suggests unresolved technical debt risk -- consider prioritizing backlog triage before this release ships. For microsoft/vscode: a LOW backlog was associated with higher risk in this dataset -- investigate whether this reflects under-reporting rather than genuine stability before treating it as reassuring.,A low merge rate paired with elevated risk may indicate churn or disagreement during review; investigate closed-unmerged PRs for recurring concerns.,,train
129622209,kubernetes/kubernetes,0.40870831489300186,Medium,"open_bugs_at_release_repo_z (contribution=0.019): The pre-release open-bug backlog is unusually high or low relative to THIS REPOSITORY'S OWN typical level (a repo-normalized value, not a raw count -- see the raw open_bugs_at_release column for the actual count). NOTE: this relationship runs in OPPOSITE directions for microsoft/vscode versus kubernetes/kubernetes and apache/airflow -- confirm which repository this release belongs to before interpreting the direction.",,,For kubernetes/kubernetes or apache/airflow: a high backlog suggests unresolved technical debt risk -- consider prioritizing backlog triage before this release ships. For microsoft/vscode: a LOW backlog was associated with higher risk in this dataset -- investigate whether this reflects under-reporting rather than genuine stability before treating it as reassuring.,,,train
129714744,kubernetes/kubernetes,0.4105047728097616,Medium,"open_bugs_at_release_repo_z (contribution=0.020): The pre-release open-bug backlog is unusually high or low relative to THIS REPOSITORY'S OWN typical level (a repo-normalized value, not a raw count -- see the raw open_bugs_at_release column for the actual count). NOTE: this relationship runs in OPPOSITE directions for microsoft/vscode versus kubernetes/kubernetes and apache/airflow -- confirm which repository this release belongs to before interpreting the direction.",,,For kubernetes/kubernetes or apache/airflow: a high backlog suggests unresolved technical debt risk -- consider prioritizing backlog triage before this release ships. For microsoft/vscode: a LOW backlog was associated with higher risk in this dataset -- investigate whether this reflects under-reporting rather than genuine stability before treating it as reassuring.,,,train
133777858,kubernetes/kubernetes,0.43469696771756317,High,"open_bugs_at_release_repo_z (contribution=0.028): The pre-release open-bug backlog is unusually high or low relative to THIS REPOSITORY'S OWN typical level (a repo-normalized value, not a raw count -- see the raw open_bugs_at_release column for the actual count). NOTE: this relationship runs in OPPOSITE directions for microsoft/vscode versus kubernetes/kubernetes and apache/airflow -- confirm which repository this release belongs to before interpreting the direction.",pct_merged (contribution=0.007): The share of this cycle's PRs that were merged (vs. closed unmerged) is unusually high or low.,cycle_length_days (contribution=0.005): The time since the previous release is unusually long or short.,For kubernetes/kubernetes or apache/airflow: a high backlog suggests unresolved technical debt risk -- consider prioritizing backlog triage before this release ships. For microsoft/vscode: a LOW backlog was associated with higher risk in this dataset -- investigate whether this reflects under-reporting rather than genuine stability before treating it as reassuring.,A low merge rate paired with elevated risk may indicate churn or disagreement during review; investigate closed-unmerged PRs for recurring concerns.,A very short cycle may mean limited integration/soak time before shipping; consider whether this release had adequate testing time relative to its scope.,train
134607215,kubernetes/kubernetes,0.42150488237581035,Medium,"open_bugs_at_release_repo_z (contribution=0.029): The pre-release open-bug backlog is unusually high or low relative to THIS REPOSITORY'S OWN typical level (a repo-normalized value, not a raw count -- see the raw open_bugs_at_release column for the actual count). NOTE: this relationship runs in OPPOSITE directions for microsoft/vscode versus kubernetes/kubernetes and apache/airflow -- confirm which repository this release belongs to before interpreting the direction.",top_contributor_share (contribution=0.002): This release's commits were unusually concentrated in (or spread across) a small number of contributors.,pct_merged (contribution=0.002): The share of this cycle's PRs that were merged (vs. closed unmerged) is unusually high or low.,For kubernetes/kubernetes or apache/airflow: a high backlog suggests unresolved technical debt risk -- consider prioritizing backlog triage before this release ships. For microsoft/vscode: a LOW backlog was associated with higher risk in this dataset -- investigate whether this reflects under-reporting rather than genuine stability before treating it as reassuring.,High concentration in one contributor increases bus-factor risk; consider pairing or review redundancy for that contributor's changes.,A low merge rate paired with elevated risk may indicate churn or disagreement during review; investigate closed-unmerged PRs for recurring concerns.,train
134624427,kubernetes/kubernetes,0.43696910590403737,High,"open_bugs_at_release_repo_z (contribution=0.029): The pre-release open-bug backlog is unusually high or low relative to THIS REPOSITORY'S OWN typical level (a repo-normalized value, not a raw count -- see the raw open_bugs_at_release column for the actual count). NOTE: this relationship runs in OPPOSITE directions for microsoft/vscode versus kubernetes/kubernetes and apache/airflow -- confirm which repository this release belongs to before interpreting the direction.",pct_merged (contribution=0.006): The share of this cycle's PRs that were merged (vs. closed unmerged) is unusually high or low.,top_contributor_share (contribution=0.002): This release's commits were unusually concentrated in (or spread across) a small number of contributors.,For kubernetes/kubernetes or apache/airflow: a high backlog suggests unresolved technical debt risk -- consider prioritizing backlog triage before this release ships. For microsoft/vscode: a LOW backlog was associated with higher risk in this dataset -- investigate whether this reflects under-reporting rather than genuine stability before treating it as reassuring.,A low merge rate paired with elevated risk may indicate churn or disagreement during review; investigate closed-unmerged PRs for recurring concerns.,High concentration in one contributor increases bus-factor risk; consider pairing or review redundancy for that contributor's changes.,train
134624945,kubernetes/kubernetes,0.4366747018730646,High,"open_bugs_at_release_repo_z (contribution=0.029): The pre-release open-bug backlog is unusually high or low relative to THIS REPOSITORY'S OWN typical level (a repo-normalized value, not a raw count -- see the raw open_bugs_at_release column for the actual count). NOTE: this relationship runs in OPPOSITE directions for microsoft/vscode versus kubernetes/kubernetes and apache/airflow -- confirm which repository this release belongs to before interpreting the direction.",pct_merged (contribution=0.006): The share of this cycle's PRs that were merged (vs. closed unmerged) is unusually high or low.,top_contributor_share (contribution=0.002): This release's commits were unusually concentrated in (or spread across) a small number of contributors.,For kubernetes/kubernetes or apache/airflow: a high backlog suggests unresolved technical debt risk -- consider prioritizing backlog triage before this release ships. For microsoft/vscode: a LOW backlog was associated with higher risk in this dataset -- investigate whether this reflects under-reporting rather than genuine stability before treating it as reassuring.,A low merge rate paired with elevated risk may indicate churn or disagreement during review; investigate closed-unmerged PRs for recurring concerns.,High concentration in one contributor increases bus-factor risk; consider pairing or review redundancy for that contributor's changes.,train
137446153,kubernetes/kubernetes,0.43485645028215775,High,"open_bugs_at_release_repo_z (contribution=0.031): The pre-release open-bug backlog is unusually high or low relative to THIS REPOSITORY'S OWN typical level (a repo-normalized value, not a raw count -- see the raw open_bugs_at_release column for the actual count). NOTE: this relationship runs in OPPOSITE directions for microsoft/vscode versus kubernetes/kubernetes and apache/airflow -- confirm which repository this release belongs to before interpreting the direction.",pct_merged (contribution=0.010): The share of this cycle's PRs that were merged (vs. closed unmerged) is unusually high or low.,cycle_length_days (contribution=0.006): The time since the previous release is unusually long or short.,For kubernetes/kubernetes or apache/airflow: a high backlog suggests unresolved technical debt risk -- consider prioritizing backlog triage before this release ships. For microsoft/vscode: a LOW backlog was associated with higher risk in this dataset -- investigate whether this reflects under-reporting rather than genuine stability before treating it as reassuring.,A low merge rate paired with elevated risk may indicate churn or disagreement during review; investigate closed-unmerged PRs for recurring concerns.,A very short cycle may mean limited integration/soak time before shipping; consider whether this release had adequate testing time relative to its scope.,train
137446434,kubernetes/kubernetes,0.43581814432181915,High,"open_bugs_at_release_repo_z (contribution=0.031): The pre-release open-bug backlog is unusually high or low relative to THIS REPOSITORY'S OWN typical level (a repo-normalized value, not a raw count -- see the raw open_bugs_at_release column for the actual count). NOTE: this relationship runs in OPPOSITE directions for microsoft/vscode versus kubernetes/kubernetes and apache/airflow -- confirm which repository this release belongs to before interpreting the direction.",pct_merged (contribution=0.006): The share of this cycle's PRs that were merged (vs. closed unmerged) is unusually high or low.,top_contributor_share (contribution=0.002): This release's commits were unusually concentrated in (or spread across) a small number of contributors.,For kubernetes/kubernetes or apache/airflow: a high backlog suggests unresolved technical debt risk -- consider prioritizing backlog triage before this release ships. For microsoft/vscode: a LOW backlog was associated with higher risk in this dataset -- investigate whether this reflects under-reporting rather than genuine stability before treating it as reassuring.,A low merge rate paired with elevated risk may indicate churn or disagreement during review; investigate closed-unmerged PRs for recurring concerns.,High concentration in one contributor increases bus-factor risk; consider pairing or review redundancy for that contributor's changes.,train
137446444,kubernetes/kubernetes,0.43553066278760577,High,"open_bugs_at_release_repo_z (contribution=0.031): The pre-release open-bug backlog is unusually high or low relative to THIS REPOSITORY'S OWN typical level (a repo-normalized value, not a raw count -- see the raw open_bugs_at_release column for the actual count). NOTE: this relationship runs in OPPOSITE directions for microsoft/vscode versus kubernetes/kubernetes and apache/airflow -- confirm which repository this release belongs to before interpreting the direction.",pct_merged (contribution=0.006): The share of this cycle's PRs that were merged (vs. closed unmerged) is unusually high or low.,top_contributor_share (contribution=0.002): This release's commits were unusually concentrated in (or spread across) a small number of contributors.,For kubernetes/kubernetes or apache/airflow: a high backlog suggests unresolved technical debt risk -- consider prioritizing backlog triage before this release ships. For microsoft/vscode: a LOW backlog was associated with higher risk in this dataset -- investigate whether this reflects under-reporting rather than genuine stability before treating it as reassuring.,A low merge rate paired with elevated risk may indicate churn or disagreement during review; investigate closed-unmerged PRs for recurring concerns.,High concentration in one contributor increases bus-factor risk; consider pairing or review redundancy for that contributor's changes.,train
137446709,kubernetes/kubernetes,0.4352434681554691,High,"open_bugs_at_release_repo_z (contribution=0.031): The pre-release open-bug backlog is unusually high or low relative to THIS REPOSITORY'S OWN typical level (a repo-normalized value, not a raw count -- see the raw open_bugs_at_release column for the actual count). NOTE: this relationship runs in OPPOSITE directions for microsoft/vscode versus kubernetes/kubernetes and apache/airflow -- confirm which repository this release belongs to before interpreting the direction.",pct_merged (contribution=0.006): The share of this cycle's PRs that were merged (vs. closed unmerged) is unusually high or low.,top_contributor_share (contribution=0.002): This release's commits were unusually concentrated in (or spread across) a small number of contributors.,For kubernetes/kubernetes or apache/airflow: a high backlog suggests unresolved technical debt risk -- consider prioritizing backlog triage before this release ships. For microsoft/vscode: a LOW backlog was associated with higher risk in this dataset -- investigate whether this reflects under-reporting rather than genuine stability before treating it as reassuring.,A low merge rate paired with elevated risk may indicate churn or disagreement during review; investigate closed-unmerged PRs for recurring concerns.,High concentration in one contributor increases bus-factor risk; consider pairing or review redundancy for that contributor's changes.,train
142006393,kubernetes/kubernetes,0.4355173372220388,High,"open_bugs_at_release_repo_z (contribution=0.025): The pre-release open-bug backlog is unusually high or low relative to THIS REPOSITORY'S OWN typical level (a repo-normalized value, not a raw count -- see the raw open_bugs_at_release column for the actual count). NOTE: this relationship runs in OPPOSITE directions for microsoft/vscode versus kubernetes/kubernetes and apache/airflow -- confirm which repository this release belongs to before interpreting the direction.",first_time_contributor_count (contribution=0.009): This release involved an unusually high number of first-time contributors.,pct_merged (contribution=0.008): The share of this cycle's PRs that were merged (vs. closed unmerged) is unusually high or low.,For kubernetes/kubernetes or apache/airflow: a high backlog suggests unresolved technical debt risk -- consider prioritizing backlog triage before this release ships. For microsoft/vscode: a LOW backlog was associated with higher risk in this dataset -- investigate whether this reflects under-reporting rather than genuine stability before treating it as reassuring.,"Consider additional review scrutiny specifically on first-time contributors' changes, given this project's confirmed (though not fully independent of other factors) association between contributor turnover and elevated risk.",A low merge rate paired with elevated risk may indicate churn or disagreement during review; investigate closed-unmerged PRs for recurring concerns.,train
142007294,kubernetes/kubernetes,0.4317968205684035,High,"open_bugs_at_release_repo_z (contribution=0.025): The pre-release open-bug backlog is unusually high or low relative to THIS REPOSITORY'S OWN typical level (a repo-normalized value, not a raw count -- see the raw open_bugs_at_release column for the actual count). NOTE: this relationship runs in OPPOSITE directions for microsoft/vscode versus kubernetes/kubernetes and apache/airflow -- confirm which repository this release belongs to before interpreting the direction.",pct_merged (contribution=0.006): The share of this cycle's PRs that were merged (vs. closed unmerged) is unusually high or low.,top_contributor_share (contribution=0.002): This release's commits were unusually concentrated in (or spread across) a small number of contributors.,For kubernetes/kubernetes or apache/airflow: a high backlog suggests unresolved technical debt risk -- consider prioritizing backlog triage before this release ships. For microsoft/vscode: a LOW backlog was associated with higher risk in this dataset -- investigate whether this reflects under-reporting rather than genuine stability before treating it as reassuring.,A low merge rate paired with elevated risk may indicate churn or disagreement during review; investigate closed-unmerged PRs for recurring concerns.,High concentration in one contributor increases bus-factor risk; consider pairing or review redundancy for that contributor's changes.,train
142009935,kubernetes/kubernetes,0.43151084132946227,High,"open_bugs_at_release_repo_z (contribution=0.025): The pre-release open-bug backlog is unusually high or low relative to THIS REPOSITORY'S OWN typical level (a repo-normalized value, not a raw count -- see the raw open_bugs_at_release column for the actual count). NOTE: this relationship runs in OPPOSITE directions for microsoft/vscode versus kubernetes/kubernetes and apache/airflow -- confirm which repository this release belongs to before interpreting the direction.",pct_merged (contribution=0.006): The share of this cycle's PRs that were merged (vs. closed unmerged) is unusually high or low.,top_contributor_share (contribution=0.002): This release's commits were unusually concentrated in (or spread across) a small number of contributors.,For kubernetes/kubernetes or apache/airflow: a high backlog suggests unresolved technical debt risk -- consider prioritizing backlog triage before this release ships. For microsoft/vscode: a LOW backlog was associated with higher risk in this dataset -- investigate whether this reflects under-reporting rather than genuine stability before treating it as reassuring.,A low merge rate paired with elevated risk may indicate churn or disagreement during review; investigate closed-unmerged PRs for recurring concerns.,High concentration in one contributor increases bus-factor risk; consider pairing or review redundancy for that contributor's changes.,train
142028094,kubernetes/kubernetes,0.4193232714875603,Medium,pct_merged (contribution=0.045): The share of this cycle's PRs that were merged (vs. closed unmerged) is unusually high or low.,"open_bugs_at_release_repo_z (contribution=0.025): The pre-release open-bug backlog is unusually high or low relative to THIS REPOSITORY'S OWN typical level (a repo-normalized value, not a raw count -- see the raw open_bugs_at_release column for the actual count). NOTE: this relationship runs in OPPOSITE directions for microsoft/vscode versus kubernetes/kubernetes and apache/airflow -- confirm which repository this release belongs to before interpreting the direction.",,A low merge rate paired with elevated risk may indicate churn or disagreement during review; investigate closed-unmerged PRs for recurring concerns.,For kubernetes/kubernetes or apache/airflow: a high backlog suggests unresolved technical debt risk -- consider prioritizing backlog triage before this release ships. For microsoft/vscode: a LOW backlog was associated with higher risk in this dataset -- investigate whether this reflects under-reporting rather than genuine stability before treating it as reassuring.,,train
146625039,kubernetes/kubernetes,0.4379486783265484,High,"open_bugs_at_release_repo_z (contribution=0.025): The pre-release open-bug backlog is unusually high or low relative to THIS REPOSITORY'S OWN typical level (a repo-normalized value, not a raw count -- see the raw open_bugs_at_release column for the actual count). NOTE: this relationship runs in OPPOSITE directions for microsoft/vscode versus kubernetes/kubernetes and apache/airflow -- confirm which repository this release belongs to before interpreting the direction.",first_time_contributor_count (contribution=0.015): This release involved an unusually high number of first-time contributors.,commit_count (contribution=0.012): The volume of commits before this release is unusually high or low.,For kubernetes/kubernetes or apache/airflow: a high backlog suggests unresolved technical debt risk -- consider prioritizing backlog triage before this release ships. For microsoft/vscode: a LOW backlog was associated with higher risk in this dataset -- investigate whether this reflects under-reporting rather than genuine stability before treating it as reassuring.,"Consider additional review scrutiny specifically on first-time contributors' changes, given this project's confirmed (though not fully independent of other factors) association between contributor turnover and elevated risk.","A very high commit count (a large release) may warrant proportionally more testing time; a very low count paired with elevated risk may indicate the release was small but touched a disproportionately risky area of the codebase -- review change scope, not just change volume.",train
146834793,kubernetes/kubernetes,0.40781945328346947,Medium,"open_bugs_at_release_repo_z (contribution=0.025): The pre-release open-bug backlog is unusually high or low relative to THIS REPOSITORY'S OWN typical level (a repo-normalized value, not a raw count -- see the raw open_bugs_at_release column for the actual count). NOTE: this relationship runs in OPPOSITE directions for microsoft/vscode versus kubernetes/kubernetes and apache/airflow -- confirm which repository this release belongs to before interpreting the direction.",pct_merged (contribution=0.008): The share of this cycle's PRs that were merged (vs. closed unmerged) is unusually high or low.,"median_time_to_merge_hours (contribution=0.001): Same signal as avg_time_to_merge_hours, less sensitive to a few outlier PRs.",For kubernetes/kubernetes or apache/airflow: a high backlog suggests unresolved technical debt risk -- consider prioritizing backlog triage before this release ships. For microsoft/vscode: a LOW backlog was associated with higher risk in this dataset -- investigate whether this reflects under-reporting rather than genuine stability before treating it as reassuring.,A low merge rate paired with elevated risk may indicate churn or disagreement during review; investigate closed-unmerged PRs for recurring concerns.,See avg_time_to_merge_hours recommendation.,train
146839948,kubernetes/kubernetes,0.42775708650665645,Medium,"open_bugs_at_release_repo_z (contribution=0.026): The pre-release open-bug backlog is unusually high or low relative to THIS REPOSITORY'S OWN typical level (a repo-normalized value, not a raw count -- see the raw open_bugs_at_release column for the actual count). NOTE: this relationship runs in OPPOSITE directions for microsoft/vscode versus kubernetes/kubernetes and apache/airflow -- confirm which repository this release belongs to before interpreting the direction.",pct_merged (contribution=0.006): The share of this cycle's PRs that were merged (vs. closed unmerged) is unusually high or low.,top_contributor_share (contribution=0.002): This release's commits were unusually concentrated in (or spread across) a small number of contributors.,For kubernetes/kubernetes or apache/airflow: a high backlog suggests unresolved technical debt risk -- consider prioritizing backlog triage before this release ships. For microsoft/vscode: a LOW backlog was associated with higher risk in this dataset -- investigate whether this reflects under-reporting rather than genuine stability before treating it as reassuring.,A low merge rate paired with elevated risk may indicate churn or disagreement during review; investigate closed-unmerged PRs for recurring concerns.,High concentration in one contributor increases bus-factor risk; consider pairing or review redundancy for that contributor's changes.,train
146845361,kubernetes/kubernetes,0.40179388346033995,Medium,"open_bugs_at_release_repo_z (contribution=0.026): The pre-release open-bug backlog is unusually high or low relative to THIS REPOSITORY'S OWN typical level (a repo-normalized value, not a raw count -- see the raw open_bugs_at_release column for the actual count). NOTE: this relationship runs in OPPOSITE directions for microsoft/vscode versus kubernetes/kubernetes and apache/airflow -- confirm which repository this release belongs to before interpreting the direction.",avg_time_to_merge_hours (contribution=0.005): Pull requests before this release merged unusually quickly or slowly on average.,"median_time_to_merge_hours (contribution=0.001): Same signal as avg_time_to_merge_hours, less sensitive to a few outlier PRs.",For kubernetes/kubernetes or apache/airflow: a high backlog suggests unresolved technical debt risk -- consider prioritizing backlog triage before this release ships. For microsoft/vscode: a LOW backlog was associated with higher risk in this dataset -- investigate whether this reflects under-reporting rather than genuine stability before treating it as reassuring.,Very fast merging paired with elevated risk may indicate reduced review scrutiny; consider a second reviewer pass on the highest-impact changes before shipping.,See avg_time_to_merge_hours recommendation.,train
151435050,kubernetes/kubernetes,0.42450290191669204,Medium,first_time_contributor_count (contribution=0.015): This release involved an unusually high number of first-time contributors.,"first_time_contributor_share (contribution=0.014): Same signal as first_time_contributor_count, expressed as a share of all contributors.","open_bugs_at_release_repo_z (contribution=0.012): The pre-release open-bug backlog is unusually high or low relative to THIS REPOSITORY'S OWN typical level (a repo-normalized value, not a raw count -- see the raw open_bugs_at_release column for the actual count). NOTE: this relationship runs in OPPOSITE directions for microsoft/vscode versus kubernetes/kubernetes and apache/airflow -- confirm which repository this release belongs to before interpreting the direction.","Consider additional review scrutiny specifically on first-time contributors' changes, given this project's confirmed (though not fully independent of other factors) association between contributor turnover and elevated risk.",See first_time_contributor_count recommendation.,For kubernetes/kubernetes or apache/airflow: a high backlog suggests unresolved technical debt risk -- consider prioritizing backlog triage before this release ships. For microsoft/vscode: a LOW backlog was associated with higher risk in this dataset -- investigate whether this reflects under-reporting rather than genuine stability before treating it as reassuring.,train
151445084,kubernetes/kubernetes,0.4217381931939196,Medium,"open_bugs_at_release_repo_z (contribution=0.012): The pre-release open-bug backlog is unusually high or low relative to THIS REPOSITORY'S OWN typical level (a repo-normalized value, not a raw count -- see the raw open_bugs_at_release column for the actual count). NOTE: this relationship runs in OPPOSITE directions for microsoft/vscode versus kubernetes/kubernetes and apache/airflow -- confirm which repository this release belongs to before interpreting the direction.",pct_merged (contribution=0.006): The share of this cycle's PRs that were merged (vs. closed unmerged) is unusually high or low.,top_contributor_share (contribution=0.002): This release's commits were unusually concentrated in (or spread across) a small number of contributors.,For kubernetes/kubernetes or apache/airflow: a high backlog suggests unresolved technical debt risk -- consider prioritizing backlog triage before this release ships. For microsoft/vscode: a LOW backlog was associated with higher risk in this dataset -- investigate whether this reflects under-reporting rather than genuine stability before treating it as reassuring.,A low merge rate paired with elevated risk may indicate churn or disagreement during review; investigate closed-unmerged PRs for recurring concerns.,High concentration in one contributor increases bus-factor risk; consider pairing or review redundancy for that contributor's changes.,train
151451712,kubernetes/kubernetes,0.42145235999558356,Medium,"open_bugs_at_release_repo_z (contribution=0.012): The pre-release open-bug backlog is unusually high or low relative to THIS REPOSITORY'S OWN typical level (a repo-normalized value, not a raw count -- see the raw open_bugs_at_release column for the actual count). NOTE: this relationship runs in OPPOSITE directions for microsoft/vscode versus kubernetes/kubernetes and apache/airflow -- confirm which repository this release belongs to before interpreting the direction.",pct_merged (contribution=0.006): The share of this cycle's PRs that were merged (vs. closed unmerged) is unusually high or low.,top_contributor_share (contribution=0.002): This release's commits were unusually concentrated in (or spread across) a small number of contributors.,For kubernetes/kubernetes or apache/airflow: a high backlog suggests unresolved technical debt risk -- consider prioritizing backlog triage before this release ships. For microsoft/vscode: a LOW backlog was associated with higher risk in this dataset -- investigate whether this reflects under-reporting rather than genuine stability before treating it as reassuring.,A low merge rate paired with elevated risk may indicate churn or disagreement during review; investigate closed-unmerged PRs for recurring concerns.,High concentration in one contributor increases bus-factor risk; consider pairing or review redundancy for that contributor's changes.,train
151633234,kubernetes/kubernetes,0.4104486992651618,Medium,"first_time_contributor_share (contribution=0.021): Same signal as first_time_contributor_count, expressed as a share of all contributors.","open_bugs_at_release_repo_z (contribution=0.013): The pre-release open-bug backlog is unusually high or low relative to THIS REPOSITORY'S OWN typical level (a repo-normalized value, not a raw count -- see the raw open_bugs_at_release column for the actual count). NOTE: this relationship runs in OPPOSITE directions for microsoft/vscode versus kubernetes/kubernetes and apache/airflow -- confirm which repository this release belongs to before interpreting the direction.",,See first_time_contributor_count recommendation.,For kubernetes/kubernetes or apache/airflow: a high backlog suggests unresolved technical debt risk -- consider prioritizing backlog triage before this release ships. For microsoft/vscode: a LOW backlog was associated with higher risk in this dataset -- investigate whether this reflects under-reporting rather than genuine stability before treating it as reassuring.,,train
155777868,kubernetes/kubernetes,0.42140505044620746,Medium,"open_bugs_at_release_repo_z (contribution=0.010): The pre-release open-bug backlog is unusually high or low relative to THIS REPOSITORY'S OWN typical level (a repo-normalized value, not a raw count -- see the raw open_bugs_at_release column for the actual count). NOTE: this relationship runs in OPPOSITE directions for microsoft/vscode versus kubernetes/kubernetes and apache/airflow -- confirm which repository this release belongs to before interpreting the direction.",distinct_contributors (contribution=0.006): The number of distinct people committing before this release is unusually high or low.,cycle_length_days (contribution=0.005): The time since the previous release is unusually long or short.,For kubernetes/kubernetes or apache/airflow: a high backlog suggests unresolved technical debt risk -- consider prioritizing backlog triage before this release ships. For microsoft/vscode: a LOW backlog was associated with higher risk in this dataset -- investigate whether this reflects under-reporting rather than genuine stability before treating it as reassuring.,A low distinct-contributor count concentrates release risk on fewer people's work; consider an additional independent review pass.,A very short cycle may mean limited integration/soak time before shipping; consider whether this release had adequate testing time relative to its scope.,train
155813961,kubernetes/kubernetes,0.4002171334985004,Medium,pct_merged (contribution=0.016): The share of this cycle's PRs that were merged (vs. closed unmerged) is unusually high or low.,"open_bugs_at_release_repo_z (contribution=0.010): The pre-release open-bug backlog is unusually high or low relative to THIS REPOSITORY'S OWN typical level (a repo-normalized value, not a raw count -- see the raw open_bugs_at_release column for the actual count). NOTE: this relationship runs in OPPOSITE directions for microsoft/vscode versus kubernetes/kubernetes and apache/airflow -- confirm which repository this release belongs to before interpreting the direction.",avg_time_to_merge_hours (contribution=0.003): Pull requests before this release merged unusually quickly or slowly on average.,A low merge rate paired with elevated risk may indicate churn or disagreement during review; investigate closed-unmerged PRs for recurring concerns.,For kubernetes/kubernetes or apache/airflow: a high backlog suggests unresolved technical debt risk -- consider prioritizing backlog triage before this release ships. For microsoft/vscode: a LOW backlog was associated with higher risk in this dataset -- investigate whether this reflects under-reporting rather than genuine stability before treating it as reassuring.,Very fast merging paired with elevated risk may indicate reduced review scrutiny; consider a second reviewer pass on the highest-impact changes before shipping.,train
155816403,kubernetes/kubernetes,0.4193562413779129,Medium,"open_bugs_at_release_repo_z (contribution=0.010): The pre-release open-bug backlog is unusually high or low relative to THIS REPOSITORY'S OWN typical level (a repo-normalized value, not a raw count -- see the raw open_bugs_at_release column for the actual count). NOTE: this relationship runs in OPPOSITE directions for microsoft/vscode versus kubernetes/kubernetes and apache/airflow -- confirm which repository this release belongs to before interpreting the direction.",pct_merged (contribution=0.006): The share of this cycle's PRs that were merged (vs. closed unmerged) is unusually high or low.,top_contributor_share (contribution=0.002): This release's commits were unusually concentrated in (or spread across) a small number of contributors.,For kubernetes/kubernetes or apache/airflow: a high backlog suggests unresolved technical debt risk -- consider prioritizing backlog triage before this release ships. For microsoft/vscode: a LOW backlog was associated with higher risk in this dataset -- investigate whether this reflects under-reporting rather than genuine stability before treating it as reassuring.,A low merge rate paired with elevated risk may indicate churn or disagreement during review; investigate closed-unmerged PRs for recurring concerns.,High concentration in one contributor increases bus-factor risk; consider pairing or review redundancy for that contributor's changes.,train
155824760,kubernetes/kubernetes,0.40642210685690844,Medium,"open_bugs_at_release_repo_z (contribution=0.010): The pre-release open-bug backlog is unusually high or low relative to THIS REPOSITORY'S OWN typical level (a repo-normalized value, not a raw count -- see the raw open_bugs_at_release column for the actual count). NOTE: this relationship runs in OPPOSITE directions for microsoft/vscode versus kubernetes/kubernetes and apache/airflow -- confirm which repository this release belongs to before interpreting the direction.",pct_merged (contribution=0.006): The share of this cycle's PRs that were merged (vs. closed unmerged) is unusually high or low.,,For kubernetes/kubernetes or apache/airflow: a high backlog suggests unresolved technical debt risk -- consider prioritizing backlog triage before this release ships. For microsoft/vscode: a LOW backlog was associated with higher risk in this dataset -- investigate whether this reflects under-reporting rather than genuine stability before treating it as reassuring.,A low merge rate paired with elevated risk may indicate churn or disagreement during review; investigate closed-unmerged PRs for recurring concerns.,,train
37768119,apache/airflow,0.6471134388727268,High,"release_sequence (contribution=0.095): This release's position in its repository's history is associated with elevated risk (a project-wide finding, strongest and most consistent signal across every analysis method used).","first_time_contributor_share (contribution=0.020): Same signal as first_time_contributor_count, expressed as a share of all contributors.","open_bugs_at_release_repo_z (contribution=0.019): The pre-release open-bug backlog is unusually high or low relative to THIS REPOSITORY'S OWN typical level (a repo-normalized value, not a raw count -- see the raw open_bugs_at_release column for the actual count). NOTE: this relationship runs in OPPOSITE directions for microsoft/vscode versus kubernetes/kubernetes and apache/airflow -- confirm which repository this release belongs to before interpreting the direction.",Cross-check against recent actual bug trends for this repository before relying heavily on this signal alone -- it partly reflects a documented training-period drift pattern that may not hold indefinitely (see the Target-Variable Definition document).,See first_time_contributor_count recommendation.,For kubernetes/kubernetes or apache/airflow: a high backlog suggests unresolved technical debt risk -- consider prioritizing backlog triage before this release ships. For microsoft/vscode: a LOW backlog was associated with higher risk in this dataset -- investigate whether this reflects under-reporting rather than genuine stability before treating it as reassuring.,train
39957389,apache/airflow,0.5957279599696673,High,"prior_releases_avg_bugs_repo_z (contribution=0.168): This repository's historical average post-release bug count (from releases whose own outcome was already known at this release's time), expressed relative to this repository's own typical level (repo-normalized, not a raw count).","release_sequence (contribution=0.093): This release's position in its repository's history is associated with elevated risk (a project-wide finding, strongest and most consistent signal across every analysis method used).",first_time_contributor_count (contribution=0.077): This release involved an unusually high number of first-time contributors.,"Review whether recent releases in this repository have been trending toward more or fewer post-release bugs; a persistently high historical average may warrant a broader process review, not just extra scrutiny on this one release.",Cross-check against recent actual bug trends for this repository before relying heavily on this signal alone -- it partly reflects a documented training-period drift pattern that may not hold indefinitely (see the Target-Variable Definition document).,"Consider additional review scrutiny specifically on first-time contributors' changes, given this project's confirmed (though not fully independent of other factors) association between contributor turnover and elevated risk.",train
41671752,apache/airflow,0.5594663328020137,High,"release_sequence (contribution=0.092): This release's position in its repository's history is associated with elevated risk (a project-wide finding, strongest and most consistent signal across every analysis method used).","prior_releases_avg_bugs_repo_z (contribution=0.078): This repository's historical average post-release bug count (from releases whose own outcome was already known at this release's time), expressed relative to this repository's own typical level (repo-normalized, not a raw count).","first_time_contributor_share (contribution=0.061): Same signal as first_time_contributor_count, expressed as a share of all contributors.",Cross-check against recent actual bug trends for this repository before relying heavily on this signal alone -- it partly reflects a documented training-period drift pattern that may not hold indefinitely (see the Target-Variable Definition document).,"Review whether recent releases in this repository have been trending toward more or fewer post-release bugs; a persistently high historical average may warrant a broader process review, not just extra scrutiny on this one release.",See first_time_contributor_count recommendation.,train
43255616,apache/airflow,0.5351925551620408,High,"release_sequence (contribution=0.091): This release's position in its repository's history is associated with elevated risk (a project-wide finding, strongest and most consistent signal across every analysis method used).","first_time_contributor_share (contribution=0.041): Same signal as first_time_contributor_count, expressed as a share of all contributors.","prior_releases_avg_bugs_repo_z (contribution=0.030): This repository's historical average post-release bug count (from releases whose own outcome was already known at this release's time), expressed relative to this repository's own typical level (repo-normalized, not a raw count).",Cross-check against recent actual bug trends for this repository before relying heavily on this signal alone -- it partly reflects a documented training-period drift pattern that may not hold indefinitely (see the Target-Variable Definition document).,See first_time_contributor_count recommendation.,"Review whether recent releases in this repository have been trending toward more or fewer post-release bugs; a persistently high historical average may warrant a broader process review, not just extra scrutiny on this one release.",train
45275500,apache/airflow,0.5576980989903434,High,"release_sequence (contribution=0.090): This release's position in its repository's history is associated with elevated risk (a project-wide finding, strongest and most consistent signal across every analysis method used).","prior_releases_avg_bugs_repo_z (contribution=0.067): This repository's historical average post-release bug count (from releases whose own outcome was already known at this release's time), expressed relative to this repository's own typical level (repo-normalized, not a raw count).","first_time_contributor_share (contribution=0.056): Same signal as first_time_contributor_count, expressed as a share of all contributors.",Cross-check against recent actual bug trends for this repository before relying heavily on this signal alone -- it partly reflects a documented training-period drift pattern that may not hold indefinitely (see the Target-Variable Definition document).,"Review whether recent releases in this repository have been trending toward more or fewer post-release bugs; a persistently high historical average may warrant a broader process review, not just extra scrutiny on this one release.",See first_time_contributor_count recommendation.,train
45643358,apache/airflow,0.5246762377196386,High,"release_sequence (contribution=0.089): This release's position in its repository's history is associated with elevated risk (a project-wide finding, strongest and most consistent signal across every analysis method used).","prior_releases_avg_bugs_repo_z (contribution=0.067): This repository's historical average post-release bug count (from releases whose own outcome was already known at this release's time), expressed relative to this repository's own typical level (repo-normalized, not a raw count).","open_bugs_at_release_repo_z (contribution=0.023): The pre-release open-bug backlog is unusually high or low relative to THIS REPOSITORY'S OWN typical level (a repo-normalized value, not a raw count -- see the raw open_bugs_at_release column for the actual count). NOTE: this relationship runs in OPPOSITE directions for microsoft/vscode versus kubernetes/kubernetes and apache/airflow -- confirm which repository this release belongs to before interpreting the direction.",Cross-check against recent actual bug trends for this repository before relying heavily on this signal alone -- it partly reflects a documented training-period drift pattern that may not hold indefinitely (see the Target-Variable Definition document).,"Review whether recent releases in this repository have been trending toward more or fewer post-release bugs; a persistently high historical average may warrant a broader process review, not just extra scrutiny on this one release.",For kubernetes/kubernetes or apache/airflow: a high backlog suggests unresolved technical debt risk -- consider prioritizing backlog triage before this release ships. For microsoft/vscode: a LOW backlog was associated with higher risk in this dataset -- investigate whether this reflects under-reporting rather than genuine stability before treating it as reassuring.,train
46212130,apache/airflow,0.5340001259794014,High,"release_sequence (contribution=0.088): This release's position in its repository's history is associated with elevated risk (a project-wide finding, strongest and most consistent signal across every analysis method used).","prior_releases_avg_bugs_repo_z (contribution=0.067): This repository's historical average post-release bug count (from releases whose own outcome was already known at this release's time), expressed relative to this repository's own typical level (repo-normalized, not a raw count).","first_time_contributor_share (contribution=0.039): Same signal as first_time_contributor_count, expressed as a share of all contributors.",Cross-check against recent actual bug trends for this repository before relying heavily on this signal alone -- it partly reflects a documented training-period drift pattern that may not hold indefinitely (see the Target-Variable Definition document).,"Review whether recent releases in this repository have been trending toward more or fewer post-release bugs; a persistently high historical average may warrant a broader process review, not just extra scrutiny on this one release.",See first_time_contributor_count recommendation.,train
46932862,apache/airflow,0.5430305371518643,High,"release_sequence (contribution=0.086): This release's position in its repository's history is associated with elevated risk (a project-wide finding, strongest and most consistent signal across every analysis method used).","prior_releases_avg_bugs_repo_z (contribution=0.077): This repository's historical average post-release bug count (from releases whose own outcome was already known at this release's time), expressed relative to this repository's own typical level (repo-normalized, not a raw count).","first_time_contributor_share (contribution=0.051): Same signal as first_time_contributor_count, expressed as a share of all contributors.",Cross-check against recent actual bug trends for this repository before relying heavily on this signal alone -- it partly reflects a documented training-period drift pattern that may not hold indefinitely (see the Target-Variable Definition document).,"Review whether recent releases in this repository have been trending toward more or fewer post-release bugs; a persistently high historical average may warrant a broader process review, not just extra scrutiny on this one release.",See first_time_contributor_count recommendation.,train
49398510,apache/airflow,0.5835097333428523,High,"prior_releases_avg_bugs_repo_z (contribution=0.112): This repository's historical average post-release bug count (from releases whose own outcome was already known at this release's time), expressed relative to this repository's own typical level (repo-normalized, not a raw count).",first_time_contributor_count (contribution=0.090): This release involved an unusually high number of first-time contributors.,"release_sequence (contribution=0.085): This release's position in its repository's history is associated with elevated risk (a project-wide finding, strongest and most consistent signal across every analysis method used).","Review whether recent releases in this repository have been trending toward more or fewer post-release bugs; a persistently high historical average may warrant a broader process review, not just extra scrutiny on this one release.","Consider additional review scrutiny specifically on first-time contributors' changes, given this project's confirmed (though not fully independent of other factors) association between contributor turnover and elevated risk.",Cross-check against recent actual bug trends for this repository before relying heavily on this signal alone -- it partly reflects a documented training-period drift pattern that may not hold indefinitely (see the Target-Variable Definition document).,train
49802204,apache/airflow,0.5397158739577346,High,"prior_releases_avg_bugs_repo_z (contribution=0.112): This repository's historical average post-release bug count (from releases whose own outcome was already known at this release's time), expressed relative to this repository's own typical level (repo-normalized, not a raw count).","release_sequence (contribution=0.084): This release's position in its repository's history is associated with elevated risk (a project-wide finding, strongest and most consistent signal across every analysis method used).","first_time_contributor_share (contribution=0.028): Same signal as first_time_contributor_count, expressed as a share of all contributors.","Review whether recent releases in this repository have been trending toward more or fewer post-release bugs; a persistently high historical average may warrant a broader process review, not just extra scrutiny on this one release.",Cross-check against recent actual bug trends for this repository before relying heavily on this signal alone -- it partly reflects a documented training-period drift pattern that may not hold indefinitely (see the Target-Variable Definition document).,See first_time_contributor_count recommendation.,train
50419478,apache/airflow,0.5403432815987195,High,"prior_releases_avg_bugs_repo_z (contribution=0.112): This repository's historical average post-release bug count (from releases whose own outcome was already known at this release's time), expressed relative to this repository's own typical level (repo-normalized, not a raw count).","release_sequence (contribution=0.083): This release's position in its repository's history is associated with elevated risk (a project-wide finding, strongest and most consistent signal across every analysis method used).","first_time_contributor_share (contribution=0.031): Same signal as first_time_contributor_count, expressed as a share of all contributors.","Review whether recent releases in this repository have been trending toward more or fewer post-release bugs; a persistently high historical average may warrant a broader process review, not just extra scrutiny on this one release.",Cross-check against recent actual bug trends for this repository before relying heavily on this signal alone -- it partly reflects a documented training-period drift pattern that may not hold indefinitely (see the Target-Variable Definition document).,See first_time_contributor_count recommendation.,train
51158476,apache/airflow,0.5384357054487264,High,"prior_releases_avg_bugs_repo_z (contribution=0.112): This repository's historical average post-release bug count (from releases whose own outcome was already known at this release's time), expressed relative to this repository's own typical level (repo-normalized, not a raw count).","release_sequence (contribution=0.082): This release's position in its repository's history is associated with elevated risk (a project-wide finding, strongest and most consistent signal across every analysis method used).","first_time_contributor_share (contribution=0.023): Same signal as first_time_contributor_count, expressed as a share of all contributors.","Review whether recent releases in this repository have been trending toward more or fewer post-release bugs; a persistently high historical average may warrant a broader process review, not just extra scrutiny on this one release.",Cross-check against recent actual bug trends for this repository before relying heavily on this signal alone -- it partly reflects a documented training-period drift pattern that may not hold indefinitely (see the Target-Variable Definition document).,See first_time_contributor_count recommendation.,train
52360236,apache/airflow,0.5575056819568738,High,"prior_releases_avg_bugs_repo_z (contribution=0.125): This repository's historical average post-release bug count (from releases whose own outcome was already known at this release's time), expressed relative to this repository's own typical level (repo-normalized, not a raw count).","release_sequence (contribution=0.081): This release's position in its repository's history is associated with elevated risk (a project-wide finding, strongest and most consistent signal across every analysis method used).","first_time_contributor_share (contribution=0.043): Same signal as first_time_contributor_count, expressed as a share of all contributors.","Review whether recent releases in this repository have been trending toward more or fewer post-release bugs; a persistently high historical average may warrant a broader process review, not just extra scrutiny on this one release.",Cross-check against recent actual bug trends for this repository before relying heavily on this signal alone -- it partly reflects a documented training-period drift pattern that may not hold indefinitely (see the Target-Variable Definition document).,See first_time_contributor_count recommendation.,train
53009948,apache/airflow,0.5416783868230358,High,"prior_releases_avg_bugs_repo_z (contribution=0.125): This repository's historical average post-release bug count (from releases whose own outcome was already known at this release's time), expressed relative to this repository's own typical level (repo-normalized, not a raw count).","release_sequence (contribution=0.079): This release's position in its repository's history is associated with elevated risk (a project-wide finding, strongest and most consistent signal across every analysis method used).","first_time_contributor_share (contribution=0.029): Same signal as first_time_contributor_count, expressed as a share of all contributors.","Review whether recent releases in this repository have been trending toward more or fewer post-release bugs; a persistently high historical average may warrant a broader process review, not just extra scrutiny on this one release.",Cross-check against recent actual bug trends for this repository before relying heavily on this signal alone -- it partly reflects a documented training-period drift pattern that may not hold indefinitely (see the Target-Variable Definition document).,See first_time_contributor_count recommendation.,train
53412307,apache/airflow,0.5335497972108646,High,"prior_releases_avg_bugs_repo_z (contribution=0.127): This repository's historical average post-release bug count (from releases whose own outcome was already known at this release's time), expressed relative to this repository's own typical level (repo-normalized, not a raw count).","release_sequence (contribution=0.078): This release's position in its repository's history is associated with elevated risk (a project-wide finding, strongest and most consistent signal across every analysis method used).","open_bugs_at_release_repo_z (contribution=0.017): The pre-release open-bug backlog is unusually high or low relative to THIS REPOSITORY'S OWN typical level (a repo-normalized value, not a raw count -- see the raw open_bugs_at_release column for the actual count). NOTE: this relationship runs in OPPOSITE directions for microsoft/vscode versus kubernetes/kubernetes and apache/airflow -- confirm which repository this release belongs to before interpreting the direction.","Review whether recent releases in this repository have been trending toward more or fewer post-release bugs; a persistently high historical average may warrant a broader process review, not just extra scrutiny on this one release.",Cross-check against recent actual bug trends for this repository before relying heavily on this signal alone -- it partly reflects a documented training-period drift pattern that may not hold indefinitely (see the Target-Variable Definition document).,For kubernetes/kubernetes or apache/airflow: a high backlog suggests unresolved technical debt risk -- consider prioritizing backlog triage before this release ships. For microsoft/vscode: a LOW backlog was associated with higher risk in this dataset -- investigate whether this reflects under-reporting rather than genuine stability before treating it as reassuring.,train
55767051,apache/airflow,0.5549030810316284,High,"prior_releases_avg_bugs_repo_z (contribution=0.090): This repository's historical average post-release bug count (from releases whose own outcome was already known at this release's time), expressed relative to this repository's own typical level (repo-normalized, not a raw count).","release_sequence (contribution=0.077): This release's position in its repository's history is associated with elevated risk (a project-wide finding, strongest and most consistent signal across every analysis method used).",first_time_contributor_count (contribution=0.047): This release involved an unusually high number of first-time contributors.,"Review whether recent releases in this repository have been trending toward more or fewer post-release bugs; a persistently high historical average may warrant a broader process review, not just extra scrutiny on this one release.",Cross-check against recent actual bug trends for this repository before relying heavily on this signal alone -- it partly reflects a documented training-period drift pattern that may not hold indefinitely (see the Target-Variable Definition document).,"Consider additional review scrutiny specifically on first-time contributors' changes, given this project's confirmed (though not fully independent of other factors) association between contributor turnover and elevated risk.",train
56763257,apache/airflow,0.543370394902256,High,"prior_releases_avg_bugs_repo_z (contribution=0.090): This repository's historical average post-release bug count (from releases whose own outcome was already known at this release's time), expressed relative to this repository's own typical level (repo-normalized, not a raw count).","release_sequence (contribution=0.076): This release's position in its repository's history is associated with elevated risk (a project-wide finding, strongest and most consistent signal across every analysis method used).","first_time_contributor_share (contribution=0.042): Same signal as first_time_contributor_count, expressed as a share of all contributors.","Review whether recent releases in this repository have been trending toward more or fewer post-release bugs; a persistently high historical average may warrant a broader process review, not just extra scrutiny on this one release.",Cross-check against recent actual bug trends for this repository before relying heavily on this signal alone -- it partly reflects a documented training-period drift pattern that may not hold indefinitely (see the Target-Variable Definition document).,See first_time_contributor_count recommendation.,train
60167989,apache/airflow,0.5483026011085431,High,"release_sequence (contribution=0.075): This release's position in its repository's history is associated with elevated risk (a project-wide finding, strongest and most consistent signal across every analysis method used).","prior_releases_avg_bugs_repo_z (contribution=0.063): This repository's historical average post-release bug count (from releases whose own outcome was already known at this release's time), expressed relative to this repository's own typical level (repo-normalized, not a raw count).",first_time_contributor_count (contribution=0.054): This release involved an unusually high number of first-time contributors.,Cross-check against recent actual bug trends for this repository before relying heavily on this signal alone -- it partly reflects a documented training-period drift pattern that may not hold indefinitely (see the Target-Variable Definition document).,"Review whether recent releases in this repository have been trending toward more or fewer post-release bugs; a persistently high historical average may warrant a broader process review, not just extra scrutiny on this one release.","Consider additional review scrutiny specifically on first-time contributors' changes, given this project's confirmed (though not fully independent of other factors) association between contributor turnover and elevated risk.",train
61637122,apache/airflow,0.5322540139379656,High,"release_sequence (contribution=0.074): This release's position in its repository's history is associated with elevated risk (a project-wide finding, strongest and most consistent signal across every analysis method used).","prior_releases_avg_bugs_repo_z (contribution=0.063): This repository's historical average post-release bug count (from releases whose own outcome was already known at this release's time), expressed relative to this repository's own typical level (repo-normalized, not a raw count).","first_time_contributor_share (contribution=0.031): Same signal as first_time_contributor_count, expressed as a share of all contributors.",Cross-check against recent actual bug trends for this repository before relying heavily on this signal alone -- it partly reflects a documented training-period drift pattern that may not hold indefinitely (see the Target-Variable Definition document).,"Review whether recent releases in this repository have been trending toward more or fewer post-release bugs; a persistently high historical average may warrant a broader process review, not just extra scrutiny on this one release.",See first_time_contributor_count recommendation.,train
63503389,apache/airflow,0.5290728985132351,High,"release_sequence (contribution=0.072): This release's position in its repository's history is associated with elevated risk (a project-wide finding, strongest and most consistent signal across every analysis method used).","prior_releases_avg_bugs_repo_z (contribution=0.061): This repository's historical average post-release bug count (from releases whose own outcome was already known at this release's time), expressed relative to this repository's own typical level (repo-normalized, not a raw count).","first_time_contributor_share (contribution=0.031): Same signal as first_time_contributor_count, expressed as a share of all contributors.",Cross-check against recent actual bug trends for this repository before relying heavily on this signal alone -- it partly reflects a documented training-period drift pattern that may not hold indefinitely (see the Target-Variable Definition document).,"Review whether recent releases in this repository have been trending toward more or fewer post-release bugs; a persistently high historical average may warrant a broader process review, not just extra scrutiny on this one release.",See first_time_contributor_count recommendation.,train
65746369,apache/airflow,0.5308515801423351,High,"release_sequence (contribution=0.071): This release's position in its repository's history is associated with elevated risk (a project-wide finding, strongest and most consistent signal across every analysis method used).","prior_releases_avg_bugs_repo_z (contribution=0.045): This repository's historical average post-release bug count (from releases whose own outcome was already known at this release's time), expressed relative to this repository's own typical level (repo-normalized, not a raw count).","first_time_contributor_share (contribution=0.039): Same signal as first_time_contributor_count, expressed as a share of all contributors.",Cross-check against recent actual bug trends for this repository before relying heavily on this signal alone -- it partly reflects a documented training-period drift pattern that may not hold indefinitely (see the Target-Variable Definition document).,"Review whether recent releases in this repository have been trending toward more or fewer post-release bugs; a persistently high historical average may warrant a broader process review, not just extra scrutiny on this one release.",See first_time_contributor_count recommendation.,train
67434562,apache/airflow,0.5188678228876061,High,"release_sequence (contribution=0.070): This release's position in its repository's history is associated with elevated risk (a project-wide finding, strongest and most consistent signal across every analysis method used).","prior_releases_avg_bugs_repo_z (contribution=0.039): This repository's historical average post-release bug count (from releases whose own outcome was already known at this release's time), expressed relative to this repository's own typical level (repo-normalized, not a raw count).","first_time_contributor_share (contribution=0.024): Same signal as first_time_contributor_count, expressed as a share of all contributors.",Cross-check against recent actual bug trends for this repository before relying heavily on this signal alone -- it partly reflects a documented training-period drift pattern that may not hold indefinitely (see the Target-Variable Definition document).,"Review whether recent releases in this repository have been trending toward more or fewer post-release bugs; a persistently high historical average may warrant a broader process review, not just extra scrutiny on this one release.",See first_time_contributor_count recommendation.,train
67783335,apache/airflow,0.5005450154284239,High,"release_sequence (contribution=0.069): This release's position in its repository's history is associated with elevated risk (a project-wide finding, strongest and most consistent signal across every analysis method used).","prior_releases_avg_bugs_repo_z (contribution=0.039): This repository's historical average post-release bug count (from releases whose own outcome was already known at this release's time), expressed relative to this repository's own typical level (repo-normalized, not a raw count).","open_bugs_at_release_repo_z (contribution=0.006): The pre-release open-bug backlog is unusually high or low relative to THIS REPOSITORY'S OWN typical level (a repo-normalized value, not a raw count -- see the raw open_bugs_at_release column for the actual count). NOTE: this relationship runs in OPPOSITE directions for microsoft/vscode versus kubernetes/kubernetes and apache/airflow -- confirm which repository this release belongs to before interpreting the direction.",Cross-check against recent actual bug trends for this repository before relying heavily on this signal alone -- it partly reflects a documented training-period drift pattern that may not hold indefinitely (see the Target-Variable Definition document).,"Review whether recent releases in this repository have been trending toward more or fewer post-release bugs; a persistently high historical average may warrant a broader process review, not just extra scrutiny on this one release.",For kubernetes/kubernetes or apache/airflow: a high backlog suggests unresolved technical debt risk -- consider prioritizing backlog triage before this release ships. For microsoft/vscode: a LOW backlog was associated with higher risk in this dataset -- investigate whether this reflects under-reporting rather than genuine stability before treating it as reassuring.,train
68636824,apache/airflow,0.507933679903457,High,"release_sequence (contribution=0.068): This release's position in its repository's history is associated with elevated risk (a project-wide finding, strongest and most consistent signal across every analysis method used).","prior_releases_avg_bugs_repo_z (contribution=0.040): This repository's historical average post-release bug count (from releases whose own outcome was already known at this release's time), expressed relative to this repository's own typical level (repo-normalized, not a raw count).","first_time_contributor_share (contribution=0.016): Same signal as first_time_contributor_count, expressed as a share of all contributors.",Cross-check against recent actual bug trends for this repository before relying heavily on this signal alone -- it partly reflects a documented training-period drift pattern that may not hold indefinitely (see the Target-Variable Definition document).,"Review whether recent releases in this repository have been trending toward more or fewer post-release bugs; a persistently high historical average may warrant a broader process review, not just extra scrutiny on this one release.",See first_time_contributor_count recommendation.,train
71627647,apache/airflow,0.5244373826843907,High,"release_sequence (contribution=0.067): This release's position in its repository's history is associated with elevated risk (a project-wide finding, strongest and most consistent signal across every analysis method used).",first_time_contributor_count (contribution=0.040): This release involved an unusually high number of first-time contributors.,"first_time_contributor_share (contribution=0.033): Same signal as first_time_contributor_count, expressed as a share of all contributors.",Cross-check against recent actual bug trends for this repository before relying heavily on this signal alone -- it partly reflects a documented training-period drift pattern that may not hold indefinitely (see the Target-Variable Definition document).,"Consider additional review scrutiny specifically on first-time contributors' changes, given this project's confirmed (though not fully independent of other factors) association between contributor turnover and elevated risk.",See first_time_contributor_count recommendation.,train
75104415,apache/airflow,0.5378327883941874,High,first_time_contributor_count (contribution=0.067): This release involved an unusually high number of first-time contributors.,"release_sequence (contribution=0.065): This release's position in its repository's history is associated with elevated risk (a project-wide finding, strongest and most consistent signal across every analysis method used).","first_time_contributor_share (contribution=0.043): Same signal as first_time_contributor_count, expressed as a share of all contributors.","Consider additional review scrutiny specifically on first-time contributors' changes, given this project's confirmed (though not fully independent of other factors) association between contributor turnover and elevated risk.",Cross-check against recent actual bug trends for this repository before relying heavily on this signal alone -- it partly reflects a documented training-period drift pattern that may not hold indefinitely (see the Target-Variable Definition document).,See first_time_contributor_count recommendation.,train
77524030,apache/airflow,0.512775261241272,High,"release_sequence (contribution=0.064): This release's position in its repository's history is associated with elevated risk (a project-wide finding, strongest and most consistent signal across every analysis method used).","first_time_contributor_share (contribution=0.021): Same signal as first_time_contributor_count, expressed as a share of all contributors.","prior_releases_avg_bugs_repo_z (contribution=0.020): This repository's historical average post-release bug count (from releases whose own outcome was already known at this release's time), expressed relative to this repository's own typical level (repo-normalized, not a raw count).",Cross-check against recent actual bug trends for this repository before relying heavily on this signal alone -- it partly reflects a documented training-period drift pattern that may not hold indefinitely (see the Target-Variable Definition document).,See first_time_contributor_count recommendation.,"Review whether recent releases in this repository have been trending toward more or fewer post-release bugs; a persistently high historical average may warrant a broader process review, not just extra scrutiny on this one release.",train
78733774,apache/airflow,0.5025198872411384,High,"release_sequence (contribution=0.063): This release's position in its repository's history is associated with elevated risk (a project-wide finding, strongest and most consistent signal across every analysis method used).","first_time_contributor_share (contribution=0.016): Same signal as first_time_contributor_count, expressed as a share of all contributors.","prior_releases_avg_bugs_repo_z (contribution=0.015): This repository's historical average post-release bug count (from releases whose own outcome was already known at this release's time), expressed relative to this repository's own typical level (repo-normalized, not a raw count).",Cross-check against recent actual bug trends for this repository before relying heavily on this signal alone -- it partly reflects a documented training-period drift pattern that may not hold indefinitely (see the Target-Variable Definition document).,See first_time_contributor_count recommendation.,"Review whether recent releases in this repository have been trending toward more or fewer post-release bugs; a persistently high historical average may warrant a broader process review, not just extra scrutiny on this one release.",train
79935067,apache/airflow,0.49762703101933975,High,"release_sequence (contribution=0.062): This release's position in its repository's history is associated with elevated risk (a project-wide finding, strongest and most consistent signal across every analysis method used).","prior_releases_avg_bugs_repo_z (contribution=0.015): This repository's historical average post-release bug count (from releases whose own outcome was already known at this release's time), expressed relative to this repository's own typical level (repo-normalized, not a raw count).","first_time_contributor_share (contribution=0.015): Same signal as first_time_contributor_count, expressed as a share of all contributors.",Cross-check against recent actual bug trends for this repository before relying heavily on this signal alone -- it partly reflects a documented training-period drift pattern that may not hold indefinitely (see the Target-Variable Definition document).,"Review whether recent releases in this repository have been trending toward more or fewer post-release bugs; a persistently high historical average may warrant a broader process review, not just extra scrutiny on this one release.",See first_time_contributor_count recommendation.,train
80782477,apache/airflow,0.48811274197175947,High,"release_sequence (contribution=0.061): This release's position in its repository's history is associated with elevated risk (a project-wide finding, strongest and most consistent signal across every analysis method used).","prior_releases_avg_bugs_repo_z (contribution=0.008): This repository's historical average post-release bug count (from releases whose own outcome was already known at this release's time), expressed relative to this repository's own typical level (repo-normalized, not a raw count).",avg_time_to_merge_hours (contribution=0.002): Pull requests before this release merged unusually quickly or slowly on average.,Cross-check against recent actual bug trends for this repository before relying heavily on this signal alone -- it partly reflects a documented training-period drift pattern that may not hold indefinitely (see the Target-Variable Definition document).,"Review whether recent releases in this repository have been trending toward more or fewer post-release bugs; a persistently high historical average may warrant a broader process review, not just extra scrutiny on this one release.",Very fast merging paired with elevated risk may indicate reduced review scrutiny; consider a second reviewer pass on the highest-impact changes before shipping.,train
82994496,apache/airflow,0.5110216099557006,High,"release_sequence (contribution=0.060): This release's position in its repository's history is associated with elevated risk (a project-wide finding, strongest and most consistent signal across every analysis method used).",first_time_contributor_count (contribution=0.033): This release involved an unusually high number of first-time contributors.,"first_time_contributor_share (contribution=0.032): Same signal as first_time_contributor_count, expressed as a share of all contributors.",Cross-check against recent actual bug trends for this repository before relying heavily on this signal alone -- it partly reflects a documented training-period drift pattern that may not hold indefinitely (see the Target-Variable Definition document).,"Consider additional review scrutiny specifically on first-time contributors' changes, given this project's confirmed (though not fully independent of other factors) association between contributor turnover and elevated risk.",See first_time_contributor_count recommendation.,train
84841010,apache/airflow,0.5009817808190483,High,"release_sequence (contribution=0.058): This release's position in its repository's history is associated with elevated risk (a project-wide finding, strongest and most consistent signal across every analysis method used).","first_time_contributor_share (contribution=0.028): Same signal as first_time_contributor_count, expressed as a share of all contributors.",first_time_contributor_count (contribution=0.014): This release involved an unusually high number of first-time contributors.,Cross-check against recent actual bug trends for this repository before relying heavily on this signal alone -- it partly reflects a documented training-period drift pattern that may not hold indefinitely (see the Target-Variable Definition document).,See first_time_contributor_count recommendation.,"Consider additional review scrutiny specifically on first-time contributors' changes, given this project's confirmed (though not fully independent of other factors) association between contributor turnover and elevated risk.",train
89772516,apache/airflow,0.521372175852231,High,first_time_contributor_count (contribution=0.060): This release involved an unusually high number of first-time contributors.,"release_sequence (contribution=0.057): This release's position in its repository's history is associated with elevated risk (a project-wide finding, strongest and most consistent signal across every analysis method used).","first_time_contributor_share (contribution=0.041): Same signal as first_time_contributor_count, expressed as a share of all contributors.","Consider additional review scrutiny specifically on first-time contributors' changes, given this project's confirmed (though not fully independent of other factors) association between contributor turnover and elevated risk.",Cross-check against recent actual bug trends for this repository before relying heavily on this signal alone -- it partly reflects a documented training-period drift pattern that may not hold indefinitely (see the Target-Variable Definition document).,See first_time_contributor_count recommendation.,train
91499799,apache/airflow,0.4838184561728767,High,"release_sequence (contribution=0.056): This release's position in its repository's history is associated with elevated risk (a project-wide finding, strongest and most consistent signal across every analysis method used).",distinct_contributors (contribution=0.003): The number of distinct people committing before this release is unusually high or low.,top_contributor_share (contribution=0.003): This release's commits were unusually concentrated in (or spread across) a small number of contributors.,Cross-check against recent actual bug trends for this repository before relying heavily on this signal alone -- it partly reflects a documented training-period drift pattern that may not hold indefinitely (see the Target-Variable Definition document).,A low distinct-contributor count concentrates release risk on fewer people's work; consider an additional independent review pass.,High concentration in one contributor increases bus-factor risk; consider pairing or review redundancy for that contributor's changes.,train
95635225,apache/airflow,0.5098364207613612,High,"release_sequence (contribution=0.055): This release's position in its repository's history is associated with elevated risk (a project-wide finding, strongest and most consistent signal across every analysis method used).",first_time_contributor_count (contribution=0.050): This release involved an unusually high number of first-time contributors.,"first_time_contributor_share (contribution=0.032): Same signal as first_time_contributor_count, expressed as a share of all contributors.",Cross-check against recent actual bug trends for this repository before relying heavily on this signal alone -- it partly reflects a documented training-period drift pattern that may not hold indefinitely (see the Target-Variable Definition document).,"Consider additional review scrutiny specifically on first-time contributors' changes, given this project's confirmed (though not fully independent of other factors) association between contributor turnover and elevated risk.",See first_time_contributor_count recommendation.,train
97724092,apache/airflow,0.4842303795848857,High,"release_sequence (contribution=0.054): This release's position in its repository's history is associated with elevated risk (a project-wide finding, strongest and most consistent signal across every analysis method used).","first_time_contributor_share (contribution=0.015): Same signal as first_time_contributor_count, expressed as a share of all contributors.",first_time_contributor_count (contribution=0.005): This release involved an unusually high number of first-time contributors.,Cross-check against recent actual bug trends for this repository before relying heavily on this signal alone -- it partly reflects a documented training-period drift pattern that may not hold indefinitely (see the Target-Variable Definition document).,See first_time_contributor_count recommendation.,"Consider additional review scrutiny specifically on first-time contributors' changes, given this project's confirmed (though not fully independent of other factors) association between contributor turnover and elevated risk.",train
99597447,apache/airflow,0.4858758752778473,High,"release_sequence (contribution=0.053): This release's position in its repository's history is associated with elevated risk (a project-wide finding, strongest and most consistent signal across every analysis method used).","first_time_contributor_share (contribution=0.026): Same signal as first_time_contributor_count, expressed as a share of all contributors.",first_time_contributor_count (contribution=0.014): This release involved an unusually high number of first-time contributors.,Cross-check against recent actual bug trends for this repository before relying heavily on this signal alone -- it partly reflects a documented training-period drift pattern that may not hold indefinitely (see the Target-Variable Definition document).,See first_time_contributor_count recommendation.,"Consider additional review scrutiny specifically on first-time contributors' changes, given this project's confirmed (though not fully independent of other factors) association between contributor turnover and elevated risk.",train
101405180,apache/airflow,0.48136626309046204,High,"release_sequence (contribution=0.051): This release's position in its repository's history is associated with elevated risk (a project-wide finding, strongest and most consistent signal across every analysis method used).","first_time_contributor_share (contribution=0.020): Same signal as first_time_contributor_count, expressed as a share of all contributors.",first_time_contributor_count (contribution=0.007): This release involved an unusually high number of first-time contributors.,Cross-check against recent actual bug trends for this repository before relying heavily on this signal alone -- it partly reflects a documented training-period drift pattern that may not hold indefinitely (see the Target-Variable Definition document).,See first_time_contributor_count recommendation.,"Consider additional review scrutiny specifically on first-time contributors' changes, given this project's confirmed (though not fully independent of other factors) association between contributor turnover and elevated risk.",train
103174412,apache/airflow,0.4814938044239474,High,"release_sequence (contribution=0.050): This release's position in its repository's history is associated with elevated risk (a project-wide finding, strongest and most consistent signal across every analysis method used).","first_time_contributor_share (contribution=0.025): Same signal as first_time_contributor_count, expressed as a share of all contributors.",first_time_contributor_count (contribution=0.015): This release involved an unusually high number of first-time contributors.,Cross-check against recent actual bug trends for this repository before relying heavily on this signal alone -- it partly reflects a documented training-period drift pattern that may not hold indefinitely (see the Target-Variable Definition document).,See first_time_contributor_count recommendation.,"Consider additional review scrutiny specifically on first-time contributors' changes, given this project's confirmed (though not fully independent of other factors) association between contributor turnover and elevated risk.",train
108963862,apache/airflow,0.48786001909124727,High,"release_sequence (contribution=0.049): This release's position in its repository's history is associated with elevated risk (a project-wide finding, strongest and most consistent signal across every analysis method used).","first_time_contributor_share (contribution=0.023): Same signal as first_time_contributor_count, expressed as a share of all contributors.",first_time_contributor_count (contribution=0.023): This release involved an unusually high number of first-time contributors.,Cross-check against recent actual bug trends for this repository before relying heavily on this signal alone -- it partly reflects a documented training-period drift pattern that may not hold indefinitely (see the Target-Variable Definition document).,See first_time_contributor_count recommendation.,"Consider additional review scrutiny specifically on first-time contributors' changes, given this project's confirmed (though not fully independent of other factors) association between contributor turnover and elevated risk.",train
110074462,apache/airflow,0.4722824427991574,High,"release_sequence (contribution=0.048): This release's position in its repository's history is associated with elevated risk (a project-wide finding, strongest and most consistent signal across every analysis method used).","first_time_contributor_share (contribution=0.009): Same signal as first_time_contributor_count, expressed as a share of all contributors.",avg_time_to_merge_hours (contribution=0.005): Pull requests before this release merged unusually quickly or slowly on average.,Cross-check against recent actual bug trends for this repository before relying heavily on this signal alone -- it partly reflects a documented training-period drift pattern that may not hold indefinitely (see the Target-Variable Definition document).,See first_time_contributor_count recommendation.,Very fast merging paired with elevated risk may indicate reduced review scrutiny; consider a second reviewer pass on the highest-impact changes before shipping.,train
111717340,apache/airflow,0.47491033362932517,High,"release_sequence (contribution=0.047): This release's position in its repository's history is associated with elevated risk (a project-wide finding, strongest and most consistent signal across every analysis method used).","first_time_contributor_share (contribution=0.014): Same signal as first_time_contributor_count, expressed as a share of all contributors.",first_time_contributor_count (contribution=0.007): This release involved an unusually high number of first-time contributors.,Cross-check against recent actual bug trends for this repository before relying heavily on this signal alone -- it partly reflects a documented training-period drift pattern that may not hold indefinitely (see the Target-Variable Definition document).,See first_time_contributor_count recommendation.,"Consider additional review scrutiny specifically on first-time contributors' changes, given this project's confirmed (though not fully independent of other factors) association between contributor turnover and elevated risk.",train
117791975,apache/airflow,0.4952865102508161,High,"release_sequence (contribution=0.046): This release's position in its repository's history is associated with elevated risk (a project-wide finding, strongest and most consistent signal across every analysis method used).",first_time_contributor_count (contribution=0.038): This release involved an unusually high number of first-time contributors.,"first_time_contributor_share (contribution=0.028): Same signal as first_time_contributor_count, expressed as a share of all contributors.",Cross-check against recent actual bug trends for this repository before relying heavily on this signal alone -- it partly reflects a documented training-period drift pattern that may not hold indefinitely (see the Target-Variable Definition document).,"Consider additional review scrutiny specifically on first-time contributors' changes, given this project's confirmed (though not fully independent of other factors) association between contributor turnover and elevated risk.",See first_time_contributor_count recommendation.,train
120326303,apache/airflow,0.482489386532853,High,"release_sequence (contribution=0.044): This release's position in its repository's history is associated with elevated risk (a project-wide finding, strongest and most consistent signal across every analysis method used).","first_time_contributor_share (contribution=0.022): Same signal as first_time_contributor_count, expressed as a share of all contributors.",first_time_contributor_count (contribution=0.016): This release involved an unusually high number of first-time contributors.,Cross-check against recent actual bug trends for this repository before relying heavily on this signal alone -- it partly reflects a documented training-period drift pattern that may not hold indefinitely (see the Target-Variable Definition document).,See first_time_contributor_count recommendation.,"Consider additional review scrutiny specifically on first-time contributors' changes, given this project's confirmed (though not fully independent of other factors) association between contributor turnover and elevated risk.",train
123409179,apache/airflow,0.4878483636600058,High,"release_sequence (contribution=0.043): This release's position in its repository's history is associated with elevated risk (a project-wide finding, strongest and most consistent signal across every analysis method used).",first_time_contributor_count (contribution=0.028): This release involved an unusually high number of first-time contributors.,"first_time_contributor_share (contribution=0.028): Same signal as first_time_contributor_count, expressed as a share of all contributors.",Cross-check against recent actual bug trends for this repository before relying heavily on this signal alone -- it partly reflects a documented training-period drift pattern that may not hold indefinitely (see the Target-Variable Definition document).,"Consider additional review scrutiny specifically on first-time contributors' changes, given this project's confirmed (though not fully independent of other factors) association between contributor turnover and elevated risk.",See first_time_contributor_count recommendation.,train
124796751,apache/airflow,0.47736391176084086,High,"release_sequence (contribution=0.042): This release's position in its repository's history is associated with elevated risk (a project-wide finding, strongest and most consistent signal across every analysis method used).","first_time_contributor_share (contribution=0.033): Same signal as first_time_contributor_count, expressed as a share of all contributors.",first_time_contributor_count (contribution=0.007): This release involved an unusually high number of first-time contributors.,Cross-check against recent actual bug trends for this repository before relying heavily on this signal alone -- it partly reflects a documented training-period drift pattern that may not hold indefinitely (see the Target-Variable Definition document).,See first_time_contributor_count recommendation.,"Consider additional review scrutiny specifically on first-time contributors' changes, given this project's confirmed (though not fully independent of other factors) association between contributor turnover and elevated risk.",train
128072365,apache/airflow,0.4876596410683675,High,"release_sequence (contribution=0.041): This release's position in its repository's history is associated with elevated risk (a project-wide finding, strongest and most consistent signal across every analysis method used).",first_time_contributor_count (contribution=0.031): This release involved an unusually high number of first-time contributors.,"first_time_contributor_share (contribution=0.030): Same signal as first_time_contributor_count, expressed as a share of all contributors.",Cross-check against recent actual bug trends for this repository before relying heavily on this signal alone -- it partly reflects a documented training-period drift pattern that may not hold indefinitely (see the Target-Variable Definition document).,"Consider additional review scrutiny specifically on first-time contributors' changes, given this project's confirmed (though not fully independent of other factors) association between contributor turnover and elevated risk.",See first_time_contributor_count recommendation.,train
134371717,apache/airflow,0.49487440477565453,High,first_time_contributor_count (contribution=0.045): This release involved an unusually high number of first-time contributors.,"release_sequence (contribution=0.040): This release's position in its repository's history is associated with elevated risk (a project-wide finding, strongest and most consistent signal across every analysis method used).","first_time_contributor_share (contribution=0.033): Same signal as first_time_contributor_count, expressed as a share of all contributors.","Consider additional review scrutiny specifically on first-time contributors' changes, given this project's confirmed (though not fully independent of other factors) association between contributor turnover and elevated risk.",Cross-check against recent actual bug trends for this repository before relying heavily on this signal alone -- it partly reflects a documented training-period drift pattern that may not hold indefinitely (see the Target-Variable Definition document).,See first_time_contributor_count recommendation.,train
137711221,apache/airflow,0.48385592544812533,High,"release_sequence (contribution=0.039): This release's position in its repository's history is associated with elevated risk (a project-wide finding, strongest and most consistent signal across every analysis method used).",first_time_contributor_count (contribution=0.032): This release involved an unusually high number of first-time contributors.,"first_time_contributor_share (contribution=0.027): Same signal as first_time_contributor_count, expressed as a share of all contributors.",Cross-check against recent actual bug trends for this repository before relying heavily on this signal alone -- it partly reflects a documented training-period drift pattern that may not hold indefinitely (see the Target-Variable Definition document).,"Consider additional review scrutiny specifically on first-time contributors' changes, given this project's confirmed (though not fully independent of other factors) association between contributor turnover and elevated risk.",See first_time_contributor_count recommendation.,train
141561153,apache/airflow,0.47738441176072227,High,"release_sequence (contribution=0.037): This release's position in its repository's history is associated with elevated risk (a project-wide finding, strongest and most consistent signal across every analysis method used).",first_time_contributor_count (contribution=0.027): This release involved an unusually high number of first-time contributors.,"first_time_contributor_share (contribution=0.026): Same signal as first_time_contributor_count, expressed as a share of all contributors.",Cross-check against recent actual bug trends for this repository before relying heavily on this signal alone -- it partly reflects a documented training-period drift pattern that may not hold indefinitely (see the Target-Variable Definition document).,"Consider additional review scrutiny specifically on first-time contributors' changes, given this project's confirmed (though not fully independent of other factors) association between contributor turnover and elevated risk.",See first_time_contributor_count recommendation.,train
143584450,apache/airflow,0.46894236691521946,High,"release_sequence (contribution=0.036): This release's position in its repository's history is associated with elevated risk (a project-wide finding, strongest and most consistent signal across every analysis method used).","first_time_contributor_share (contribution=0.019): Same signal as first_time_contributor_count, expressed as a share of all contributors.",first_time_contributor_count (contribution=0.014): This release involved an unusually high number of first-time contributors.,Cross-check against recent actual bug trends for this repository before relying heavily on this signal alone -- it partly reflects a documented training-period drift pattern that may not hold indefinitely (see the Target-Variable Definition document).,See first_time_contributor_count recommendation.,"Consider additional review scrutiny specifically on first-time contributors' changes, given this project's confirmed (though not fully independent of other factors) association between contributor turnover and elevated risk.",train
144901174,apache/airflow,0.45755029498412164,High,"release_sequence (contribution=0.035): This release's position in its repository's history is associated with elevated risk (a project-wide finding, strongest and most consistent signal across every analysis method used).",avg_time_to_merge_hours (contribution=0.005): Pull requests before this release merged unusually quickly or slowly on average.,"first_time_contributor_share (contribution=0.004): Same signal as first_time_contributor_count, expressed as a share of all contributors.",Cross-check against recent actual bug trends for this repository before relying heavily on this signal alone -- it partly reflects a documented training-period drift pattern that may not hold indefinitely (see the Target-Variable Definition document).,Very fast merging paired with elevated risk may indicate reduced review scrutiny; consider a second reviewer pass on the highest-impact changes before shipping.,See first_time_contributor_count recommendation.,train
145826375,apache/airflow,0.4573935310699601,High,"release_sequence (contribution=0.034): This release's position in its repository's history is associated with elevated risk (a project-wide finding, strongest and most consistent signal across every analysis method used).",avg_time_to_merge_hours (contribution=0.005): Pull requests before this release merged unusually quickly or slowly on average.,"first_time_contributor_share (contribution=0.004): Same signal as first_time_contributor_count, expressed as a share of all contributors.",Cross-check against recent actual bug trends for this repository before relying heavily on this signal alone -- it partly reflects a documented training-period drift pattern that may not hold indefinitely (see the Target-Variable Definition document).,Very fast merging paired with elevated risk may indicate reduced review scrutiny; consider a second reviewer pass on the highest-impact changes before shipping.,See first_time_contributor_count recommendation.,train
148320674,apache/airflow,0.4648554654946764,High,"release_sequence (contribution=0.033): This release's position in its repository's history is associated with elevated risk (a project-wide finding, strongest and most consistent signal across every analysis method used).","first_time_contributor_share (contribution=0.016): Same signal as first_time_contributor_count, expressed as a share of all contributors.",first_time_contributor_count (contribution=0.005): This release involved an unusually high number of first-time contributors.,Cross-check against recent actual bug trends for this repository before relying heavily on this signal alone -- it partly reflects a documented training-period drift pattern that may not hold indefinitely (see the Target-Variable Definition document).,See first_time_contributor_count recommendation.,"Consider additional review scrutiny specifically on first-time contributors' changes, given this project's confirmed (though not fully independent of other factors) association between contributor turnover and elevated risk.",train
148331227,apache/airflow,0.4570392657456813,High,"release_sequence (contribution=0.031): This release's position in its repository's history is associated with elevated risk (a project-wide finding, strongest and most consistent signal across every analysis method used).","first_time_contributor_share (contribution=0.020): Same signal as first_time_contributor_count, expressed as a share of all contributors.",avg_time_to_merge_hours (contribution=0.006): Pull requests before this release merged unusually quickly or slowly on average.,Cross-check against recent actual bug trends for this repository before relying heavily on this signal alone -- it partly reflects a documented training-period drift pattern that may not hold indefinitely (see the Target-Variable Definition document).,See first_time_contributor_count recommendation.,Very fast merging paired with elevated risk may indicate reduced review scrutiny; consider a second reviewer pass on the highest-impact changes before shipping.,train
150204794,apache/airflow,0.4555801228822888,High,"release_sequence (contribution=0.030): This release's position in its repository's history is associated with elevated risk (a project-wide finding, strongest and most consistent signal across every analysis method used).",avg_time_to_merge_hours (contribution=0.004): Pull requests before this release merged unusually quickly or slowly on average.,"median_time_to_merge_hours (contribution=0.003): Same signal as avg_time_to_merge_hours, less sensitive to a few outlier PRs.",Cross-check against recent actual bug trends for this repository before relying heavily on this signal alone -- it partly reflects a documented training-period drift pattern that may not hold indefinitely (see the Target-Variable Definition document).,Very fast merging paired with elevated risk may indicate reduced review scrutiny; consider a second reviewer pass on the highest-impact changes before shipping.,See avg_time_to_merge_hours recommendation.,train
154380741,apache/airflow,0.4650368713750366,High,"release_sequence (contribution=0.029): This release's position in its repository's history is associated with elevated risk (a project-wide finding, strongest and most consistent signal across every analysis method used).",first_time_contributor_count (contribution=0.014): This release involved an unusually high number of first-time contributors.,"first_time_contributor_share (contribution=0.013): Same signal as first_time_contributor_count, expressed as a share of all contributors.",Cross-check against recent actual bug trends for this repository before relying heavily on this signal alone -- it partly reflects a documented training-period drift pattern that may not hold indefinitely (see the Target-Variable Definition document).,"Consider additional review scrutiny specifically on first-time contributors' changes, given this project's confirmed (though not fully independent of other factors) association between contributor turnover and elevated risk.",See first_time_contributor_count recommendation.,train
159644151,apache/airflow,0.4748814657432044,High,first_time_contributor_count (contribution=0.032): This release involved an unusually high number of first-time contributors.,"release_sequence (contribution=0.028): This release's position in its repository's history is associated with elevated risk (a project-wide finding, strongest and most consistent signal across every analysis method used).","first_time_contributor_share (contribution=0.022): Same signal as first_time_contributor_count, expressed as a share of all contributors.","Consider additional review scrutiny specifically on first-time contributors' changes, given this project's confirmed (though not fully independent of other factors) association between contributor turnover and elevated risk.",Cross-check against recent actual bug trends for this repository before relying heavily on this signal alone -- it partly reflects a documented training-period drift pattern that may not hold indefinitely (see the Target-Variable Definition document).,See first_time_contributor_count recommendation.,train
37367812,microsoft/vscode,0.6286398440827871,High,"release_sequence (contribution=0.095): This release's position in its repository's history is associated with elevated risk (a project-wide finding, strongest and most consistent signal across every analysis method used).",avg_time_to_merge_hours (contribution=0.005): Pull requests before this release merged unusually quickly or slowly on average.,"median_time_to_merge_hours (contribution=0.003): Same signal as avg_time_to_merge_hours, less sensitive to a few outlier PRs.",Cross-check against recent actual bug trends for this repository before relying heavily on this signal alone -- it partly reflects a documented training-period drift pattern that may not hold indefinitely (see the Target-Variable Definition document).,Very fast merging paired with elevated risk may indicate reduced review scrutiny; consider a second reviewer pass on the highest-impact changes before shipping.,See avg_time_to_merge_hours recommendation.,train
37817301,microsoft/vscode,0.5603114329659826,High,"release_sequence (contribution=0.093): This release's position in its repository's history is associated with elevated risk (a project-wide finding, strongest and most consistent signal across every analysis method used).",pct_merged (contribution=0.005): The share of this cycle's PRs that were merged (vs. closed unmerged) is unusually high or low.,avg_time_to_merge_hours (contribution=0.003): Pull requests before this release merged unusually quickly or slowly on average.,Cross-check against recent actual bug trends for this repository before relying heavily on this signal alone -- it partly reflects a documented training-period drift pattern that may not hold indefinitely (see the Target-Variable Definition document).,A low merge rate paired with elevated risk may indicate churn or disagreement during review; investigate closed-unmerged PRs for recurring concerns.,Very fast merging paired with elevated risk may indicate reduced review scrutiny; consider a second reviewer pass on the highest-impact changes before shipping.,train
37943605,microsoft/vscode,0.5514407208049563,High,"release_sequence (contribution=0.092): This release's position in its repository's history is associated with elevated risk (a project-wide finding, strongest and most consistent signal across every analysis method used).",avg_time_to_merge_hours (contribution=0.005): Pull requests before this release merged unusually quickly or slowly on average.,"median_time_to_merge_hours (contribution=0.003): Same signal as avg_time_to_merge_hours, less sensitive to a few outlier PRs.",Cross-check against recent actual bug trends for this repository before relying heavily on this signal alone -- it partly reflects a documented training-period drift pattern that may not hold indefinitely (see the Target-Variable Definition document).,Very fast merging paired with elevated risk may indicate reduced review scrutiny; consider a second reviewer pass on the highest-impact changes before shipping.,See avg_time_to_merge_hours recommendation.,train
39294083,microsoft/vscode,0.5885850454701015,High,"release_sequence (contribution=0.091): This release's position in its repository's history is associated with elevated risk (a project-wide finding, strongest and most consistent signal across every analysis method used).",commit_count (contribution=0.049): The volume of commits before this release is unusually high or low.,"first_time_contributor_share (contribution=0.035): Same signal as first_time_contributor_count, expressed as a share of all contributors.",Cross-check against recent actual bug trends for this repository before relying heavily on this signal alone -- it partly reflects a documented training-period drift pattern that may not hold indefinitely (see the Target-Variable Definition document).,"A very high commit count (a large release) may warrant proportionally more testing time; a very low count paired with elevated risk may indicate the release was small but touched a disproportionately risky area of the codebase -- review change scope, not just change volume.",See first_time_contributor_count recommendation.,train
39312361,microsoft/vscode,0.5444177701773074,High,"release_sequence (contribution=0.090): This release's position in its repository's history is associated with elevated risk (a project-wide finding, strongest and most consistent signal across every analysis method used).",avg_time_to_merge_hours (contribution=0.006): Pull requests before this release merged unusually quickly or slowly on average.,"median_time_to_merge_hours (contribution=0.003): Same signal as avg_time_to_merge_hours, less sensitive to a few outlier PRs.",Cross-check against recent actual bug trends for this repository before relying heavily on this signal alone -- it partly reflects a documented training-period drift pattern that may not hold indefinitely (see the Target-Variable Definition document).,Very fast merging paired with elevated risk may indicate reduced review scrutiny; consider a second reviewer pass on the highest-impact changes before shipping.,See avg_time_to_merge_hours recommendation.,train
39688865,microsoft/vscode,0.5462660971682577,High,"prior_releases_avg_bugs_repo_z (contribution=0.185): This repository's historical average post-release bug count (from releases whose own outcome was already known at this release's time), expressed relative to this repository's own typical level (repo-normalized, not a raw count).","release_sequence (contribution=0.089): This release's position in its repository's history is associated with elevated risk (a project-wide finding, strongest and most consistent signal across every analysis method used).",commit_count (contribution=0.008): The volume of commits before this release is unusually high or low.,"Review whether recent releases in this repository have been trending toward more or fewer post-release bugs; a persistently high historical average may warrant a broader process review, not just extra scrutiny on this one release.",Cross-check against recent actual bug trends for this repository before relying heavily on this signal alone -- it partly reflects a documented training-period drift pattern that may not hold indefinitely (see the Target-Variable Definition document).,"A very high commit count (a large release) may warrant proportionally more testing time; a very low count paired with elevated risk may indicate the release was small but touched a disproportionately risky area of the codebase -- review change scope, not just change volume.",train
39843725,microsoft/vscode,0.5342377461988375,High,"prior_releases_avg_bugs_repo_z (contribution=0.167): This repository's historical average post-release bug count (from releases whose own outcome was already known at this release's time), expressed relative to this repository's own typical level (repo-normalized, not a raw count).","release_sequence (contribution=0.088): This release's position in its repository's history is associated with elevated risk (a project-wide finding, strongest and most consistent signal across every analysis method used).",pct_merged (contribution=0.015): The share of this cycle's PRs that were merged (vs. closed unmerged) is unusually high or low.,"Review whether recent releases in this repository have been trending toward more or fewer post-release bugs; a persistently high historical average may warrant a broader process review, not just extra scrutiny on this one release.",Cross-check against recent actual bug trends for this repository before relying heavily on this signal alone -- it partly reflects a documented training-period drift pattern that may not hold indefinitely (see the Target-Variable Definition document).,A low merge rate paired with elevated risk may indicate churn or disagreement during review; investigate closed-unmerged PRs for recurring concerns.,train
40776715,microsoft/vscode,0.5501253429309303,High,"prior_releases_avg_bugs_repo_z (contribution=0.167): This repository's historical average post-release bug count (from releases whose own outcome was already known at this release's time), expressed relative to this repository's own typical level (repo-normalized, not a raw count).","release_sequence (contribution=0.086): This release's position in its repository's history is associated with elevated risk (a project-wide finding, strongest and most consistent signal across every analysis method used).",commit_count (contribution=0.035): The volume of commits before this release is unusually high or low.,"Review whether recent releases in this repository have been trending toward more or fewer post-release bugs; a persistently high historical average may warrant a broader process review, not just extra scrutiny on this one release.",Cross-check against recent actual bug trends for this repository before relying heavily on this signal alone -- it partly reflects a documented training-period drift pattern that may not hold indefinitely (see the Target-Variable Definition document).,"A very high commit count (a large release) may warrant proportionally more testing time; a very low count paired with elevated risk may indicate the release was small but touched a disproportionately risky area of the codebase -- review change scope, not just change volume.",train
41141564,microsoft/vscode,0.5324063460545477,High,"prior_releases_avg_bugs_repo_z (contribution=0.127): This repository's historical average post-release bug count (from releases whose own outcome was already known at this release's time), expressed relative to this repository's own typical level (repo-normalized, not a raw count).","release_sequence (contribution=0.085): This release's position in its repository's history is associated with elevated risk (a project-wide finding, strongest and most consistent signal across every analysis method used).",commit_count (contribution=0.011): The volume of commits before this release is unusually high or low.,"Review whether recent releases in this repository have been trending toward more or fewer post-release bugs; a persistently high historical average may warrant a broader process review, not just extra scrutiny on this one release.",Cross-check against recent actual bug trends for this repository before relying heavily on this signal alone -- it partly reflects a documented training-period drift pattern that may not hold indefinitely (see the Target-Variable Definition document).,"A very high commit count (a large release) may warrant proportionally more testing time; a very low count paired with elevated risk may indicate the release was small but touched a disproportionately risky area of the codebase -- review change scope, not just change volume.",train
41368481,microsoft/vscode,0.5170759168259583,High,"prior_releases_avg_bugs_repo_z (contribution=0.122): This repository's historical average post-release bug count (from releases whose own outcome was already known at this release's time), expressed relative to this repository's own typical level (repo-normalized, not a raw count).","release_sequence (contribution=0.084): This release's position in its repository's history is associated with elevated risk (a project-wide finding, strongest and most consistent signal across every analysis method used).","median_time_to_merge_hours (contribution=0.002): Same signal as avg_time_to_merge_hours, less sensitive to a few outlier PRs.","Review whether recent releases in this repository have been trending toward more or fewer post-release bugs; a persistently high historical average may warrant a broader process review, not just extra scrutiny on this one release.",Cross-check against recent actual bug trends for this repository before relying heavily on this signal alone -- it partly reflects a documented training-period drift pattern that may not hold indefinitely (see the Target-Variable Definition document).,See avg_time_to_merge_hours recommendation.,train
42503695,microsoft/vscode,0.5647019320864425,High,"prior_releases_avg_bugs_repo_z (contribution=0.167): This repository's historical average post-release bug count (from releases whose own outcome was already known at this release's time), expressed relative to this repository's own typical level (repo-normalized, not a raw count).","release_sequence (contribution=0.083): This release's position in its repository's history is associated with elevated risk (a project-wide finding, strongest and most consistent signal across every analysis method used).",commit_count (contribution=0.066): The volume of commits before this release is unusually high or low.,"Review whether recent releases in this repository have been trending toward more or fewer post-release bugs; a persistently high historical average may warrant a broader process review, not just extra scrutiny on this one release.",Cross-check against recent actual bug trends for this repository before relying heavily on this signal alone -- it partly reflects a documented training-period drift pattern that may not hold indefinitely (see the Target-Variable Definition document).,"A very high commit count (a large release) may warrant proportionally more testing time; a very low count paired with elevated risk may indicate the release was small but touched a disproportionately risky area of the codebase -- review change scope, not just change volume.",train
42788476,microsoft/vscode,0.5374630146094741,High,"prior_releases_avg_bugs_repo_z (contribution=0.193): This repository's historical average post-release bug count (from releases whose own outcome was already known at this release's time), expressed relative to this repository's own typical level (repo-normalized, not a raw count).","release_sequence (contribution=0.082): This release's position in its repository's history is associated with elevated risk (a project-wide finding, strongest and most consistent signal across every analysis method used).",commit_count (contribution=0.006): The volume of commits before this release is unusually high or low.,"Review whether recent releases in this repository have been trending toward more or fewer post-release bugs; a persistently high historical average may warrant a broader process review, not just extra scrutiny on this one release.",Cross-check against recent actual bug trends for this repository before relying heavily on this signal alone -- it partly reflects a documented training-period drift pattern that may not hold indefinitely (see the Target-Variable Definition document).,"A very high commit count (a large release) may warrant proportionally more testing time; a very low count paired with elevated risk may indicate the release was small but touched a disproportionately risky area of the codebase -- review change scope, not just change volume.",train
42914761,microsoft/vscode,0.535962972498646,High,"prior_releases_avg_bugs_repo_z (contribution=0.193): This repository's historical average post-release bug count (from releases whose own outcome was already known at this release's time), expressed relative to this repository's own typical level (repo-normalized, not a raw count).","release_sequence (contribution=0.081): This release's position in its repository's history is associated with elevated risk (a project-wide finding, strongest and most consistent signal across every analysis method used).",avg_time_to_merge_hours (contribution=0.005): Pull requests before this release merged unusually quickly or slowly on average.,"Review whether recent releases in this repository have been trending toward more or fewer post-release bugs; a persistently high historical average may warrant a broader process review, not just extra scrutiny on this one release.",Cross-check against recent actual bug trends for this repository before relying heavily on this signal alone -- it partly reflects a documented training-period drift pattern that may not hold indefinitely (see the Target-Variable Definition document).,Very fast merging paired with elevated risk may indicate reduced review scrutiny; consider a second reviewer pass on the highest-impact changes before shipping.,train
44431897,microsoft/vscode,0.5755887720006627,High,"prior_releases_avg_bugs_repo_z (contribution=0.200): This repository's historical average post-release bug count (from releases whose own outcome was already known at this release's time), expressed relative to this repository's own typical level (repo-normalized, not a raw count).","release_sequence (contribution=0.079): This release's position in its repository's history is associated with elevated risk (a project-wide finding, strongest and most consistent signal across every analysis method used).",commit_count (contribution=0.072): The volume of commits before this release is unusually high or low.,"Review whether recent releases in this repository have been trending toward more or fewer post-release bugs; a persistently high historical average may warrant a broader process review, not just extra scrutiny on this one release.",Cross-check against recent actual bug trends for this repository before relying heavily on this signal alone -- it partly reflects a documented training-period drift pattern that may not hold indefinitely (see the Target-Variable Definition document).,"A very high commit count (a large release) may warrant proportionally more testing time; a very low count paired with elevated risk may indicate the release was small but touched a disproportionately risky area of the codebase -- review change scope, not just change volume.",train
44831232,microsoft/vscode,0.5381136846431002,High,"prior_releases_avg_bugs_repo_z (contribution=0.193): This repository's historical average post-release bug count (from releases whose own outcome was already known at this release's time), expressed relative to this repository's own typical level (repo-normalized, not a raw count).","release_sequence (contribution=0.078): This release's position in its repository's history is associated with elevated risk (a project-wide finding, strongest and most consistent signal across every analysis method used).",commit_count (contribution=0.009): The volume of commits before this release is unusually high or low.,"Review whether recent releases in this repository have been trending toward more or fewer post-release bugs; a persistently high historical average may warrant a broader process review, not just extra scrutiny on this one release.",Cross-check against recent actual bug trends for this repository before relying heavily on this signal alone -- it partly reflects a documented training-period drift pattern that may not hold indefinitely (see the Target-Variable Definition document).,"A very high commit count (a large release) may warrant proportionally more testing time; a very low count paired with elevated risk may indicate the release was small but touched a disproportionately risky area of the codebase -- review change scope, not just change volume.",train
45923262,microsoft/vscode,0.5610397249210416,High,"prior_releases_avg_bugs_repo_z (contribution=0.193): This repository's historical average post-release bug count (from releases whose own outcome was already known at this release's time), expressed relative to this repository's own typical level (repo-normalized, not a raw count).","release_sequence (contribution=0.077): This release's position in its repository's history is associated with elevated risk (a project-wide finding, strongest and most consistent signal across every analysis method used).",commit_count (contribution=0.041): The volume of commits before this release is unusually high or low.,"Review whether recent releases in this repository have been trending toward more or fewer post-release bugs; a persistently high historical average may warrant a broader process review, not just extra scrutiny on this one release.",Cross-check against recent actual bug trends for this repository before relying heavily on this signal alone -- it partly reflects a documented training-period drift pattern that may not hold indefinitely (see the Target-Variable Definition document).,"A very high commit count (a large release) may warrant proportionally more testing time; a very low count paired with elevated risk may indicate the release was small but touched a disproportionately risky area of the codebase -- review change scope, not just change volume.",train
46137151,microsoft/vscode,0.5354195270457285,High,"prior_releases_avg_bugs_repo_z (contribution=0.192): This repository's historical average post-release bug count (from releases whose own outcome was already known at this release's time), expressed relative to this repository's own typical level (repo-normalized, not a raw count).","release_sequence (contribution=0.076): This release's position in its repository's history is associated with elevated risk (a project-wide finding, strongest and most consistent signal across every analysis method used).",avg_time_to_merge_hours (contribution=0.005): Pull requests before this release merged unusually quickly or slowly on average.,"Review whether recent releases in this repository have been trending toward more or fewer post-release bugs; a persistently high historical average may warrant a broader process review, not just extra scrutiny on this one release.",Cross-check against recent actual bug trends for this repository before relying heavily on this signal alone -- it partly reflects a documented training-period drift pattern that may not hold indefinitely (see the Target-Variable Definition document).,Very fast merging paired with elevated risk may indicate reduced review scrutiny; consider a second reviewer pass on the highest-impact changes before shipping.,train
46269305,microsoft/vscode,0.5341539392103656,High,"prior_releases_avg_bugs_repo_z (contribution=0.192): This repository's historical average post-release bug count (from releases whose own outcome was already known at this release's time), expressed relative to this repository's own typical level (repo-normalized, not a raw count).","release_sequence (contribution=0.075): This release's position in its repository's history is associated with elevated risk (a project-wide finding, strongest and most consistent signal across every analysis method used).",avg_time_to_merge_hours (contribution=0.005): Pull requests before this release merged unusually quickly or slowly on average.,"Review whether recent releases in this repository have been trending toward more or fewer post-release bugs; a persistently high historical average may warrant a broader process review, not just extra scrutiny on this one release.",Cross-check against recent actual bug trends for this repository before relying heavily on this signal alone -- it partly reflects a documented training-period drift pattern that may not hold indefinitely (see the Target-Variable Definition document).,Very fast merging paired with elevated risk may indicate reduced review scrutiny; consider a second reviewer pass on the highest-impact changes before shipping.,train
47380908,microsoft/vscode,0.5542584049260642,High,"prior_releases_avg_bugs_repo_z (contribution=0.183): This repository's historical average post-release bug count (from releases whose own outcome was already known at this release's time), expressed relative to this repository's own typical level (repo-normalized, not a raw count).","release_sequence (contribution=0.074): This release's position in its repository's history is associated with elevated risk (a project-wide finding, strongest and most consistent signal across every analysis method used).",commit_count (contribution=0.029): The volume of commits before this release is unusually high or low.,"Review whether recent releases in this repository have been trending toward more or fewer post-release bugs; a persistently high historical average may warrant a broader process review, not just extra scrutiny on this one release.",Cross-check against recent actual bug trends for this repository before relying heavily on this signal alone -- it partly reflects a documented training-period drift pattern that may not hold indefinitely (see the Target-Variable Definition document).,"A very high commit count (a large release) may warrant proportionally more testing time; a very low count paired with elevated risk may indicate the release was small but touched a disproportionately risky area of the codebase -- review change scope, not just change volume.",train
48147681,microsoft/vscode,0.5286685768513077,High,"prior_releases_avg_bugs_repo_z (contribution=0.119): This repository's historical average post-release bug count (from releases whose own outcome was already known at this release's time), expressed relative to this repository's own typical level (repo-normalized, not a raw count).","release_sequence (contribution=0.072): This release's position in its repository's history is associated with elevated risk (a project-wide finding, strongest and most consistent signal across every analysis method used).",commit_count (contribution=0.015): The volume of commits before this release is unusually high or low.,"Review whether recent releases in this repository have been trending toward more or fewer post-release bugs; a persistently high historical average may warrant a broader process review, not just extra scrutiny on this one release.",Cross-check against recent actual bug trends for this repository before relying heavily on this signal alone -- it partly reflects a documented training-period drift pattern that may not hold indefinitely (see the Target-Variable Definition document).,"A very high commit count (a large release) may warrant proportionally more testing time; a very low count paired with elevated risk may indicate the release was small but touched a disproportionately risky area of the codebase -- review change scope, not just change volume.",train
48909216,microsoft/vscode,0.5374967796148699,High,"prior_releases_avg_bugs_repo_z (contribution=0.119): This repository's historical average post-release bug count (from releases whose own outcome was already known at this release's time), expressed relative to this repository's own typical level (repo-normalized, not a raw count).","release_sequence (contribution=0.071): This release's position in its repository's history is associated with elevated risk (a project-wide finding, strongest and most consistent signal across every analysis method used).","first_time_contributor_share (contribution=0.027): Same signal as first_time_contributor_count, expressed as a share of all contributors.","Review whether recent releases in this repository have been trending toward more or fewer post-release bugs; a persistently high historical average may warrant a broader process review, not just extra scrutiny on this one release.",Cross-check against recent actual bug trends for this repository before relying heavily on this signal alone -- it partly reflects a documented training-period drift pattern that may not hold indefinitely (see the Target-Variable Definition document).,See first_time_contributor_count recommendation.,train
49545491,microsoft/vscode,0.522821842471269,High,"prior_releases_avg_bugs_repo_z (contribution=0.101): This repository's historical average post-release bug count (from releases whose own outcome was already known at this release's time), expressed relative to this repository's own typical level (repo-normalized, not a raw count).","release_sequence (contribution=0.070): This release's position in its repository's history is associated with elevated risk (a project-wide finding, strongest and most consistent signal across every analysis method used).",pct_merged (contribution=0.010): The share of this cycle's PRs that were merged (vs. closed unmerged) is unusually high or low.,"Review whether recent releases in this repository have been trending toward more or fewer post-release bugs; a persistently high historical average may warrant a broader process review, not just extra scrutiny on this one release.",Cross-check against recent actual bug trends for this repository before relying heavily on this signal alone -- it partly reflects a documented training-period drift pattern that may not hold indefinitely (see the Target-Variable Definition document).,A low merge rate paired with elevated risk may indicate churn or disagreement during review; investigate closed-unmerged PRs for recurring concerns.,train
50724198,microsoft/vscode,0.5266132844042442,High,"prior_releases_avg_bugs_repo_z (contribution=0.076): This repository's historical average post-release bug count (from releases whose own outcome was already known at this release's time), expressed relative to this repository's own typical level (repo-normalized, not a raw count).","release_sequence (contribution=0.069): This release's position in its repository's history is associated with elevated risk (a project-wide finding, strongest and most consistent signal across every analysis method used).",commit_count (contribution=0.028): The volume of commits before this release is unusually high or low.,"Review whether recent releases in this repository have been trending toward more or fewer post-release bugs; a persistently high historical average may warrant a broader process review, not just extra scrutiny on this one release.",Cross-check against recent actual bug trends for this repository before relying heavily on this signal alone -- it partly reflects a documented training-period drift pattern that may not hold indefinitely (see the Target-Variable Definition document).,"A very high commit count (a large release) may warrant proportionally more testing time; a very low count paired with elevated risk may indicate the release was small but touched a disproportionately risky area of the codebase -- review change scope, not just change volume.",train
50995570,microsoft/vscode,0.5057286568054603,High,"prior_releases_avg_bugs_repo_z (contribution=0.076): This repository's historical average post-release bug count (from releases whose own outcome was already known at this release's time), expressed relative to this repository's own typical level (repo-normalized, not a raw count).","release_sequence (contribution=0.068): This release's position in its repository's history is associated with elevated risk (a project-wide finding, strongest and most consistent signal across every analysis method used).",pct_merged (contribution=0.008): The share of this cycle's PRs that were merged (vs. closed unmerged) is unusually high or low.,"Review whether recent releases in this repository have been trending toward more or fewer post-release bugs; a persistently high historical average may warrant a broader process review, not just extra scrutiny on this one release.",Cross-check against recent actual bug trends for this repository before relying heavily on this signal alone -- it partly reflects a documented training-period drift pattern that may not hold indefinitely (see the Target-Variable Definition document).,A low merge rate paired with elevated risk may indicate churn or disagreement during review; investigate closed-unmerged PRs for recurring concerns.,train
51383547,microsoft/vscode,0.5098901817042157,High,"prior_releases_avg_bugs_repo_z (contribution=0.067): This repository's historical average post-release bug count (from releases whose own outcome was already known at this release's time), expressed relative to this repository's own typical level (repo-normalized, not a raw count).","release_sequence (contribution=0.067): This release's position in its repository's history is associated with elevated risk (a project-wide finding, strongest and most consistent signal across every analysis method used).","first_time_contributor_share (contribution=0.007): Same signal as first_time_contributor_count, expressed as a share of all contributors.","Review whether recent releases in this repository have been trending toward more or fewer post-release bugs; a persistently high historical average may warrant a broader process review, not just extra scrutiny on this one release.",Cross-check against recent actual bug trends for this repository before relying heavily on this signal alone -- it partly reflects a documented training-period drift pattern that may not hold indefinitely (see the Target-Variable Definition document).,See first_time_contributor_count recommendation.,train
51646803,microsoft/vscode,0.5093696164388068,High,"prior_releases_avg_bugs_repo_z (contribution=0.067): This repository's historical average post-release bug count (from releases whose own outcome was already known at this release's time), expressed relative to this repository's own typical level (repo-normalized, not a raw count).","release_sequence (contribution=0.065): This release's position in its repository's history is associated with elevated risk (a project-wide finding, strongest and most consistent signal across every analysis method used).",pct_merged (contribution=0.011): The share of this cycle's PRs that were merged (vs. closed unmerged) is unusually high or low.,"Review whether recent releases in this repository have been trending toward more or fewer post-release bugs; a persistently high historical average may warrant a broader process review, not just extra scrutiny on this one release.",Cross-check against recent actual bug trends for this repository before relying heavily on this signal alone -- it partly reflects a documented training-period drift pattern that may not hold indefinitely (see the Target-Variable Definition document).,A low merge rate paired with elevated risk may indicate churn or disagreement during review; investigate closed-unmerged PRs for recurring concerns.,train
52713427,microsoft/vscode,0.5164925259570415,High,"release_sequence (contribution=0.064): This release's position in its repository's history is associated with elevated risk (a project-wide finding, strongest and most consistent signal across every analysis method used).","prior_releases_avg_bugs_repo_z (contribution=0.056): This repository's historical average post-release bug count (from releases whose own outcome was already known at this release's time), expressed relative to this repository's own typical level (repo-normalized, not a raw count).",commit_count (contribution=0.022): The volume of commits before this release is unusually high or low.,Cross-check against recent actual bug trends for this repository before relying heavily on this signal alone -- it partly reflects a documented training-period drift pattern that may not hold indefinitely (see the Target-Variable Definition document).,"Review whether recent releases in this repository have been trending toward more or fewer post-release bugs; a persistently high historical average may warrant a broader process review, not just extra scrutiny on this one release.","A very high commit count (a large release) may warrant proportionally more testing time; a very low count paired with elevated risk may indicate the release was small but touched a disproportionately risky area of the codebase -- review change scope, not just change volume.",train
53026736,microsoft/vscode,0.49075146873679193,High,"release_sequence (contribution=0.063): This release's position in its repository's history is associated with elevated risk (a project-wide finding, strongest and most consistent signal across every analysis method used).","prior_releases_avg_bugs_repo_z (contribution=0.046): This repository's historical average post-release bug count (from releases whose own outcome was already known at this release's time), expressed relative to this repository's own typical level (repo-normalized, not a raw count).","first_time_contributor_share (contribution=0.003): Same signal as first_time_contributor_count, expressed as a share of all contributors.",Cross-check against recent actual bug trends for this repository before relying heavily on this signal alone -- it partly reflects a documented training-period drift pattern that may not hold indefinitely (see the Target-Variable Definition document).,"Review whether recent releases in this repository have been trending toward more or fewer post-release bugs; a persistently high historical average may warrant a broader process review, not just extra scrutiny on this one release.",See first_time_contributor_count recommendation.,train
53207412,microsoft/vscode,0.4902019154968104,High,"release_sequence (contribution=0.062): This release's position in its repository's history is associated with elevated risk (a project-wide finding, strongest and most consistent signal across every analysis method used).","prior_releases_avg_bugs_repo_z (contribution=0.046): This repository's historical average post-release bug count (from releases whose own outcome was already known at this release's time), expressed relative to this repository's own typical level (repo-normalized, not a raw count).","median_time_to_merge_hours (contribution=0.003): Same signal as avg_time_to_merge_hours, less sensitive to a few outlier PRs.",Cross-check against recent actual bug trends for this repository before relying heavily on this signal alone -- it partly reflects a documented training-period drift pattern that may not hold indefinitely (see the Target-Variable Definition document).,"Review whether recent releases in this repository have been trending toward more or fewer post-release bugs; a persistently high historical average may warrant a broader process review, not just extra scrutiny on this one release.",See avg_time_to_merge_hours recommendation.,train
53665953,microsoft/vscode,0.4952174191405725,High,"release_sequence (contribution=0.061): This release's position in its repository's history is associated with elevated risk (a project-wide finding, strongest and most consistent signal across every analysis method used).","prior_releases_avg_bugs_repo_z (contribution=0.038): This repository's historical average post-release bug count (from releases whose own outcome was already known at this release's time), expressed relative to this repository's own typical level (repo-normalized, not a raw count).","median_time_to_merge_hours (contribution=0.002): Same signal as avg_time_to_merge_hours, less sensitive to a few outlier PRs.",Cross-check against recent actual bug trends for this repository before relying heavily on this signal alone -- it partly reflects a documented training-period drift pattern that may not hold indefinitely (see the Target-Variable Definition document).,"Review whether recent releases in this repository have been trending toward more or fewer post-release bugs; a persistently high historical average may warrant a broader process review, not just extra scrutiny on this one release.",See avg_time_to_merge_hours recommendation.,train
54908167,microsoft/vscode,0.5063153411120687,High,"release_sequence (contribution=0.060): This release's position in its repository's history is associated with elevated risk (a project-wide finding, strongest and most consistent signal across every analysis method used).",commit_count (contribution=0.025): The volume of commits before this release is unusually high or low.,"prior_releases_avg_bugs_repo_z (contribution=0.025): This repository's historical average post-release bug count (from releases whose own outcome was already known at this release's time), expressed relative to this repository's own typical level (repo-normalized, not a raw count).",Cross-check against recent actual bug trends for this repository before relying heavily on this signal alone -- it partly reflects a documented training-period drift pattern that may not hold indefinitely (see the Target-Variable Definition document).,"A very high commit count (a large release) may warrant proportionally more testing time; a very low count paired with elevated risk may indicate the release was small but touched a disproportionately risky area of the codebase -- review change scope, not just change volume.","Review whether recent releases in this repository have been trending toward more or fewer post-release bugs; a persistently high historical average may warrant a broader process review, not just extra scrutiny on this one release.",train
55299055,microsoft/vscode,0.486972610797007,High,"release_sequence (contribution=0.058): This release's position in its repository's history is associated with elevated risk (a project-wide finding, strongest and most consistent signal across every analysis method used).","prior_releases_avg_bugs_repo_z (contribution=0.009): This repository's historical average post-release bug count (from releases whose own outcome was already known at this release's time), expressed relative to this repository's own typical level (repo-normalized, not a raw count).",avg_time_to_merge_hours (contribution=0.005): Pull requests before this release merged unusually quickly or slowly on average.,Cross-check against recent actual bug trends for this repository before relying heavily on this signal alone -- it partly reflects a documented training-period drift pattern that may not hold indefinitely (see the Target-Variable Definition document).,"Review whether recent releases in this repository have been trending toward more or fewer post-release bugs; a persistently high historical average may warrant a broader process review, not just extra scrutiny on this one release.",Very fast merging paired with elevated risk may indicate reduced review scrutiny; consider a second reviewer pass on the highest-impact changes before shipping.,train
55479840,microsoft/vscode,0.4835205698696773,High,"release_sequence (contribution=0.057): This release's position in its repository's history is associated with elevated risk (a project-wide finding, strongest and most consistent signal across every analysis method used).","prior_releases_avg_bugs_repo_z (contribution=0.009): This repository's historical average post-release bug count (from releases whose own outcome was already known at this release's time), expressed relative to this repository's own typical level (repo-normalized, not a raw count).","median_time_to_merge_hours (contribution=0.003): Same signal as avg_time_to_merge_hours, less sensitive to a few outlier PRs.",Cross-check against recent actual bug trends for this repository before relying heavily on this signal alone -- it partly reflects a documented training-period drift pattern that may not hold indefinitely (see the Target-Variable Definition document).,"Review whether recent releases in this repository have been trending toward more or fewer post-release bugs; a persistently high historical average may warrant a broader process review, not just extra scrutiny on this one release.",See avg_time_to_merge_hours recommendation.,train
58631352,microsoft/vscode,0.5213562539708151,High,commit_count (contribution=0.086): The volume of commits before this release is unusually high or low.,"release_sequence (contribution=0.056): This release's position in its repository's history is associated with elevated risk (a project-wide finding, strongest and most consistent signal across every analysis method used).","first_time_contributor_share (contribution=0.028): Same signal as first_time_contributor_count, expressed as a share of all contributors.","A very high commit count (a large release) may warrant proportionally more testing time; a very low count paired with elevated risk may indicate the release was small but touched a disproportionately risky area of the codebase -- review change scope, not just change volume.",Cross-check against recent actual bug trends for this repository before relying heavily on this signal alone -- it partly reflects a documented training-period drift pattern that may not hold indefinitely (see the Target-Variable Definition document).,See first_time_contributor_count recommendation.,train
59039716,microsoft/vscode,0.48003140370631364,High,"release_sequence (contribution=0.055): This release's position in its repository's history is associated with elevated risk (a project-wide finding, strongest and most consistent signal across every analysis method used).",avg_time_to_merge_hours (contribution=0.005): Pull requests before this release merged unusually quickly or slowly on average.,"median_time_to_merge_hours (contribution=0.002): Same signal as avg_time_to_merge_hours, less sensitive to a few outlier PRs.",Cross-check against recent actual bug trends for this repository before relying heavily on this signal alone -- it partly reflects a documented training-period drift pattern that may not hold indefinitely (see the Target-Variable Definition document).,Very fast merging paired with elevated risk may indicate reduced review scrutiny; consider a second reviewer pass on the highest-impact changes before shipping.,See avg_time_to_merge_hours recommendation.,train
59258028,microsoft/vscode,0.4760818249956978,High,"release_sequence (contribution=0.054): This release's position in its repository's history is associated with elevated risk (a project-wide finding, strongest and most consistent signal across every analysis method used).",avg_time_to_merge_hours (contribution=0.006): Pull requests before this release merged unusually quickly or slowly on average.,"median_time_to_merge_hours (contribution=0.003): Same signal as avg_time_to_merge_hours, less sensitive to a few outlier PRs.",Cross-check against recent actual bug trends for this repository before relying heavily on this signal alone -- it partly reflects a documented training-period drift pattern that may not hold indefinitely (see the Target-Variable Definition document).,Very fast merging paired with elevated risk may indicate reduced review scrutiny; consider a second reviewer pass on the highest-impact changes before shipping.,See avg_time_to_merge_hours recommendation.,train
60929829,microsoft/vscode,0.4925078345085273,High,"release_sequence (contribution=0.053): This release's position in its repository's history is associated with elevated risk (a project-wide finding, strongest and most consistent signal across every analysis method used).",commit_count (contribution=0.032): The volume of commits before this release is unusually high or low.,cycle_length_days (contribution=0.003): The time since the previous release is unusually long or short.,Cross-check against recent actual bug trends for this repository before relying heavily on this signal alone -- it partly reflects a documented training-period drift pattern that may not hold indefinitely (see the Target-Variable Definition document).,"A very high commit count (a large release) may warrant proportionally more testing time; a very low count paired with elevated risk may indicate the release was small but touched a disproportionately risky area of the codebase -- review change scope, not just change volume.",A very short cycle may mean limited integration/soak time before shipping; consider whether this release had adequate testing time relative to its scope.,train
61302351,microsoft/vscode,0.4787892518784948,High,"release_sequence (contribution=0.051): This release's position in its repository's history is associated with elevated risk (a project-wide finding, strongest and most consistent signal across every analysis method used).",avg_time_to_merge_hours (contribution=0.005): Pull requests before this release merged unusually quickly or slowly on average.,"median_time_to_merge_hours (contribution=0.002): Same signal as avg_time_to_merge_hours, less sensitive to a few outlier PRs.",Cross-check against recent actual bug trends for this repository before relying heavily on this signal alone -- it partly reflects a documented training-period drift pattern that may not hold indefinitely (see the Target-Variable Definition document).,Very fast merging paired with elevated risk may indicate reduced review scrutiny; consider a second reviewer pass on the highest-impact changes before shipping.,See avg_time_to_merge_hours recommendation.,train
61529769,microsoft/vscode,0.4718399296460451,High,"release_sequence (contribution=0.050): This release's position in its repository's history is associated with elevated risk (a project-wide finding, strongest and most consistent signal across every analysis method used).",avg_time_to_merge_hours (contribution=0.005): Pull requests before this release merged unusually quickly or slowly on average.,"median_time_to_merge_hours (contribution=0.002): Same signal as avg_time_to_merge_hours, less sensitive to a few outlier PRs.",Cross-check against recent actual bug trends for this repository before relying heavily on this signal alone -- it partly reflects a documented training-period drift pattern that may not hold indefinitely (see the Target-Variable Definition document).,Very fast merging paired with elevated risk may indicate reduced review scrutiny; consider a second reviewer pass on the highest-impact changes before shipping.,See avg_time_to_merge_hours recommendation.,train
63185929,microsoft/vscode,0.5000222208279244,High,"release_sequence (contribution=0.049): This release's position in its repository's history is associated with elevated risk (a project-wide finding, strongest and most consistent signal across every analysis method used).",commit_count (contribution=0.043): The volume of commits before this release is unusually high or low.,"first_time_contributor_share (contribution=0.011): Same signal as first_time_contributor_count, expressed as a share of all contributors.",Cross-check against recent actual bug trends for this repository before relying heavily on this signal alone -- it partly reflects a documented training-period drift pattern that may not hold indefinitely (see the Target-Variable Definition document).,"A very high commit count (a large release) may warrant proportionally more testing time; a very low count paired with elevated risk may indicate the release was small but touched a disproportionately risky area of the codebase -- review change scope, not just change volume.",See first_time_contributor_count recommendation.,train
63892925,microsoft/vscode,0.48446740055853993,High,"release_sequence (contribution=0.048): This release's position in its repository's history is associated with elevated risk (a project-wide finding, strongest and most consistent signal across every analysis method used).",commit_count (contribution=0.008): The volume of commits before this release is unusually high or low.,"first_time_contributor_share (contribution=0.004): Same signal as first_time_contributor_count, expressed as a share of all contributors.",Cross-check against recent actual bug trends for this repository before relying heavily on this signal alone -- it partly reflects a documented training-period drift pattern that may not hold indefinitely (see the Target-Variable Definition document).,"A very high commit count (a large release) may warrant proportionally more testing time; a very low count paired with elevated risk may indicate the release was small but touched a disproportionately risky area of the codebase -- review change scope, not just change volume.",See first_time_contributor_count recommendation.,train
64270464,microsoft/vscode,0.4720689353990831,High,"release_sequence (contribution=0.047): This release's position in its repository's history is associated with elevated risk (a project-wide finding, strongest and most consistent signal across every analysis method used).",pct_merged (contribution=0.004): The share of this cycle's PRs that were merged (vs. closed unmerged) is unusually high or low.,"median_time_to_merge_hours (contribution=0.002): Same signal as avg_time_to_merge_hours, less sensitive to a few outlier PRs.",Cross-check against recent actual bug trends for this repository before relying heavily on this signal alone -- it partly reflects a documented training-period drift pattern that may not hold indefinitely (see the Target-Variable Definition document).,A low merge rate paired with elevated risk may indicate churn or disagreement during review; investigate closed-unmerged PRs for recurring concerns.,See avg_time_to_merge_hours recommendation.,train
66150183,microsoft/vscode,0.48761310963473353,High,"release_sequence (contribution=0.046): This release's position in its repository's history is associated with elevated risk (a project-wide finding, strongest and most consistent signal across every analysis method used).",commit_count (contribution=0.020): The volume of commits before this release is unusually high or low.,avg_time_to_merge_hours (contribution=0.005): Pull requests before this release merged unusually quickly or slowly on average.,Cross-check against recent actual bug trends for this repository before relying heavily on this signal alone -- it partly reflects a documented training-period drift pattern that may not hold indefinitely (see the Target-Variable Definition document).,"A very high commit count (a large release) may warrant proportionally more testing time; a very low count paired with elevated risk may indicate the release was small but touched a disproportionately risky area of the codebase -- review change scope, not just change volume.",Very fast merging paired with elevated risk may indicate reduced review scrutiny; consider a second reviewer pass on the highest-impact changes before shipping.,train
66499794,microsoft/vscode,0.4697485915553746,High,"release_sequence (contribution=0.044): This release's position in its repository's history is associated with elevated risk (a project-wide finding, strongest and most consistent signal across every analysis method used).",avg_time_to_merge_hours (contribution=0.005): Pull requests before this release merged unusually quickly or slowly on average.,"median_time_to_merge_hours (contribution=0.003): Same signal as avg_time_to_merge_hours, less sensitive to a few outlier PRs.",Cross-check against recent actual bug trends for this repository before relying heavily on this signal alone -- it partly reflects a documented training-period drift pattern that may not hold indefinitely (see the Target-Variable Definition document).,Very fast merging paired with elevated risk may indicate reduced review scrutiny; consider a second reviewer pass on the highest-impact changes before shipping.,See avg_time_to_merge_hours recommendation.,train
67208072,microsoft/vscode,0.4722313271720063,High,"release_sequence (contribution=0.043): This release's position in its repository's history is associated with elevated risk (a project-wide finding, strongest and most consistent signal across every analysis method used).",avg_time_to_merge_hours (contribution=0.005): Pull requests before this release merged unusually quickly or slowly on average.,"median_time_to_merge_hours (contribution=0.003): Same signal as avg_time_to_merge_hours, less sensitive to a few outlier PRs.",Cross-check against recent actual bug trends for this repository before relying heavily on this signal alone -- it partly reflects a documented training-period drift pattern that may not hold indefinitely (see the Target-Variable Definition document).,Very fast merging paired with elevated risk may indicate reduced review scrutiny; consider a second reviewer pass on the highest-impact changes before shipping.,See avg_time_to_merge_hours recommendation.,train
69088479,microsoft/vscode,0.4945860927077906,High,"release_sequence (contribution=0.042): This release's position in its repository's history is associated with elevated risk (a project-wide finding, strongest and most consistent signal across every analysis method used).","first_time_contributor_share (contribution=0.023): Same signal as first_time_contributor_count, expressed as a share of all contributors.",commit_count (contribution=0.020): The volume of commits before this release is unusually high or low.,Cross-check against recent actual bug trends for this repository before relying heavily on this signal alone -- it partly reflects a documented training-period drift pattern that may not hold indefinitely (see the Target-Variable Definition document).,See first_time_contributor_count recommendation.,"A very high commit count (a large release) may warrant proportionally more testing time; a very low count paired with elevated risk may indicate the release was small but touched a disproportionately risky area of the codebase -- review change scope, not just change volume.",train
69548231,microsoft/vscode,0.47426410205733466,High,"release_sequence (contribution=0.041): This release's position in its repository's history is associated with elevated risk (a project-wide finding, strongest and most consistent signal across every analysis method used).",avg_time_to_merge_hours (contribution=0.006): Pull requests before this release merged unusually quickly or slowly on average.,commit_count (contribution=0.003): The volume of commits before this release is unusually high or low.,Cross-check against recent actual bug trends for this repository before relying heavily on this signal alone -- it partly reflects a documented training-period drift pattern that may not hold indefinitely (see the Target-Variable Definition document).,Very fast merging paired with elevated risk may indicate reduced review scrutiny; consider a second reviewer pass on the highest-impact changes before shipping.,"A very high commit count (a large release) may warrant proportionally more testing time; a very low count paired with elevated risk may indicate the release was small but touched a disproportionately risky area of the codebase -- review change scope, not just change volume.",train
71502038,microsoft/vscode,0.4917714945246388,High,"release_sequence (contribution=0.040): This release's position in its repository's history is associated with elevated risk (a project-wide finding, strongest and most consistent signal across every analysis method used).",commit_count (contribution=0.036): The volume of commits before this release is unusually high or low.,pr_count (contribution=0.009): The number of pull requests merged before this release is unusually high or low.,Cross-check against recent actual bug trends for this repository before relying heavily on this signal alone -- it partly reflects a documented training-period drift pattern that may not hold indefinitely (see the Target-Variable Definition document).,"A very high commit count (a large release) may warrant proportionally more testing time; a very low count paired with elevated risk may indicate the release was small but touched a disproportionately risky area of the codebase -- review change scope, not just change volume.",Consider whether review capacity kept pace with PR volume for this release cycle.,train
71824091,microsoft/vscode,0.47075180269192035,High,"release_sequence (contribution=0.039): This release's position in its repository's history is associated with elevated risk (a project-wide finding, strongest and most consistent signal across every analysis method used).",avg_time_to_merge_hours (contribution=0.005): Pull requests before this release merged unusually quickly or slowly on average.,"median_time_to_merge_hours (contribution=0.003): Same signal as avg_time_to_merge_hours, less sensitive to a few outlier PRs.",Cross-check against recent actual bug trends for this repository before relying heavily on this signal alone -- it partly reflects a documented training-period drift pattern that may not hold indefinitely (see the Target-Variable Definition document).,Very fast merging paired with elevated risk may indicate reduced review scrutiny; consider a second reviewer pass on the highest-impact changes before shipping.,See avg_time_to_merge_hours recommendation.,train
72267785,microsoft/vscode,0.47144620863519593,High,"release_sequence (contribution=0.037): This release's position in its repository's history is associated with elevated risk (a project-wide finding, strongest and most consistent signal across every analysis method used).",avg_time_to_merge_hours (contribution=0.005): Pull requests before this release merged unusually quickly or slowly on average.,"median_time_to_merge_hours (contribution=0.003): Same signal as avg_time_to_merge_hours, less sensitive to a few outlier PRs.",Cross-check against recent actual bug trends for this repository before relying heavily on this signal alone -- it partly reflects a documented training-period drift pattern that may not hold indefinitely (see the Target-Variable Definition document).,Very fast merging paired with elevated risk may indicate reduced review scrutiny; consider a second reviewer pass on the highest-impact changes before shipping.,See avg_time_to_merge_hours recommendation.,train
73681305,microsoft/vscode,0.4921383850086461,High,"release_sequence (contribution=0.036): This release's position in its repository's history is associated with elevated risk (a project-wide finding, strongest and most consistent signal across every analysis method used).",commit_count (contribution=0.020): The volume of commits before this release is unusually high or low.,"first_time_contributor_share (contribution=0.014): Same signal as first_time_contributor_count, expressed as a share of all contributors.",Cross-check against recent actual bug trends for this repository before relying heavily on this signal alone -- it partly reflects a documented training-period drift pattern that may not hold indefinitely (see the Target-Variable Definition document).,"A very high commit count (a large release) may warrant proportionally more testing time; a very low count paired with elevated risk may indicate the release was small but touched a disproportionately risky area of the codebase -- review change scope, not just change volume.",See first_time_contributor_count recommendation.,train
74130772,microsoft/vscode,0.4765932268402886,High,"release_sequence (contribution=0.035): This release's position in its repository's history is associated with elevated risk (a project-wide finding, strongest and most consistent signal across every analysis method used).",avg_time_to_merge_hours (contribution=0.003): Pull requests before this release merged unusually quickly or slowly on average.,"median_time_to_merge_hours (contribution=0.003): Same signal as avg_time_to_merge_hours, less sensitive to a few outlier PRs.",Cross-check against recent actual bug trends for this repository before relying heavily on this signal alone -- it partly reflects a documented training-period drift pattern that may not hold indefinitely (see the Target-Variable Definition document).,Very fast merging paired with elevated risk may indicate reduced review scrutiny; consider a second reviewer pass on the highest-impact changes before shipping.,See avg_time_to_merge_hours recommendation.,train
74651367,microsoft/vscode,0.471907865256914,High,"release_sequence (contribution=0.034): This release's position in its repository's history is associated with elevated risk (a project-wide finding, strongest and most consistent signal across every analysis method used).",avg_time_to_merge_hours (contribution=0.005): Pull requests before this release merged unusually quickly or slowly on average.,"median_time_to_merge_hours (contribution=0.003): Same signal as avg_time_to_merge_hours, less sensitive to a few outlier PRs.",Cross-check against recent actual bug trends for this repository before relying heavily on this signal alone -- it partly reflects a documented training-period drift pattern that may not hold indefinitely (see the Target-Variable Definition document).,Very fast merging paired with elevated risk may indicate reduced review scrutiny; consider a second reviewer pass on the highest-impact changes before shipping.,See avg_time_to_merge_hours recommendation.,train
76071146,microsoft/vscode,0.4821834776763235,High,"release_sequence (contribution=0.033): This release's position in its repository's history is associated with elevated risk (a project-wide finding, strongest and most consistent signal across every analysis method used).",commit_count (contribution=0.015): The volume of commits before this release is unusually high or low.,avg_time_to_merge_hours (contribution=0.005): Pull requests before this release merged unusually quickly or slowly on average.,Cross-check against recent actual bug trends for this repository before relying heavily on this signal alone -- it partly reflects a documented training-period drift pattern that may not hold indefinitely (see the Target-Variable Definition document).,"A very high commit count (a large release) may warrant proportionally more testing time; a very low count paired with elevated risk may indicate the release was small but touched a disproportionately risky area of the codebase -- review change scope, not just change volume.",Very fast merging paired with elevated risk may indicate reduced review scrutiny; consider a second reviewer pass on the highest-impact changes before shipping.,train
77034280,microsoft/vscode,0.47847690292328193,High,"release_sequence (contribution=0.031): This release's position in its repository's history is associated with elevated risk (a project-wide finding, strongest and most consistent signal across every analysis method used).",commit_count (contribution=0.005): The volume of commits before this release is unusually high or low.,avg_time_to_merge_hours (contribution=0.005): Pull requests before this release merged unusually quickly or slowly on average.,Cross-check against recent actual bug trends for this repository before relying heavily on this signal alone -- it partly reflects a documented training-period drift pattern that may not hold indefinitely (see the Target-Variable Definition document).,"A very high commit count (a large release) may warrant proportionally more testing time; a very low count paired with elevated risk may indicate the release was small but touched a disproportionately risky area of the codebase -- review change scope, not just change volume.",Very fast merging paired with elevated risk may indicate reduced review scrutiny; consider a second reviewer pass on the highest-impact changes before shipping.,train
77323275,microsoft/vscode,0.4707289138248567,High,"release_sequence (contribution=0.030): This release's position in its repository's history is associated with elevated risk (a project-wide finding, strongest and most consistent signal across every analysis method used).",avg_time_to_merge_hours (contribution=0.005): Pull requests before this release merged unusually quickly or slowly on average.,"open_bugs_at_release_repo_z (contribution=0.004): The pre-release open-bug backlog is unusually high or low relative to THIS REPOSITORY'S OWN typical level (a repo-normalized value, not a raw count -- see the raw open_bugs_at_release column for the actual count). NOTE: this relationship runs in OPPOSITE directions for microsoft/vscode versus kubernetes/kubernetes and apache/airflow -- confirm which repository this release belongs to before interpreting the direction.",Cross-check against recent actual bug trends for this repository before relying heavily on this signal alone -- it partly reflects a documented training-period drift pattern that may not hold indefinitely (see the Target-Variable Definition document).,Very fast merging paired with elevated risk may indicate reduced review scrutiny; consider a second reviewer pass on the highest-impact changes before shipping.,For kubernetes/kubernetes or apache/airflow: a high backlog suggests unresolved technical debt risk -- consider prioritizing backlog triage before this release ships. For microsoft/vscode: a LOW backlog was associated with higher risk in this dataset -- investigate whether this reflects under-reporting rather than genuine stability before treating it as reassuring.,train
79195907,microsoft/vscode,0.49552530713351445,High,"release_sequence (contribution=0.029): This release's position in its repository's history is associated with elevated risk (a project-wide finding, strongest and most consistent signal across every analysis method used).",commit_count (contribution=0.026): The volume of commits before this release is unusually high or low.,"first_time_contributor_share (contribution=0.013): Same signal as first_time_contributor_count, expressed as a share of all contributors.",Cross-check against recent actual bug trends for this repository before relying heavily on this signal alone -- it partly reflects a documented training-period drift pattern that may not hold indefinitely (see the Target-Variable Definition document).,"A very high commit count (a large release) may warrant proportionally more testing time; a very low count paired with elevated risk may indicate the release was small but touched a disproportionately risky area of the codebase -- review change scope, not just change volume.",See first_time_contributor_count recommendation.,train
79559974,microsoft/vscode,0.47379009269453937,High,"release_sequence (contribution=0.028): This release's position in its repository's history is associated with elevated risk (a project-wide finding, strongest and most consistent signal across every analysis method used).","open_bugs_at_release_repo_z (contribution=0.006): The pre-release open-bug backlog is unusually high or low relative to THIS REPOSITORY'S OWN typical level (a repo-normalized value, not a raw count -- see the raw open_bugs_at_release column for the actual count). NOTE: this relationship runs in OPPOSITE directions for microsoft/vscode versus kubernetes/kubernetes and apache/airflow -- confirm which repository this release belongs to before interpreting the direction.",avg_time_to_merge_hours (contribution=0.005): Pull requests before this release merged unusually quickly or slowly on average.,Cross-check against recent actual bug trends for this repository before relying heavily on this signal alone -- it partly reflects a documented training-period drift pattern that may not hold indefinitely (see the Target-Variable Definition document).,For kubernetes/kubernetes or apache/airflow: a high backlog suggests unresolved technical debt risk -- consider prioritizing backlog triage before this release ships. For microsoft/vscode: a LOW backlog was associated with higher risk in this dataset -- investigate whether this reflects under-reporting rather than genuine stability before treating it as reassuring.,Very fast merging paired with elevated risk may indicate reduced review scrutiny; consider a second reviewer pass on the highest-impact changes before shipping.,train
81875229,microsoft/vscode,0.49342669402924766,High,"release_sequence (contribution=0.027): This release's position in its repository's history is associated with elevated risk (a project-wide finding, strongest and most consistent signal across every analysis method used).",commit_count (contribution=0.024): The volume of commits before this release is unusually high or low.,pr_count (contribution=0.008): The number of pull requests merged before this release is unusually high or low.,Cross-check against recent actual bug trends for this repository before relying heavily on this signal alone -- it partly reflects a documented training-period drift pattern that may not hold indefinitely (see the Target-Variable Definition document).,"A very high commit count (a large release) may warrant proportionally more testing time; a very low count paired with elevated risk may indicate the release was small but touched a disproportionately risky area of the codebase -- review change scope, not just change volume.",Consider whether review capacity kept pace with PR volume for this release cycle.,train
82594810,microsoft/vscode,0.480025545956254,High,"release_sequence (contribution=0.026): This release's position in its repository's history is associated with elevated risk (a project-wide finding, strongest and most consistent signal across every analysis method used).","open_bugs_at_release_repo_z (contribution=0.009): The pre-release open-bug backlog is unusually high or low relative to THIS REPOSITORY'S OWN typical level (a repo-normalized value, not a raw count -- see the raw open_bugs_at_release column for the actual count). NOTE: this relationship runs in OPPOSITE directions for microsoft/vscode versus kubernetes/kubernetes and apache/airflow -- confirm which repository this release belongs to before interpreting the direction.",avg_time_to_merge_hours (contribution=0.005): Pull requests before this release merged unusually quickly or slowly on average.,Cross-check against recent actual bug trends for this repository before relying heavily on this signal alone -- it partly reflects a documented training-period drift pattern that may not hold indefinitely (see the Target-Variable Definition document).,For kubernetes/kubernetes or apache/airflow: a high backlog suggests unresolved technical debt risk -- consider prioritizing backlog triage before this release ships. For microsoft/vscode: a LOW backlog was associated with higher risk in this dataset -- investigate whether this reflects under-reporting rather than genuine stability before treating it as reassuring.,Very fast merging paired with elevated risk may indicate reduced review scrutiny; consider a second reviewer pass on the highest-impact changes before shipping.,train
85353072,microsoft/vscode,0.5052035969864983,High,commit_count (contribution=0.037): The volume of commits before this release is unusually high or low.,"release_sequence (contribution=0.024): This release's position in its repository's history is associated with elevated risk (a project-wide finding, strongest and most consistent signal across every analysis method used).","first_time_contributor_share (contribution=0.024): Same signal as first_time_contributor_count, expressed as a share of all contributors.","A very high commit count (a large release) may warrant proportionally more testing time; a very low count paired with elevated risk may indicate the release was small but touched a disproportionately risky area of the codebase -- review change scope, not just change volume.",Cross-check against recent actual bug trends for this repository before relying heavily on this signal alone -- it partly reflects a documented training-period drift pattern that may not hold indefinitely (see the Target-Variable Definition document).,See first_time_contributor_count recommendation.,train
86140126,microsoft/vscode,0.4791724738876442,High,"release_sequence (contribution=0.023): This release's position in its repository's history is associated with elevated risk (a project-wide finding, strongest and most consistent signal across every analysis method used).",avg_time_to_merge_hours (contribution=0.006): Pull requests before this release merged unusually quickly or slowly on average.,"first_time_contributor_share (contribution=0.005): Same signal as first_time_contributor_count, expressed as a share of all contributors.",Cross-check against recent actual bug trends for this repository before relying heavily on this signal alone -- it partly reflects a documented training-period drift pattern that may not hold indefinitely (see the Target-Variable Definition document).,Very fast merging paired with elevated risk may indicate reduced review scrutiny; consider a second reviewer pass on the highest-impact changes before shipping.,See first_time_contributor_count recommendation.,train
79815982,microsoft/vscode,0.4817728086606336,High,"release_sequence (contribution=0.022): This release's position in its repository's history is associated with elevated risk (a project-wide finding, strongest and most consistent signal across every analysis method used).",avg_time_to_merge_hours (contribution=0.005): Pull requests before this release merged unusually quickly or slowly on average.,"median_time_to_merge_hours (contribution=0.003): Same signal as avg_time_to_merge_hours, less sensitive to a few outlier PRs.",Cross-check against recent actual bug trends for this repository before relying heavily on this signal alone -- it partly reflects a documented training-period drift pattern that may not hold indefinitely (see the Target-Variable Definition document).,Very fast merging paired with elevated risk may indicate reduced review scrutiny; consider a second reviewer pass on the highest-impact changes before shipping.,See avg_time_to_merge_hours recommendation.,train
86689083,microsoft/vscode,0.4695801380099141,High,"release_sequence (contribution=0.021): This release's position in its repository's history is associated with elevated risk (a project-wide finding, strongest and most consistent signal across every analysis method used).",avg_time_to_merge_hours (contribution=0.006): Pull requests before this release merged unusually quickly or slowly on average.,"median_time_to_merge_hours (contribution=0.003): Same signal as avg_time_to_merge_hours, less sensitive to a few outlier PRs.",Cross-check against recent actual bug trends for this repository before relying heavily on this signal alone -- it partly reflects a documented training-period drift pattern that may not hold indefinitely (see the Target-Variable Definition document).,Very fast merging paired with elevated risk may indicate reduced review scrutiny; consider a second reviewer pass on the highest-impact changes before shipping.,See avg_time_to_merge_hours recommendation.,train
88483006,microsoft/vscode,0.47361315014208477,High,"release_sequence (contribution=0.020): This release's position in its repository's history is associated with elevated risk (a project-wide finding, strongest and most consistent signal across every analysis method used).",commit_count (contribution=0.012): The volume of commits before this release is unusually high or low.,avg_time_to_merge_hours (contribution=0.006): Pull requests before this release merged unusually quickly or slowly on average.,Cross-check against recent actual bug trends for this repository before relying heavily on this signal alone -- it partly reflects a documented training-period drift pattern that may not hold indefinitely (see the Target-Variable Definition document).,"A very high commit count (a large release) may warrant proportionally more testing time; a very low count paired with elevated risk may indicate the release was small but touched a disproportionately risky area of the codebase -- review change scope, not just change volume.",Very fast merging paired with elevated risk may indicate reduced review scrutiny; consider a second reviewer pass on the highest-impact changes before shipping.,train
91182971,microsoft/vscode,0.48763488567094443,High,commit_count (contribution=0.033): The volume of commits before this release is unusually high or low.,"release_sequence (contribution=0.019): This release's position in its repository's history is associated with elevated risk (a project-wide finding, strongest and most consistent signal across every analysis method used).","first_time_contributor_share (contribution=0.014): Same signal as first_time_contributor_count, expressed as a share of all contributors.","A very high commit count (a large release) may warrant proportionally more testing time; a very low count paired with elevated risk may indicate the release was small but touched a disproportionately risky area of the codebase -- review change scope, not just change volume.",Cross-check against recent actual bug trends for this repository before relying heavily on this signal alone -- it partly reflects a documented training-period drift pattern that may not hold indefinitely (see the Target-Variable Definition document).,See first_time_contributor_count recommendation.,train
91935081,microsoft/vscode,0.4669120695528157,High,"release_sequence (contribution=0.017): This release's position in its repository's history is associated with elevated risk (a project-wide finding, strongest and most consistent signal across every analysis method used).","median_time_to_merge_hours (contribution=0.003): Same signal as avg_time_to_merge_hours, less sensitive to a few outlier PRs.",avg_time_to_merge_hours (contribution=0.003): Pull requests before this release merged unusually quickly or slowly on average.,Cross-check against recent actual bug trends for this repository before relying heavily on this signal alone -- it partly reflects a documented training-period drift pattern that may not hold indefinitely (see the Target-Variable Definition document).,See avg_time_to_merge_hours recommendation.,Very fast merging paired with elevated risk may indicate reduced review scrutiny; consider a second reviewer pass on the highest-impact changes before shipping.,train
94139371,microsoft/vscode,0.4812903835709949,High,commit_count (contribution=0.021): The volume of commits before this release is unusually high or low.,"release_sequence (contribution=0.016): This release's position in its repository's history is associated with elevated risk (a project-wide finding, strongest and most consistent signal across every analysis method used).","first_time_contributor_share (contribution=0.006): Same signal as first_time_contributor_count, expressed as a share of all contributors.","A very high commit count (a large release) may warrant proportionally more testing time; a very low count paired with elevated risk may indicate the release was small but touched a disproportionately risky area of the codebase -- review change scope, not just change volume.",Cross-check against recent actual bug trends for this repository before relying heavily on this signal alone -- it partly reflects a documented training-period drift pattern that may not hold indefinitely (see the Target-Variable Definition document).,See first_time_contributor_count recommendation.,train
95113631,microsoft/vscode,0.4728245256219374,High,"release_sequence (contribution=0.015): This release's position in its repository's history is associated with elevated risk (a project-wide finding, strongest and most consistent signal across every analysis method used).",commit_count (contribution=0.006): The volume of commits before this release is unusually high or low.,avg_time_to_merge_hours (contribution=0.005): Pull requests before this release merged unusually quickly or slowly on average.,Cross-check against recent actual bug trends for this repository before relying heavily on this signal alone -- it partly reflects a documented training-period drift pattern that may not hold indefinitely (see the Target-Variable Definition document).,"A very high commit count (a large release) may warrant proportionally more testing time; a very low count paired with elevated risk may indicate the release was small but touched a disproportionately risky area of the codebase -- review change scope, not just change volume.",Very fast merging paired with elevated risk may indicate reduced review scrutiny; consider a second reviewer pass on the highest-impact changes before shipping.,train
95724132,microsoft/vscode,0.467385808050367,High,"release_sequence (contribution=0.014): This release's position in its repository's history is associated with elevated risk (a project-wide finding, strongest and most consistent signal across every analysis method used).",avg_time_to_merge_hours (contribution=0.006): Pull requests before this release merged unusually quickly or slowly on average.,"open_bugs_at_release_repo_z (contribution=0.003): The pre-release open-bug backlog is unusually high or low relative to THIS REPOSITORY'S OWN typical level (a repo-normalized value, not a raw count -- see the raw open_bugs_at_release column for the actual count). NOTE: this relationship runs in OPPOSITE directions for microsoft/vscode versus kubernetes/kubernetes and apache/airflow -- confirm which repository this release belongs to before interpreting the direction.",Cross-check against recent actual bug trends for this repository before relying heavily on this signal alone -- it partly reflects a documented training-period drift pattern that may not hold indefinitely (see the Target-Variable Definition document).,Very fast merging paired with elevated risk may indicate reduced review scrutiny; consider a second reviewer pass on the highest-impact changes before shipping.,For kubernetes/kubernetes or apache/airflow: a high backlog suggests unresolved technical debt risk -- consider prioritizing backlog triage before this release ships. For microsoft/vscode: a LOW backlog was associated with higher risk in this dataset -- investigate whether this reflects under-reporting rather than genuine stability before treating it as reassuring.,train
97531004,microsoft/vscode,0.48414085918693034,High,commit_count (contribution=0.027): The volume of commits before this release is unusually high or low.,"release_sequence (contribution=0.013): This release's position in its repository's history is associated with elevated risk (a project-wide finding, strongest and most consistent signal across every analysis method used).","first_time_contributor_share (contribution=0.009): Same signal as first_time_contributor_count, expressed as a share of all contributors.","A very high commit count (a large release) may warrant proportionally more testing time; a very low count paired with elevated risk may indicate the release was small but touched a disproportionately risky area of the codebase -- review change scope, not just change volume.",Cross-check against recent actual bug trends for this repository before relying heavily on this signal alone -- it partly reflects a documented training-period drift pattern that may not hold indefinitely (see the Target-Variable Definition document).,See first_time_contributor_count recommendation.,train
98217566,microsoft/vscode,0.4626798506683448,High,"release_sequence (contribution=0.012): This release's position in its repository's history is associated with elevated risk (a project-wide finding, strongest and most consistent signal across every analysis method used).",avg_time_to_merge_hours (contribution=0.005): Pull requests before this release merged unusually quickly or slowly on average.,"open_bugs_at_release_repo_z (contribution=0.004): The pre-release open-bug backlog is unusually high or low relative to THIS REPOSITORY'S OWN typical level (a repo-normalized value, not a raw count -- see the raw open_bugs_at_release column for the actual count). NOTE: this relationship runs in OPPOSITE directions for microsoft/vscode versus kubernetes/kubernetes and apache/airflow -- confirm which repository this release belongs to before interpreting the direction.",Cross-check against recent actual bug trends for this repository before relying heavily on this signal alone -- it partly reflects a documented training-period drift pattern that may not hold indefinitely (see the Target-Variable Definition document).,Very fast merging paired with elevated risk may indicate reduced review scrutiny; consider a second reviewer pass on the highest-impact changes before shipping.,For kubernetes/kubernetes or apache/airflow: a high backlog suggests unresolved technical debt risk -- consider prioritizing backlog triage before this release ships. For microsoft/vscode: a LOW backlog was associated with higher risk in this dataset -- investigate whether this reflects under-reporting rather than genuine stability before treating it as reassuring.,train
98954070,microsoft/vscode,0.46551949338715826,High,"release_sequence (contribution=0.010): This release's position in its repository's history is associated with elevated risk (a project-wide finding, strongest and most consistent signal across every analysis method used).","open_bugs_at_release_repo_z (contribution=0.005): The pre-release open-bug backlog is unusually high or low relative to THIS REPOSITORY'S OWN typical level (a repo-normalized value, not a raw count -- see the raw open_bugs_at_release column for the actual count). NOTE: this relationship runs in OPPOSITE directions for microsoft/vscode versus kubernetes/kubernetes and apache/airflow -- confirm which repository this release belongs to before interpreting the direction.",avg_time_to_merge_hours (contribution=0.005): Pull requests before this release merged unusually quickly or slowly on average.,Cross-check against recent actual bug trends for this repository before relying heavily on this signal alone -- it partly reflects a documented training-period drift pattern that may not hold indefinitely (see the Target-Variable Definition document).,For kubernetes/kubernetes or apache/airflow: a high backlog suggests unresolved technical debt risk -- consider prioritizing backlog triage before this release ships. For microsoft/vscode: a LOW backlog was associated with higher risk in this dataset -- investigate whether this reflects under-reporting rather than genuine stability before treating it as reassuring.,Very fast merging paired with elevated risk may indicate reduced review scrutiny; consider a second reviewer pass on the highest-impact changes before shipping.,train
99179067,microsoft/vscode,0.45912112365168734,High,"release_sequence (contribution=0.009): This release's position in its repository's history is associated with elevated risk (a project-wide finding, strongest and most consistent signal across every analysis method used).",avg_time_to_merge_hours (contribution=0.006): Pull requests before this release merged unusually quickly or slowly on average.,"open_bugs_at_release_repo_z (contribution=0.005): The pre-release open-bug backlog is unusually high or low relative to THIS REPOSITORY'S OWN typical level (a repo-normalized value, not a raw count -- see the raw open_bugs_at_release column for the actual count). NOTE: this relationship runs in OPPOSITE directions for microsoft/vscode versus kubernetes/kubernetes and apache/airflow -- confirm which repository this release belongs to before interpreting the direction.",Cross-check against recent actual bug trends for this repository before relying heavily on this signal alone -- it partly reflects a documented training-period drift pattern that may not hold indefinitely (see the Target-Variable Definition document).,Very fast merging paired with elevated risk may indicate reduced review scrutiny; consider a second reviewer pass on the highest-impact changes before shipping.,For kubernetes/kubernetes or apache/airflow: a high backlog suggests unresolved technical debt risk -- consider prioritizing backlog triage before this release ships. For microsoft/vscode: a LOW backlog was associated with higher risk in this dataset -- investigate whether this reflects under-reporting rather than genuine stability before treating it as reassuring.,train
101788867,microsoft/vscode,0.48239672289640473,High,commit_count (contribution=0.028): The volume of commits before this release is unusually high or low.,"release_sequence (contribution=0.008): This release's position in its repository's history is associated with elevated risk (a project-wide finding, strongest and most consistent signal across every analysis method used).","first_time_contributor_share (contribution=0.006): Same signal as first_time_contributor_count, expressed as a share of all contributors.","A very high commit count (a large release) may warrant proportionally more testing time; a very low count paired with elevated risk may indicate the release was small but touched a disproportionately risky area of the codebase -- review change scope, not just change volume.",Cross-check against recent actual bug trends for this repository before relying heavily on this signal alone -- it partly reflects a documented training-period drift pattern that may not hold indefinitely (see the Target-Variable Definition document).,See first_time_contributor_count recommendation.,train
102384496,microsoft/vscode,0.45813840230959374,High,"open_bugs_at_release_repo_z (contribution=0.008): The pre-release open-bug backlog is unusually high or low relative to THIS REPOSITORY'S OWN typical level (a repo-normalized value, not a raw count -- see the raw open_bugs_at_release column for the actual count). NOTE: this relationship runs in OPPOSITE directions for microsoft/vscode versus kubernetes/kubernetes and apache/airflow -- confirm which repository this release belongs to before interpreting the direction.","release_sequence (contribution=0.007): This release's position in its repository's history is associated with elevated risk (a project-wide finding, strongest and most consistent signal across every analysis method used).","median_time_to_merge_hours (contribution=0.003): Same signal as avg_time_to_merge_hours, less sensitive to a few outlier PRs.",For kubernetes/kubernetes or apache/airflow: a high backlog suggests unresolved technical debt risk -- consider prioritizing backlog triage before this release ships. For microsoft/vscode: a LOW backlog was associated with higher risk in this dataset -- investigate whether this reflects under-reporting rather than genuine stability before treating it as reassuring.,Cross-check against recent actual bug trends for this repository before relying heavily on this signal alone -- it partly reflects a documented training-period drift pattern that may not hold indefinitely (see the Target-Variable Definition document).,See avg_time_to_merge_hours recommendation.,train
102722107,microsoft/vscode,0.46104307576678927,High,"open_bugs_at_release_repo_z (contribution=0.008): The pre-release open-bug backlog is unusually high or low relative to THIS REPOSITORY'S OWN typical level (a repo-normalized value, not a raw count -- see the raw open_bugs_at_release column for the actual count). NOTE: this relationship runs in OPPOSITE directions for microsoft/vscode versus kubernetes/kubernetes and apache/airflow -- confirm which repository this release belongs to before interpreting the direction.","release_sequence (contribution=0.006): This release's position in its repository's history is associated with elevated risk (a project-wide finding, strongest and most consistent signal across every analysis method used).",avg_time_to_merge_hours (contribution=0.003): Pull requests before this release merged unusually quickly or slowly on average.,For kubernetes/kubernetes or apache/airflow: a high backlog suggests unresolved technical debt risk -- consider prioritizing backlog triage before this release ships. For microsoft/vscode: a LOW backlog was associated with higher risk in this dataset -- investigate whether this reflects under-reporting rather than genuine stability before treating it as reassuring.,Cross-check against recent actual bug trends for this repository before relying heavily on this signal alone -- it partly reflects a documented training-period drift pattern that may not hold indefinitely (see the Target-Variable Definition document).,Very fast merging paired with elevated risk may indicate reduced review scrutiny; consider a second reviewer pass on the highest-impact changes before shipping.,train
107875358,microsoft/vscode,0.48825264928463014,High,commit_count (contribution=0.046): The volume of commits before this release is unusually high or low.,pr_count (contribution=0.009): The number of pull requests merged before this release is unusually high or low.,"first_time_contributor_share (contribution=0.008): Same signal as first_time_contributor_count, expressed as a share of all contributors.","A very high commit count (a large release) may warrant proportionally more testing time; a very low count paired with elevated risk may indicate the release was small but touched a disproportionately risky area of the codebase -- review change scope, not just change volume.",Consider whether review capacity kept pace with PR volume for this release cycle.,See first_time_contributor_count recommendation.,train
108419575,microsoft/vscode,0.45473973821384017,High,"open_bugs_at_release_repo_z (contribution=0.009): The pre-release open-bug backlog is unusually high or low relative to THIS REPOSITORY'S OWN typical level (a repo-normalized value, not a raw count -- see the raw open_bugs_at_release column for the actual count). NOTE: this relationship runs in OPPOSITE directions for microsoft/vscode versus kubernetes/kubernetes and apache/airflow -- confirm which repository this release belongs to before interpreting the direction.","release_sequence (contribution=0.003): This release's position in its repository's history is associated with elevated risk (a project-wide finding, strongest and most consistent signal across every analysis method used).",avg_time_to_merge_hours (contribution=0.003): Pull requests before this release merged unusually quickly or slowly on average.,For kubernetes/kubernetes or apache/airflow: a high backlog suggests unresolved technical debt risk -- consider prioritizing backlog triage before this release ships. For microsoft/vscode: a LOW backlog was associated with higher risk in this dataset -- investigate whether this reflects under-reporting rather than genuine stability before treating it as reassuring.,Cross-check against recent actual bug trends for this repository before relying heavily on this signal alone -- it partly reflects a documented training-period drift pattern that may not hold indefinitely (see the Target-Variable Definition document).,Very fast merging paired with elevated risk may indicate reduced review scrutiny; consider a second reviewer pass on the highest-impact changes before shipping.,train
108764918,microsoft/vscode,0.45516398134293184,High,"open_bugs_at_release_repo_z (contribution=0.010): The pre-release open-bug backlog is unusually high or low relative to THIS REPOSITORY'S OWN typical level (a repo-normalized value, not a raw count -- see the raw open_bugs_at_release column for the actual count). NOTE: this relationship runs in OPPOSITE directions for microsoft/vscode versus kubernetes/kubernetes and apache/airflow -- confirm which repository this release belongs to before interpreting the direction.",avg_time_to_merge_hours (contribution=0.006): Pull requests before this release merged unusually quickly or slowly on average.,"median_time_to_merge_hours (contribution=0.003): Same signal as avg_time_to_merge_hours, less sensitive to a few outlier PRs.",For kubernetes/kubernetes or apache/airflow: a high backlog suggests unresolved technical debt risk -- consider prioritizing backlog triage before this release ships. For microsoft/vscode: a LOW backlog was associated with higher risk in this dataset -- investigate whether this reflects under-reporting rather than genuine stability before treating it as reassuring.,Very fast merging paired with elevated risk may indicate reduced review scrutiny; consider a second reviewer pass on the highest-impact changes before shipping.,See avg_time_to_merge_hours recommendation.,train
111301684,microsoft/vscode,0.4806864906925763,High,commit_count (contribution=0.034): The volume of commits before this release is unusually high or low.,"open_bugs_at_release_repo_z (contribution=0.012): The pre-release open-bug backlog is unusually high or low relative to THIS REPOSITORY'S OWN typical level (a repo-normalized value, not a raw count -- see the raw open_bugs_at_release column for the actual count). NOTE: this relationship runs in OPPOSITE directions for microsoft/vscode versus kubernetes/kubernetes and apache/airflow -- confirm which repository this release belongs to before interpreting the direction.",pr_count (contribution=0.006): The number of pull requests merged before this release is unusually high or low.,"A very high commit count (a large release) may warrant proportionally more testing time; a very low count paired with elevated risk may indicate the release was small but touched a disproportionately risky area of the codebase -- review change scope, not just change volume.",For kubernetes/kubernetes or apache/airflow: a high backlog suggests unresolved technical debt risk -- consider prioritizing backlog triage before this release ships. For microsoft/vscode: a LOW backlog was associated with higher risk in this dataset -- investigate whether this reflects under-reporting rather than genuine stability before treating it as reassuring.,Consider whether review capacity kept pace with PR volume for this release cycle.,train
112148927,microsoft/vscode,0.46445156704951845,High,"open_bugs_at_release_repo_z (contribution=0.013): The pre-release open-bug backlog is unusually high or low relative to THIS REPOSITORY'S OWN typical level (a repo-normalized value, not a raw count -- see the raw open_bugs_at_release column for the actual count). NOTE: this relationship runs in OPPOSITE directions for microsoft/vscode versus kubernetes/kubernetes and apache/airflow -- confirm which repository this release belongs to before interpreting the direction.",avg_time_to_merge_hours (contribution=0.004): Pull requests before this release merged unusually quickly or slowly on average.,commit_count (contribution=0.003): The volume of commits before this release is unusually high or low.,For kubernetes/kubernetes or apache/airflow: a high backlog suggests unresolved technical debt risk -- consider prioritizing backlog triage before this release ships. For microsoft/vscode: a LOW backlog was associated with higher risk in this dataset -- investigate whether this reflects under-reporting rather than genuine stability before treating it as reassuring.,Very fast merging paired with elevated risk may indicate reduced review scrutiny; consider a second reviewer pass on the highest-impact changes before shipping.,"A very high commit count (a large release) may warrant proportionally more testing time; a very low count paired with elevated risk may indicate the release was small but touched a disproportionately risky area of the codebase -- review change scope, not just change volume.",train
113907434,microsoft/vscode,0.4721302185786578,High,"open_bugs_at_release_repo_z (contribution=0.016): The pre-release open-bug backlog is unusually high or low relative to THIS REPOSITORY'S OWN typical level (a repo-normalized value, not a raw count -- see the raw open_bugs_at_release column for the actual count). NOTE: this relationship runs in OPPOSITE directions for microsoft/vscode versus kubernetes/kubernetes and apache/airflow -- confirm which repository this release belongs to before interpreting the direction.",commit_count (contribution=0.015): The volume of commits before this release is unusually high or low.,avg_time_to_merge_hours (contribution=0.005): Pull requests before this release merged unusually quickly or slowly on average.,For kubernetes/kubernetes or apache/airflow: a high backlog suggests unresolved technical debt risk -- consider prioritizing backlog triage before this release ships. For microsoft/vscode: a LOW backlog was associated with higher risk in this dataset -- investigate whether this reflects under-reporting rather than genuine stability before treating it as reassuring.,"A very high commit count (a large release) may warrant proportionally more testing time; a very low count paired with elevated risk may indicate the release was small but touched a disproportionately risky area of the codebase -- review change scope, not just change volume.",Very fast merging paired with elevated risk may indicate reduced review scrutiny; consider a second reviewer pass on the highest-impact changes before shipping.,train
115015295,microsoft/vscode,0.4573862401876746,High,"open_bugs_at_release_repo_z (contribution=0.015): The pre-release open-bug backlog is unusually high or low relative to THIS REPOSITORY'S OWN typical level (a repo-normalized value, not a raw count -- see the raw open_bugs_at_release column for the actual count). NOTE: this relationship runs in OPPOSITE directions for microsoft/vscode versus kubernetes/kubernetes and apache/airflow -- confirm which repository this release belongs to before interpreting the direction.",avg_time_to_merge_hours (contribution=0.006): Pull requests before this release merged unusually quickly or slowly on average.,"median_time_to_merge_hours (contribution=0.003): Same signal as avg_time_to_merge_hours, less sensitive to a few outlier PRs.",For kubernetes/kubernetes or apache/airflow: a high backlog suggests unresolved technical debt risk -- consider prioritizing backlog triage before this release ships. For microsoft/vscode: a LOW backlog was associated with higher risk in this dataset -- investigate whether this reflects under-reporting rather than genuine stability before treating it as reassuring.,Very fast merging paired with elevated risk may indicate reduced review scrutiny; consider a second reviewer pass on the highest-impact changes before shipping.,See avg_time_to_merge_hours recommendation.,train
115963844,microsoft/vscode,0.46277608724110925,High,"open_bugs_at_release_repo_z (contribution=0.016): The pre-release open-bug backlog is unusually high or low relative to THIS REPOSITORY'S OWN typical level (a repo-normalized value, not a raw count -- see the raw open_bugs_at_release column for the actual count). NOTE: this relationship runs in OPPOSITE directions for microsoft/vscode versus kubernetes/kubernetes and apache/airflow -- confirm which repository this release belongs to before interpreting the direction.",avg_time_to_merge_hours (contribution=0.004): Pull requests before this release merged unusually quickly or slowly on average.,"median_time_to_merge_hours (contribution=0.003): Same signal as avg_time_to_merge_hours, less sensitive to a few outlier PRs.",For kubernetes/kubernetes or apache/airflow: a high backlog suggests unresolved technical debt risk -- consider prioritizing backlog triage before this release ships. For microsoft/vscode: a LOW backlog was associated with higher risk in this dataset -- investigate whether this reflects under-reporting rather than genuine stability before treating it as reassuring.,Very fast merging paired with elevated risk may indicate reduced review scrutiny; consider a second reviewer pass on the highest-impact changes before shipping.,See avg_time_to_merge_hours recommendation.,train
120333378,microsoft/vscode,0.4898339677009901,High,commit_count (contribution=0.054): The volume of commits before this release is unusually high or low.,"open_bugs_at_release_repo_z (contribution=0.018): The pre-release open-bug backlog is unusually high or low relative to THIS REPOSITORY'S OWN typical level (a repo-normalized value, not a raw count -- see the raw open_bugs_at_release column for the actual count). NOTE: this relationship runs in OPPOSITE directions for microsoft/vscode versus kubernetes/kubernetes and apache/airflow -- confirm which repository this release belongs to before interpreting the direction.","first_time_contributor_share (contribution=0.009): Same signal as first_time_contributor_count, expressed as a share of all contributors.","A very high commit count (a large release) may warrant proportionally more testing time; a very low count paired with elevated risk may indicate the release was small but touched a disproportionately risky area of the codebase -- review change scope, not just change volume.",For kubernetes/kubernetes or apache/airflow: a high backlog suggests unresolved technical debt risk -- consider prioritizing backlog triage before this release ships. For microsoft/vscode: a LOW backlog was associated with higher risk in this dataset -- investigate whether this reflects under-reporting rather than genuine stability before treating it as reassuring.,See first_time_contributor_count recommendation.,train
120835552,microsoft/vscode,0.45809070818273007,High,"open_bugs_at_release_repo_z (contribution=0.019): The pre-release open-bug backlog is unusually high or low relative to THIS REPOSITORY'S OWN typical level (a repo-normalized value, not a raw count -- see the raw open_bugs_at_release column for the actual count). NOTE: this relationship runs in OPPOSITE directions for microsoft/vscode versus kubernetes/kubernetes and apache/airflow -- confirm which repository this release belongs to before interpreting the direction.",avg_time_to_merge_hours (contribution=0.005): Pull requests before this release merged unusually quickly or slowly on average.,"median_time_to_merge_hours (contribution=0.003): Same signal as avg_time_to_merge_hours, less sensitive to a few outlier PRs.",For kubernetes/kubernetes or apache/airflow: a high backlog suggests unresolved technical debt risk -- consider prioritizing backlog triage before this release ships. For microsoft/vscode: a LOW backlog was associated with higher risk in this dataset -- investigate whether this reflects under-reporting rather than genuine stability before treating it as reassuring.,Very fast merging paired with elevated risk may indicate reduced review scrutiny; consider a second reviewer pass on the highest-impact changes before shipping.,See avg_time_to_merge_hours recommendation.,train
121480572,microsoft/vscode,0.46266932648219256,High,"open_bugs_at_release_repo_z (contribution=0.019): The pre-release open-bug backlog is unusually high or low relative to THIS REPOSITORY'S OWN typical level (a repo-normalized value, not a raw count -- see the raw open_bugs_at_release column for the actual count). NOTE: this relationship runs in OPPOSITE directions for microsoft/vscode versus kubernetes/kubernetes and apache/airflow -- confirm which repository this release belongs to before interpreting the direction.",avg_time_to_merge_hours (contribution=0.006): Pull requests before this release merged unusually quickly or slowly on average.,"median_time_to_merge_hours (contribution=0.003): Same signal as avg_time_to_merge_hours, less sensitive to a few outlier PRs.",For kubernetes/kubernetes or apache/airflow: a high backlog suggests unresolved technical debt risk -- consider prioritizing backlog triage before this release ships. For microsoft/vscode: a LOW backlog was associated with higher risk in this dataset -- investigate whether this reflects under-reporting rather than genuine stability before treating it as reassuring.,Very fast merging paired with elevated risk may indicate reduced review scrutiny; consider a second reviewer pass on the highest-impact changes before shipping.,See avg_time_to_merge_hours recommendation.,train
123355143,microsoft/vscode,0.4653761136779027,High,"open_bugs_at_release_repo_z (contribution=0.021): The pre-release open-bug backlog is unusually high or low relative to THIS REPOSITORY'S OWN typical level (a repo-normalized value, not a raw count -- see the raw open_bugs_at_release column for the actual count). NOTE: this relationship runs in OPPOSITE directions for microsoft/vscode versus kubernetes/kubernetes and apache/airflow -- confirm which repository this release belongs to before interpreting the direction.",commit_count (contribution=0.013): The volume of commits before this release is unusually high or low.,avg_time_to_merge_hours (contribution=0.005): Pull requests before this release merged unusually quickly or slowly on average.,For kubernetes/kubernetes or apache/airflow: a high backlog suggests unresolved technical debt risk -- consider prioritizing backlog triage before this release ships. For microsoft/vscode: a LOW backlog was associated with higher risk in this dataset -- investigate whether this reflects under-reporting rather than genuine stability before treating it as reassuring.,"A very high commit count (a large release) may warrant proportionally more testing time; a very low count paired with elevated risk may indicate the release was small but touched a disproportionately risky area of the codebase -- review change scope, not just change volume.",Very fast merging paired with elevated risk may indicate reduced review scrutiny; consider a second reviewer pass on the highest-impact changes before shipping.,train
123736439,microsoft/vscode,0.4533459913357368,High,"open_bugs_at_release_repo_z (contribution=0.021): The pre-release open-bug backlog is unusually high or low relative to THIS REPOSITORY'S OWN typical level (a repo-normalized value, not a raw count -- see the raw open_bugs_at_release column for the actual count). NOTE: this relationship runs in OPPOSITE directions for microsoft/vscode versus kubernetes/kubernetes and apache/airflow -- confirm which repository this release belongs to before interpreting the direction.","median_time_to_merge_hours (contribution=0.003): Same signal as avg_time_to_merge_hours, less sensitive to a few outlier PRs.",avg_time_to_merge_hours (contribution=0.002): Pull requests before this release merged unusually quickly or slowly on average.,For kubernetes/kubernetes or apache/airflow: a high backlog suggests unresolved technical debt risk -- consider prioritizing backlog triage before this release ships. For microsoft/vscode: a LOW backlog was associated with higher risk in this dataset -- investigate whether this reflects under-reporting rather than genuine stability before treating it as reassuring.,See avg_time_to_merge_hours recommendation.,Very fast merging paired with elevated risk may indicate reduced review scrutiny; consider a second reviewer pass on the highest-impact changes before shipping.,train
124696615,microsoft/vscode,0.4688577794860477,High,"open_bugs_at_release_repo_z (contribution=0.022): The pre-release open-bug backlog is unusually high or low relative to THIS REPOSITORY'S OWN typical level (a repo-normalized value, not a raw count -- see the raw open_bugs_at_release column for the actual count). NOTE: this relationship runs in OPPOSITE directions for microsoft/vscode versus kubernetes/kubernetes and apache/airflow -- confirm which repository this release belongs to before interpreting the direction.",avg_time_to_merge_hours (contribution=0.006): Pull requests before this release merged unusually quickly or slowly on average.,"first_time_contributor_share (contribution=0.004): Same signal as first_time_contributor_count, expressed as a share of all contributors.",For kubernetes/kubernetes or apache/airflow: a high backlog suggests unresolved technical debt risk -- consider prioritizing backlog triage before this release ships. For microsoft/vscode: a LOW backlog was associated with higher risk in this dataset -- investigate whether this reflects under-reporting rather than genuine stability before treating it as reassuring.,Very fast merging paired with elevated risk may indicate reduced review scrutiny; consider a second reviewer pass on the highest-impact changes before shipping.,See first_time_contributor_count recommendation.,train
127569793,microsoft/vscode,0.47444270077596734,High,commit_count (contribution=0.030): The volume of commits before this release is unusually high or low.,"open_bugs_at_release_repo_z (contribution=0.023): The pre-release open-bug backlog is unusually high or low relative to THIS REPOSITORY'S OWN typical level (a repo-normalized value, not a raw count -- see the raw open_bugs_at_release column for the actual count). NOTE: this relationship runs in OPPOSITE directions for microsoft/vscode versus kubernetes/kubernetes and apache/airflow -- confirm which repository this release belongs to before interpreting the direction.",pr_count (contribution=0.006): The number of pull requests merged before this release is unusually high or low.,"A very high commit count (a large release) may warrant proportionally more testing time; a very low count paired with elevated risk may indicate the release was small but touched a disproportionately risky area of the codebase -- review change scope, not just change volume.",For kubernetes/kubernetes or apache/airflow: a high backlog suggests unresolved technical debt risk -- consider prioritizing backlog triage before this release ships. For microsoft/vscode: a LOW backlog was associated with higher risk in this dataset -- investigate whether this reflects under-reporting rather than genuine stability before treating it as reassuring.,Consider whether review capacity kept pace with PR volume for this release cycle.,train
128197191,microsoft/vscode,0.4577315640414818,High,"open_bugs_at_release_repo_z (contribution=0.024): The pre-release open-bug backlog is unusually high or low relative to THIS REPOSITORY'S OWN typical level (a repo-normalized value, not a raw count -- see the raw open_bugs_at_release column for the actual count). NOTE: this relationship runs in OPPOSITE directions for microsoft/vscode versus kubernetes/kubernetes and apache/airflow -- confirm which repository this release belongs to before interpreting the direction.",avg_time_to_merge_hours (contribution=0.004): Pull requests before this release merged unusually quickly or slowly on average.,"median_time_to_merge_hours (contribution=0.003): Same signal as avg_time_to_merge_hours, less sensitive to a few outlier PRs.",For kubernetes/kubernetes or apache/airflow: a high backlog suggests unresolved technical debt risk -- consider prioritizing backlog triage before this release ships. For microsoft/vscode: a LOW backlog was associated with higher risk in this dataset -- investigate whether this reflects under-reporting rather than genuine stability before treating it as reassuring.,Very fast merging paired with elevated risk may indicate reduced review scrutiny; consider a second reviewer pass on the highest-impact changes before shipping.,See avg_time_to_merge_hours recommendation.,train
132979603,microsoft/vscode,0.4996114567924728,High,commit_count (contribution=0.058): The volume of commits before this release is unusually high or low.,"open_bugs_at_release_repo_z (contribution=0.025): The pre-release open-bug backlog is unusually high or low relative to THIS REPOSITORY'S OWN typical level (a repo-normalized value, not a raw count -- see the raw open_bugs_at_release column for the actual count). NOTE: this relationship runs in OPPOSITE directions for microsoft/vscode versus kubernetes/kubernetes and apache/airflow -- confirm which repository this release belongs to before interpreting the direction.","first_time_contributor_share (contribution=0.022): Same signal as first_time_contributor_count, expressed as a share of all contributors.","A very high commit count (a large release) may warrant proportionally more testing time; a very low count paired with elevated risk may indicate the release was small but touched a disproportionately risky area of the codebase -- review change scope, not just change volume.",For kubernetes/kubernetes or apache/airflow: a high backlog suggests unresolved technical debt risk -- consider prioritizing backlog triage before this release ships. For microsoft/vscode: a LOW backlog was associated with higher risk in this dataset -- investigate whether this reflects under-reporting rather than genuine stability before treating it as reassuring.,See first_time_contributor_count recommendation.,train
133791083,microsoft/vscode,0.4611956455258705,High,"open_bugs_at_release_repo_z (contribution=0.022): The pre-release open-bug backlog is unusually high or low relative to THIS REPOSITORY'S OWN typical level (a repo-normalized value, not a raw count -- see the raw open_bugs_at_release column for the actual count). NOTE: this relationship runs in OPPOSITE directions for microsoft/vscode versus kubernetes/kubernetes and apache/airflow -- confirm which repository this release belongs to before interpreting the direction.",avg_time_to_merge_hours (contribution=0.005): Pull requests before this release merged unusually quickly or slowly on average.,"median_time_to_merge_hours (contribution=0.003): Same signal as avg_time_to_merge_hours, less sensitive to a few outlier PRs.",For kubernetes/kubernetes or apache/airflow: a high backlog suggests unresolved technical debt risk -- consider prioritizing backlog triage before this release ships. For microsoft/vscode: a LOW backlog was associated with higher risk in this dataset -- investigate whether this reflects under-reporting rather than genuine stability before treating it as reassuring.,Very fast merging paired with elevated risk may indicate reduced review scrutiny; consider a second reviewer pass on the highest-impact changes before shipping.,See avg_time_to_merge_hours recommendation.,train
135728221,microsoft/vscode,0.47153542114350294,High,"open_bugs_at_release_repo_z (contribution=0.018): The pre-release open-bug backlog is unusually high or low relative to THIS REPOSITORY'S OWN typical level (a repo-normalized value, not a raw count -- see the raw open_bugs_at_release column for the actual count). NOTE: this relationship runs in OPPOSITE directions for microsoft/vscode versus kubernetes/kubernetes and apache/airflow -- confirm which repository this release belongs to before interpreting the direction.","first_time_contributor_share (contribution=0.009): Same signal as first_time_contributor_count, expressed as a share of all contributors.",avg_time_to_merge_hours (contribution=0.005): Pull requests before this release merged unusually quickly or slowly on average.,For kubernetes/kubernetes or apache/airflow: a high backlog suggests unresolved technical debt risk -- consider prioritizing backlog triage before this release ships. For microsoft/vscode: a LOW backlog was associated with higher risk in this dataset -- investigate whether this reflects under-reporting rather than genuine stability before treating it as reassuring.,See first_time_contributor_count recommendation.,Very fast merging paired with elevated risk may indicate reduced review scrutiny; consider a second reviewer pass on the highest-impact changes before shipping.,train
137595644,microsoft/vscode,0.4702171244560065,High,"open_bugs_at_release_repo_z (contribution=0.019): The pre-release open-bug backlog is unusually high or low relative to THIS REPOSITORY'S OWN typical level (a repo-normalized value, not a raw count -- see the raw open_bugs_at_release column for the actual count). NOTE: this relationship runs in OPPOSITE directions for microsoft/vscode versus kubernetes/kubernetes and apache/airflow -- confirm which repository this release belongs to before interpreting the direction.",commit_count (contribution=0.011): The volume of commits before this release is unusually high or low.,"first_time_contributor_share (contribution=0.009): Same signal as first_time_contributor_count, expressed as a share of all contributors.",For kubernetes/kubernetes or apache/airflow: a high backlog suggests unresolved technical debt risk -- consider prioritizing backlog triage before this release ships. For microsoft/vscode: a LOW backlog was associated with higher risk in this dataset -- investigate whether this reflects under-reporting rather than genuine stability before treating it as reassuring.,"A very high commit count (a large release) may warrant proportionally more testing time; a very low count paired with elevated risk may indicate the release was small but touched a disproportionately risky area of the codebase -- review change scope, not just change volume.",See first_time_contributor_count recommendation.,train
139501858,microsoft/vscode,0.466241424714663,High,"open_bugs_at_release_repo_z (contribution=0.020): The pre-release open-bug backlog is unusually high or low relative to THIS REPOSITORY'S OWN typical level (a repo-normalized value, not a raw count -- see the raw open_bugs_at_release column for the actual count). NOTE: this relationship runs in OPPOSITE directions for microsoft/vscode versus kubernetes/kubernetes and apache/airflow -- confirm which repository this release belongs to before interpreting the direction.",commit_count (contribution=0.010): The volume of commits before this release is unusually high or low.,avg_time_to_merge_hours (contribution=0.006): Pull requests before this release merged unusually quickly or slowly on average.,For kubernetes/kubernetes or apache/airflow: a high backlog suggests unresolved technical debt risk -- consider prioritizing backlog triage before this release ships. For microsoft/vscode: a LOW backlog was associated with higher risk in this dataset -- investigate whether this reflects under-reporting rather than genuine stability before treating it as reassuring.,"A very high commit count (a large release) may warrant proportionally more testing time; a very low count paired with elevated risk may indicate the release was small but touched a disproportionately risky area of the codebase -- review change scope, not just change volume.",Very fast merging paired with elevated risk may indicate reduced review scrutiny; consider a second reviewer pass on the highest-impact changes before shipping.,train
140525002,microsoft/vscode,0.4643227493740954,High,"open_bugs_at_release_repo_z (contribution=0.021): The pre-release open-bug backlog is unusually high or low relative to THIS REPOSITORY'S OWN typical level (a repo-normalized value, not a raw count -- see the raw open_bugs_at_release column for the actual count). NOTE: this relationship runs in OPPOSITE directions for microsoft/vscode versus kubernetes/kubernetes and apache/airflow -- confirm which repository this release belongs to before interpreting the direction.",avg_time_to_merge_hours (contribution=0.005): Pull requests before this release merged unusually quickly or slowly on average.,"first_time_contributor_share (contribution=0.005): Same signal as first_time_contributor_count, expressed as a share of all contributors.",For kubernetes/kubernetes or apache/airflow: a high backlog suggests unresolved technical debt risk -- consider prioritizing backlog triage before this release ships. For microsoft/vscode: a LOW backlog was associated with higher risk in this dataset -- investigate whether this reflects under-reporting rather than genuine stability before treating it as reassuring.,Very fast merging paired with elevated risk may indicate reduced review scrutiny; consider a second reviewer pass on the highest-impact changes before shipping.,See first_time_contributor_count recommendation.,train
142158503,microsoft/vscode,0.45961006347347155,High,"open_bugs_at_release_repo_z (contribution=0.022): The pre-release open-bug backlog is unusually high or low relative to THIS REPOSITORY'S OWN typical level (a repo-normalized value, not a raw count -- see the raw open_bugs_at_release column for the actual count). NOTE: this relationship runs in OPPOSITE directions for microsoft/vscode versus kubernetes/kubernetes and apache/airflow -- confirm which repository this release belongs to before interpreting the direction.",avg_time_to_merge_hours (contribution=0.005): Pull requests before this release merged unusually quickly or slowly on average.,commit_count (contribution=0.004): The volume of commits before this release is unusually high or low.,For kubernetes/kubernetes or apache/airflow: a high backlog suggests unresolved technical debt risk -- consider prioritizing backlog triage before this release ships. For microsoft/vscode: a LOW backlog was associated with higher risk in this dataset -- investigate whether this reflects under-reporting rather than genuine stability before treating it as reassuring.,Very fast merging paired with elevated risk may indicate reduced review scrutiny; consider a second reviewer pass on the highest-impact changes before shipping.,"A very high commit count (a large release) may warrant proportionally more testing time; a very low count paired with elevated risk may indicate the release was small but touched a disproportionately risky area of the codebase -- review change scope, not just change volume.",train
144055742,microsoft/vscode,0.4635561346981817,High,"open_bugs_at_release_repo_z (contribution=0.023): The pre-release open-bug backlog is unusually high or low relative to THIS REPOSITORY'S OWN typical level (a repo-normalized value, not a raw count -- see the raw open_bugs_at_release column for the actual count). NOTE: this relationship runs in OPPOSITE directions for microsoft/vscode versus kubernetes/kubernetes and apache/airflow -- confirm which repository this release belongs to before interpreting the direction.",commit_count (contribution=0.011): The volume of commits before this release is unusually high or low.,avg_time_to_merge_hours (contribution=0.006): Pull requests before this release merged unusually quickly or slowly on average.,For kubernetes/kubernetes or apache/airflow: a high backlog suggests unresolved technical debt risk -- consider prioritizing backlog triage before this release ships. For microsoft/vscode: a LOW backlog was associated with higher risk in this dataset -- investigate whether this reflects under-reporting rather than genuine stability before treating it as reassuring.,"A very high commit count (a large release) may warrant proportionally more testing time; a very low count paired with elevated risk may indicate the release was small but touched a disproportionately risky area of the codebase -- review change scope, not just change volume.",Very fast merging paired with elevated risk may indicate reduced review scrutiny; consider a second reviewer pass on the highest-impact changes before shipping.,train
145323317,microsoft/vscode,0.4569772507431417,High,"open_bugs_at_release_repo_z (contribution=0.024): The pre-release open-bug backlog is unusually high or low relative to THIS REPOSITORY'S OWN typical level (a repo-normalized value, not a raw count -- see the raw open_bugs_at_release column for the actual count). NOTE: this relationship runs in OPPOSITE directions for microsoft/vscode versus kubernetes/kubernetes and apache/airflow -- confirm which repository this release belongs to before interpreting the direction.",avg_time_to_merge_hours (contribution=0.006): Pull requests before this release merged unusually quickly or slowly on average.,"median_time_to_merge_hours (contribution=0.003): Same signal as avg_time_to_merge_hours, less sensitive to a few outlier PRs.",For kubernetes/kubernetes or apache/airflow: a high backlog suggests unresolved technical debt risk -- consider prioritizing backlog triage before this release ships. For microsoft/vscode: a LOW backlog was associated with higher risk in this dataset -- investigate whether this reflects under-reporting rather than genuine stability before treating it as reassuring.,Very fast merging paired with elevated risk may indicate reduced review scrutiny; consider a second reviewer pass on the highest-impact changes before shipping.,See avg_time_to_merge_hours recommendation.,train
146100846,microsoft/vscode,0.4553293859752008,High,"open_bugs_at_release_repo_z (contribution=0.024): The pre-release open-bug backlog is unusually high or low relative to THIS REPOSITORY'S OWN typical level (a repo-normalized value, not a raw count -- see the raw open_bugs_at_release column for the actual count). NOTE: this relationship runs in OPPOSITE directions for microsoft/vscode versus kubernetes/kubernetes and apache/airflow -- confirm which repository this release belongs to before interpreting the direction.",avg_time_to_merge_hours (contribution=0.006): Pull requests before this release merged unusually quickly or slowly on average.,"median_time_to_merge_hours (contribution=0.003): Same signal as avg_time_to_merge_hours, less sensitive to a few outlier PRs.",For kubernetes/kubernetes or apache/airflow: a high backlog suggests unresolved technical debt risk -- consider prioritizing backlog triage before this release ships. For microsoft/vscode: a LOW backlog was associated with higher risk in this dataset -- investigate whether this reflects under-reporting rather than genuine stability before treating it as reassuring.,Very fast merging paired with elevated risk may indicate reduced review scrutiny; consider a second reviewer pass on the highest-impact changes before shipping.,See avg_time_to_merge_hours recommendation.,train
149814200,microsoft/vscode,0.48386824135491524,High,commit_count (contribution=0.042): The volume of commits before this release is unusually high or low.,"open_bugs_at_release_repo_z (contribution=0.026): The pre-release open-bug backlog is unusually high or low relative to THIS REPOSITORY'S OWN typical level (a repo-normalized value, not a raw count -- see the raw open_bugs_at_release column for the actual count). NOTE: this relationship runs in OPPOSITE directions for microsoft/vscode versus kubernetes/kubernetes and apache/airflow -- confirm which repository this release belongs to before interpreting the direction.","first_time_contributor_share (contribution=0.014): Same signal as first_time_contributor_count, expressed as a share of all contributors.","A very high commit count (a large release) may warrant proportionally more testing time; a very low count paired with elevated risk may indicate the release was small but touched a disproportionately risky area of the codebase -- review change scope, not just change volume.",For kubernetes/kubernetes or apache/airflow: a high backlog suggests unresolved technical debt risk -- consider prioritizing backlog triage before this release ships. For microsoft/vscode: a LOW backlog was associated with higher risk in this dataset -- investigate whether this reflects under-reporting rather than genuine stability before treating it as reassuring.,See first_time_contributor_count recommendation.,train
150797079,microsoft/vscode,0.4624353252232972,High,"open_bugs_at_release_repo_z (contribution=0.027): The pre-release open-bug backlog is unusually high or low relative to THIS REPOSITORY'S OWN typical level (a repo-normalized value, not a raw count -- see the raw open_bugs_at_release column for the actual count). NOTE: this relationship runs in OPPOSITE directions for microsoft/vscode versus kubernetes/kubernetes and apache/airflow -- confirm which repository this release belongs to before interpreting the direction.",avg_time_to_merge_hours (contribution=0.006): Pull requests before this release merged unusually quickly or slowly on average.,"median_time_to_merge_hours (contribution=0.003): Same signal as avg_time_to_merge_hours, less sensitive to a few outlier PRs.",For kubernetes/kubernetes or apache/airflow: a high backlog suggests unresolved technical debt risk -- consider prioritizing backlog triage before this release ships. For microsoft/vscode: a LOW backlog was associated with higher risk in this dataset -- investigate whether this reflects under-reporting rather than genuine stability before treating it as reassuring.,Very fast merging paired with elevated risk may indicate reduced review scrutiny; consider a second reviewer pass on the highest-impact changes before shipping.,See avg_time_to_merge_hours recommendation.,train
153873284,microsoft/vscode,0.46925135222120307,High,"open_bugs_at_release_repo_z (contribution=0.029): The pre-release open-bug backlog is unusually high or low relative to THIS REPOSITORY'S OWN typical level (a repo-normalized value, not a raw count -- see the raw open_bugs_at_release column for the actual count). NOTE: this relationship runs in OPPOSITE directions for microsoft/vscode versus kubernetes/kubernetes and apache/airflow -- confirm which repository this release belongs to before interpreting the direction.",commit_count (contribution=0.021): The volume of commits before this release is unusually high or low.,pr_count (contribution=0.005): The number of pull requests merged before this release is unusually high or low.,For kubernetes/kubernetes or apache/airflow: a high backlog suggests unresolved technical debt risk -- consider prioritizing backlog triage before this release ships. For microsoft/vscode: a LOW backlog was associated with higher risk in this dataset -- investigate whether this reflects under-reporting rather than genuine stability before treating it as reassuring.,"A very high commit count (a large release) may warrant proportionally more testing time; a very low count paired with elevated risk may indicate the release was small but touched a disproportionately risky area of the codebase -- review change scope, not just change volume.",Consider whether review capacity kept pace with PR volume for this release cycle.,train
154983536,microsoft/vscode,0.4535101243776888,High,"open_bugs_at_release_repo_z (contribution=0.030): The pre-release open-bug backlog is unusually high or low relative to THIS REPOSITORY'S OWN typical level (a repo-normalized value, not a raw count -- see the raw open_bugs_at_release column for the actual count). NOTE: this relationship runs in OPPOSITE directions for microsoft/vscode versus kubernetes/kubernetes and apache/airflow -- confirm which repository this release belongs to before interpreting the direction.",avg_time_to_merge_hours (contribution=0.005): Pull requests before this release merged unusually quickly or slowly on average.,"median_time_to_merge_hours (contribution=0.003): Same signal as avg_time_to_merge_hours, less sensitive to a few outlier PRs.",For kubernetes/kubernetes or apache/airflow: a high backlog suggests unresolved technical debt risk -- consider prioritizing backlog triage before this release ships. For microsoft/vscode: a LOW backlog was associated with higher risk in this dataset -- investigate whether this reflects under-reporting rather than genuine stability before treating it as reassuring.,Very fast merging paired with elevated risk may indicate reduced review scrutiny; consider a second reviewer pass on the highest-impact changes before shipping.,See avg_time_to_merge_hours recommendation.,train
159075980,microsoft/vscode,0.4721708425418961,High,"open_bugs_at_release_repo_z (contribution=0.032): The pre-release open-bug backlog is unusually high or low relative to THIS REPOSITORY'S OWN typical level (a repo-normalized value, not a raw count -- see the raw open_bugs_at_release column for the actual count). NOTE: this relationship runs in OPPOSITE directions for microsoft/vscode versus kubernetes/kubernetes and apache/airflow -- confirm which repository this release belongs to before interpreting the direction.",commit_count (contribution=0.024): The volume of commits before this release is unusually high or low.,pr_count (contribution=0.009): The number of pull requests merged before this release is unusually high or low.,For kubernetes/kubernetes or apache/airflow: a high backlog suggests unresolved technical debt risk -- consider prioritizing backlog triage before this release ships. For microsoft/vscode: a LOW backlog was associated with higher risk in this dataset -- investigate whether this reflects under-reporting rather than genuine stability before treating it as reassuring.,"A very high commit count (a large release) may warrant proportionally more testing time; a very low count paired with elevated risk may indicate the release was small but touched a disproportionately risky area of the codebase -- review change scope, not just change volume.",Consider whether review capacity kept pace with PR volume for this release cycle.,train
159979764,kubernetes/kubernetes,0.4201230008567362,Medium,"open_bugs_at_release_repo_z (contribution=0.013): The pre-release open-bug backlog is unusually high or low relative to THIS REPOSITORY'S OWN typical level (a repo-normalized value, not a raw count -- see the raw open_bugs_at_release column for the actual count). NOTE: this relationship runs in OPPOSITE directions for microsoft/vscode versus kubernetes/kubernetes and apache/airflow -- confirm which repository this release belongs to before interpreting the direction.",distinct_contributors (contribution=0.010): The number of distinct people committing before this release is unusually high or low.,commit_count (contribution=0.006): The volume of commits before this release is unusually high or low.,For kubernetes/kubernetes or apache/airflow: a high backlog suggests unresolved technical debt risk -- consider prioritizing backlog triage before this release ships. For microsoft/vscode: a LOW backlog was associated with higher risk in this dataset -- investigate whether this reflects under-reporting rather than genuine stability before treating it as reassuring.,A low distinct-contributor count concentrates release risk on fewer people's work; consider an additional independent review pass.,"A very high commit count (a large release) may warrant proportionally more testing time; a very low count paired with elevated risk may indicate the release was small but touched a disproportionately risky area of the codebase -- review change scope, not just change volume.",validation
159982712,kubernetes/kubernetes,0.41853909584891286,Medium,"open_bugs_at_release_repo_z (contribution=0.013): The pre-release open-bug backlog is unusually high or low relative to THIS REPOSITORY'S OWN typical level (a repo-normalized value, not a raw count -- see the raw open_bugs_at_release column for the actual count). NOTE: this relationship runs in OPPOSITE directions for microsoft/vscode versus kubernetes/kubernetes and apache/airflow -- confirm which repository this release belongs to before interpreting the direction.",pct_merged (contribution=0.006): The share of this cycle's PRs that were merged (vs. closed unmerged) is unusually high or low.,top_contributor_share (contribution=0.002): This release's commits were unusually concentrated in (or spread across) a small number of contributors.,For kubernetes/kubernetes or apache/airflow: a high backlog suggests unresolved technical debt risk -- consider prioritizing backlog triage before this release ships. For microsoft/vscode: a LOW backlog was associated with higher risk in this dataset -- investigate whether this reflects under-reporting rather than genuine stability before treating it as reassuring.,A low merge rate paired with elevated risk may indicate churn or disagreement during review; investigate closed-unmerged PRs for recurring concerns.,High concentration in one contributor increases bus-factor risk; consider pairing or review redundancy for that contributor's changes.,validation
160002003,kubernetes/kubernetes,0.37388341118551344,Medium,"open_bugs_at_release_repo_z (contribution=0.013): The pre-release open-bug backlog is unusually high or low relative to THIS REPOSITORY'S OWN typical level (a repo-normalized value, not a raw count -- see the raw open_bugs_at_release column for the actual count). NOTE: this relationship runs in OPPOSITE directions for microsoft/vscode versus kubernetes/kubernetes and apache/airflow -- confirm which repository this release belongs to before interpreting the direction.",pct_merged (contribution=0.006): The share of this cycle's PRs that were merged (vs. closed unmerged) is unusually high or low.,,For kubernetes/kubernetes or apache/airflow: a high backlog suggests unresolved technical debt risk -- consider prioritizing backlog triage before this release ships. For microsoft/vscode: a LOW backlog was associated with higher risk in this dataset -- investigate whether this reflects under-reporting rather than genuine stability before treating it as reassuring.,A low merge rate paired with elevated risk may indicate churn or disagreement during review; investigate closed-unmerged PRs for recurring concerns.,,validation
160003381,kubernetes/kubernetes,0.39307862995422166,Medium,"open_bugs_at_release_repo_z (contribution=0.013): The pre-release open-bug backlog is unusually high or low relative to THIS REPOSITORY'S OWN typical level (a repo-normalized value, not a raw count -- see the raw open_bugs_at_release column for the actual count). NOTE: this relationship runs in OPPOSITE directions for microsoft/vscode versus kubernetes/kubernetes and apache/airflow -- confirm which repository this release belongs to before interpreting the direction.",avg_time_to_merge_hours (contribution=0.006): Pull requests before this release merged unusually quickly or slowly on average.,"median_time_to_merge_hours (contribution=0.003): Same signal as avg_time_to_merge_hours, less sensitive to a few outlier PRs.",For kubernetes/kubernetes or apache/airflow: a high backlog suggests unresolved technical debt risk -- consider prioritizing backlog triage before this release ships. For microsoft/vscode: a LOW backlog was associated with higher risk in this dataset -- investigate whether this reflects under-reporting rather than genuine stability before treating it as reassuring.,Very fast merging paired with elevated risk may indicate reduced review scrutiny; consider a second reviewer pass on the highest-impact changes before shipping.,See avg_time_to_merge_hours recommendation.,validation
165784293,kubernetes/kubernetes,0.4259818949415837,Medium,first_time_contributor_count (contribution=0.020): This release involved an unusually high number of first-time contributors.,distinct_contributors (contribution=0.012): The number of distinct people committing before this release is unusually high or low.,commit_count (contribution=0.011): The volume of commits before this release is unusually high or low.,"Consider additional review scrutiny specifically on first-time contributors' changes, given this project's confirmed (though not fully independent of other factors) association between contributor turnover and elevated risk.",A low distinct-contributor count concentrates release risk on fewer people's work; consider an additional independent review pass.,"A very high commit count (a large release) may warrant proportionally more testing time; a very low count paired with elevated risk may indicate the release was small but touched a disproportionately risky area of the codebase -- review change scope, not just change volume.",validation
165788281,kubernetes/kubernetes,0.4128139837363436,Medium,pct_merged (contribution=0.045): The share of this cycle's PRs that were merged (vs. closed unmerged) is unusually high or low.,"open_bugs_at_release_repo_z (contribution=0.008): The pre-release open-bug backlog is unusually high or low relative to THIS REPOSITORY'S OWN typical level (a repo-normalized value, not a raw count -- see the raw open_bugs_at_release column for the actual count). NOTE: this relationship runs in OPPOSITE directions for microsoft/vscode versus kubernetes/kubernetes and apache/airflow -- confirm which repository this release belongs to before interpreting the direction.",top_contributor_share (contribution=0.002): This release's commits were unusually concentrated in (or spread across) a small number of contributors.,A low merge rate paired with elevated risk may indicate churn or disagreement during review; investigate closed-unmerged PRs for recurring concerns.,For kubernetes/kubernetes or apache/airflow: a high backlog suggests unresolved technical debt risk -- consider prioritizing backlog triage before this release ships. For microsoft/vscode: a LOW backlog was associated with higher risk in this dataset -- investigate whether this reflects under-reporting rather than genuine stability before treating it as reassuring.,High concentration in one contributor increases bus-factor risk; consider pairing or review redundancy for that contributor's changes.,validation
165818269,kubernetes/kubernetes,0.39156803455335976,Medium,"open_bugs_at_release_repo_z (contribution=0.008): The pre-release open-bug backlog is unusually high or low relative to THIS REPOSITORY'S OWN typical level (a repo-normalized value, not a raw count -- see the raw open_bugs_at_release column for the actual count). NOTE: this relationship runs in OPPOSITE directions for microsoft/vscode versus kubernetes/kubernetes and apache/airflow -- confirm which repository this release belongs to before interpreting the direction.",avg_time_to_merge_hours (contribution=0.001): Pull requests before this release merged unusually quickly or slowly on average.,,For kubernetes/kubernetes or apache/airflow: a high backlog suggests unresolved technical debt risk -- consider prioritizing backlog triage before this release ships. For microsoft/vscode: a LOW backlog was associated with higher risk in this dataset -- investigate whether this reflects under-reporting rather than genuine stability before treating it as reassuring.,Very fast merging paired with elevated risk may indicate reduced review scrutiny; consider a second reviewer pass on the highest-impact changes before shipping.,,validation
165829199,kubernetes/kubernetes,0.40078698495310194,Medium,"open_bugs_at_release_repo_z (contribution=0.008): The pre-release open-bug backlog is unusually high or low relative to THIS REPOSITORY'S OWN typical level (a repo-normalized value, not a raw count -- see the raw open_bugs_at_release column for the actual count). NOTE: this relationship runs in OPPOSITE directions for microsoft/vscode versus kubernetes/kubernetes and apache/airflow -- confirm which repository this release belongs to before interpreting the direction.",pct_merged (contribution=0.006): The share of this cycle's PRs that were merged (vs. closed unmerged) is unusually high or low.,,For kubernetes/kubernetes or apache/airflow: a high backlog suggests unresolved technical debt risk -- consider prioritizing backlog triage before this release ships. For microsoft/vscode: a LOW backlog was associated with higher risk in this dataset -- investigate whether this reflects under-reporting rather than genuine stability before treating it as reassuring.,A low merge rate paired with elevated risk may indicate churn or disagreement during review; investigate closed-unmerged PRs for recurring concerns.,,validation
169974073,kubernetes/kubernetes,0.41706565322231826,Medium,first_time_contributor_count (contribution=0.011): This release involved an unusually high number of first-time contributors.,pct_merged (contribution=0.009): The share of this cycle's PRs that were merged (vs. closed unmerged) is unusually high or low.,distinct_contributors (contribution=0.009): The number of distinct people committing before this release is unusually high or low.,"Consider additional review scrutiny specifically on first-time contributors' changes, given this project's confirmed (though not fully independent of other factors) association between contributor turnover and elevated risk.",A low merge rate paired with elevated risk may indicate churn or disagreement during review; investigate closed-unmerged PRs for recurring concerns.,A low distinct-contributor count concentrates release risk on fewer people's work; consider an additional independent review pass.,validation
170265603,kubernetes/kubernetes,0.40094219800890873,Medium,"open_bugs_at_release_repo_z (contribution=0.008): The pre-release open-bug backlog is unusually high or low relative to THIS REPOSITORY'S OWN typical level (a repo-normalized value, not a raw count -- see the raw open_bugs_at_release column for the actual count). NOTE: this relationship runs in OPPOSITE directions for microsoft/vscode versus kubernetes/kubernetes and apache/airflow -- confirm which repository this release belongs to before interpreting the direction.",pct_merged (contribution=0.006): The share of this cycle's PRs that were merged (vs. closed unmerged) is unusually high or low.,avg_time_to_merge_hours (contribution=0.002): Pull requests before this release merged unusually quickly or slowly on average.,For kubernetes/kubernetes or apache/airflow: a high backlog suggests unresolved technical debt risk -- consider prioritizing backlog triage before this release ships. For microsoft/vscode: a LOW backlog was associated with higher risk in this dataset -- investigate whether this reflects under-reporting rather than genuine stability before treating it as reassuring.,A low merge rate paired with elevated risk may indicate churn or disagreement during review; investigate closed-unmerged PRs for recurring concerns.,Very fast merging paired with elevated risk may indicate reduced review scrutiny; consider a second reviewer pass on the highest-impact changes before shipping.,validation
170275415,kubernetes/kubernetes,0.39796197142723594,Medium,pct_merged (contribution=0.045): The share of this cycle's PRs that were merged (vs. closed unmerged) is unusually high or low.,"open_bugs_at_release_repo_z (contribution=0.008): The pre-release open-bug backlog is unusually high or low relative to THIS REPOSITORY'S OWN typical level (a repo-normalized value, not a raw count -- see the raw open_bugs_at_release column for the actual count). NOTE: this relationship runs in OPPOSITE directions for microsoft/vscode versus kubernetes/kubernetes and apache/airflow -- confirm which repository this release belongs to before interpreting the direction.",,A low merge rate paired with elevated risk may indicate churn or disagreement during review; investigate closed-unmerged PRs for recurring concerns.,For kubernetes/kubernetes or apache/airflow: a high backlog suggests unresolved technical debt risk -- consider prioritizing backlog triage before this release ships. For microsoft/vscode: a LOW backlog was associated with higher risk in this dataset -- investigate whether this reflects under-reporting rather than genuine stability before treating it as reassuring.,,validation
170278324,kubernetes/kubernetes,0.41142813479692486,Medium,"open_bugs_at_release_repo_z (contribution=0.008): The pre-release open-bug backlog is unusually high or low relative to THIS REPOSITORY'S OWN typical level (a repo-normalized value, not a raw count -- see the raw open_bugs_at_release column for the actual count). NOTE: this relationship runs in OPPOSITE directions for microsoft/vscode versus kubernetes/kubernetes and apache/airflow -- confirm which repository this release belongs to before interpreting the direction.",pct_merged (contribution=0.006): The share of this cycle's PRs that were merged (vs. closed unmerged) is unusually high or low.,top_contributor_share (contribution=0.002): This release's commits were unusually concentrated in (or spread across) a small number of contributors.,For kubernetes/kubernetes or apache/airflow: a high backlog suggests unresolved technical debt risk -- consider prioritizing backlog triage before this release ships. For microsoft/vscode: a LOW backlog was associated with higher risk in this dataset -- investigate whether this reflects under-reporting rather than genuine stability before treating it as reassuring.,A low merge rate paired with elevated risk may indicate churn or disagreement during review; investigate closed-unmerged PRs for recurring concerns.,High concentration in one contributor increases bus-factor risk; consider pairing or review redundancy for that contributor's changes.,validation
174563931,kubernetes/kubernetes,0.42227451543371664,Medium,first_time_contributor_count (contribution=0.023): This release involved an unusually high number of first-time contributors.,"open_bugs_at_release_repo_z (contribution=0.010): The pre-release open-bug backlog is unusually high or low relative to THIS REPOSITORY'S OWN typical level (a repo-normalized value, not a raw count -- see the raw open_bugs_at_release column for the actual count). NOTE: this relationship runs in OPPOSITE directions for microsoft/vscode versus kubernetes/kubernetes and apache/airflow -- confirm which repository this release belongs to before interpreting the direction.",distinct_contributors (contribution=0.010): The number of distinct people committing before this release is unusually high or low.,"Consider additional review scrutiny specifically on first-time contributors' changes, given this project's confirmed (though not fully independent of other factors) association between contributor turnover and elevated risk.",For kubernetes/kubernetes or apache/airflow: a high backlog suggests unresolved technical debt risk -- consider prioritizing backlog triage before this release ships. For microsoft/vscode: a LOW backlog was associated with higher risk in this dataset -- investigate whether this reflects under-reporting rather than genuine stability before treating it as reassuring.,A low distinct-contributor count concentrates release risk on fewer people's work; consider an additional independent review pass.,validation
174658124,kubernetes/kubernetes,0.40011463842145234,Medium,pct_merged (contribution=0.019): The share of this cycle's PRs that were merged (vs. closed unmerged) is unusually high or low.,"open_bugs_at_release_repo_z (contribution=0.010): The pre-release open-bug backlog is unusually high or low relative to THIS REPOSITORY'S OWN typical level (a repo-normalized value, not a raw count -- see the raw open_bugs_at_release column for the actual count). NOTE: this relationship runs in OPPOSITE directions for microsoft/vscode versus kubernetes/kubernetes and apache/airflow -- confirm which repository this release belongs to before interpreting the direction.","first_time_contributor_share (contribution=0.002): Same signal as first_time_contributor_count, expressed as a share of all contributors.",A low merge rate paired with elevated risk may indicate churn or disagreement during review; investigate closed-unmerged PRs for recurring concerns.,For kubernetes/kubernetes or apache/airflow: a high backlog suggests unresolved technical debt risk -- consider prioritizing backlog triage before this release ships. For microsoft/vscode: a LOW backlog was associated with higher risk in this dataset -- investigate whether this reflects under-reporting rather than genuine stability before treating it as reassuring.,See first_time_contributor_count recommendation.,validation
174660375,kubernetes/kubernetes,0.3978770419688712,Medium,"open_bugs_at_release_repo_z (contribution=0.010): The pre-release open-bug backlog is unusually high or low relative to THIS REPOSITORY'S OWN typical level (a repo-normalized value, not a raw count -- see the raw open_bugs_at_release column for the actual count). NOTE: this relationship runs in OPPOSITE directions for microsoft/vscode versus kubernetes/kubernetes and apache/airflow -- confirm which repository this release belongs to before interpreting the direction.",pct_merged (contribution=0.006): The share of this cycle's PRs that were merged (vs. closed unmerged) is unusually high or low.,,For kubernetes/kubernetes or apache/airflow: a high backlog suggests unresolved technical debt risk -- consider prioritizing backlog triage before this release ships. For microsoft/vscode: a LOW backlog was associated with higher risk in this dataset -- investigate whether this reflects under-reporting rather than genuine stability before treating it as reassuring.,A low merge rate paired with elevated risk may indicate churn or disagreement during review; investigate closed-unmerged PRs for recurring concerns.,,validation
174668094,kubernetes/kubernetes,0.39617411591220686,Medium,"open_bugs_at_release_repo_z (contribution=0.010): The pre-release open-bug backlog is unusually high or low relative to THIS REPOSITORY'S OWN typical level (a repo-normalized value, not a raw count -- see the raw open_bugs_at_release column for the actual count). NOTE: this relationship runs in OPPOSITE directions for microsoft/vscode versus kubernetes/kubernetes and apache/airflow -- confirm which repository this release belongs to before interpreting the direction.",avg_time_to_merge_hours (contribution=0.003): Pull requests before this release merged unusually quickly or slowly on average.,top_contributor_share (contribution=0.002): This release's commits were unusually concentrated in (or spread across) a small number of contributors.,For kubernetes/kubernetes or apache/airflow: a high backlog suggests unresolved technical debt risk -- consider prioritizing backlog triage before this release ships. For microsoft/vscode: a LOW backlog was associated with higher risk in this dataset -- investigate whether this reflects under-reporting rather than genuine stability before treating it as reassuring.,Very fast merging paired with elevated risk may indicate reduced review scrutiny; consider a second reviewer pass on the highest-impact changes before shipping.,High concentration in one contributor increases bus-factor risk; consider pairing or review redundancy for that contributor's changes.,validation
181359779,kubernetes/kubernetes,0.42283099443785904,Medium,commit_count (contribution=0.019): The volume of commits before this release is unusually high or low.,first_time_contributor_count (contribution=0.019): This release involved an unusually high number of first-time contributors.,distinct_contributors (contribution=0.014): The number of distinct people committing before this release is unusually high or low.,"A very high commit count (a large release) may warrant proportionally more testing time; a very low count paired with elevated risk may indicate the release was small but touched a disproportionately risky area of the codebase -- review change scope, not just change volume.","Consider additional review scrutiny specifically on first-time contributors' changes, given this project's confirmed (though not fully independent of other factors) association between contributor turnover and elevated risk.",A low distinct-contributor count concentrates release risk on fewer people's work; consider an additional independent review pass.,validation
181359964,kubernetes/kubernetes,0.4080377234289166,Medium,"open_bugs_at_release_repo_z (contribution=0.007): The pre-release open-bug backlog is unusually high or low relative to THIS REPOSITORY'S OWN typical level (a repo-normalized value, not a raw count -- see the raw open_bugs_at_release column for the actual count). NOTE: this relationship runs in OPPOSITE directions for microsoft/vscode versus kubernetes/kubernetes and apache/airflow -- confirm which repository this release belongs to before interpreting the direction.",pct_merged (contribution=0.006): The share of this cycle's PRs that were merged (vs. closed unmerged) is unusually high or low.,top_contributor_share (contribution=0.002): This release's commits were unusually concentrated in (or spread across) a small number of contributors.,For kubernetes/kubernetes or apache/airflow: a high backlog suggests unresolved technical debt risk -- consider prioritizing backlog triage before this release ships. For microsoft/vscode: a LOW backlog was associated with higher risk in this dataset -- investigate whether this reflects under-reporting rather than genuine stability before treating it as reassuring.,A low merge rate paired with elevated risk may indicate churn or disagreement during review; investigate closed-unmerged PRs for recurring concerns.,High concentration in one contributor increases bus-factor risk; consider pairing or review redundancy for that contributor's changes.,validation
181360153,kubernetes/kubernetes,0.4077554634302316,Medium,"open_bugs_at_release_repo_z (contribution=0.007): The pre-release open-bug backlog is unusually high or low relative to THIS REPOSITORY'S OWN typical level (a repo-normalized value, not a raw count -- see the raw open_bugs_at_release column for the actual count). NOTE: this relationship runs in OPPOSITE directions for microsoft/vscode versus kubernetes/kubernetes and apache/airflow -- confirm which repository this release belongs to before interpreting the direction.",pct_merged (contribution=0.006): The share of this cycle's PRs that were merged (vs. closed unmerged) is unusually high or low.,top_contributor_share (contribution=0.002): This release's commits were unusually concentrated in (or spread across) a small number of contributors.,For kubernetes/kubernetes or apache/airflow: a high backlog suggests unresolved technical debt risk -- consider prioritizing backlog triage before this release ships. For microsoft/vscode: a LOW backlog was associated with higher risk in this dataset -- investigate whether this reflects under-reporting rather than genuine stability before treating it as reassuring.,A low merge rate paired with elevated risk may indicate churn or disagreement during review; investigate closed-unmerged PRs for recurring concerns.,High concentration in one contributor increases bus-factor risk; consider pairing or review redundancy for that contributor's changes.,validation
181442196,kubernetes/kubernetes,0.39636346491310387,Medium,pct_merged (contribution=0.022): The share of this cycle's PRs that were merged (vs. closed unmerged) is unusually high or low.,"open_bugs_at_release_repo_z (contribution=0.007): The pre-release open-bug backlog is unusually high or low relative to THIS REPOSITORY'S OWN typical level (a repo-normalized value, not a raw count -- see the raw open_bugs_at_release column for the actual count). NOTE: this relationship runs in OPPOSITE directions for microsoft/vscode versus kubernetes/kubernetes and apache/airflow -- confirm which repository this release belongs to before interpreting the direction.",,A low merge rate paired with elevated risk may indicate churn or disagreement during review; investigate closed-unmerged PRs for recurring concerns.,For kubernetes/kubernetes or apache/airflow: a high backlog suggests unresolved technical debt risk -- consider prioritizing backlog triage before this release ships. For microsoft/vscode: a LOW backlog was associated with higher risk in this dataset -- investigate whether this reflects under-reporting rather than genuine stability before treating it as reassuring.,,validation
186527464,kubernetes/kubernetes,0.4085787864776464,Medium,commit_count (contribution=0.018): The volume of commits before this release is unusually high or low.,distinct_contributors (contribution=0.009): The number of distinct people committing before this release is unusually high or low.,pct_merged (contribution=0.007): The share of this cycle's PRs that were merged (vs. closed unmerged) is unusually high or low.,"A very high commit count (a large release) may warrant proportionally more testing time; a very low count paired with elevated risk may indicate the release was small but touched a disproportionately risky area of the codebase -- review change scope, not just change volume.",A low distinct-contributor count concentrates release risk on fewer people's work; consider an additional independent review pass.,A low merge rate paired with elevated risk may indicate churn or disagreement during review; investigate closed-unmerged PRs for recurring concerns.,validation
186532670,kubernetes/kubernetes,0.39278441239176165,Medium,pct_merged (contribution=0.006): The share of this cycle's PRs that were merged (vs. closed unmerged) is unusually high or low.,"open_bugs_at_release_repo_z (contribution=0.004): The pre-release open-bug backlog is unusually high or low relative to THIS REPOSITORY'S OWN typical level (a repo-normalized value, not a raw count -- see the raw open_bugs_at_release column for the actual count). NOTE: this relationship runs in OPPOSITE directions for microsoft/vscode versus kubernetes/kubernetes and apache/airflow -- confirm which repository this release belongs to before interpreting the direction.",,A low merge rate paired with elevated risk may indicate churn or disagreement during review; investigate closed-unmerged PRs for recurring concerns.,For kubernetes/kubernetes or apache/airflow: a high backlog suggests unresolved technical debt risk -- consider prioritizing backlog triage before this release ships. For microsoft/vscode: a LOW backlog was associated with higher risk in this dataset -- investigate whether this reflects under-reporting rather than genuine stability before treating it as reassuring.,,validation
186534409,kubernetes/kubernetes,0.4050430201215827,Medium,pct_merged (contribution=0.006): The share of this cycle's PRs that were merged (vs. closed unmerged) is unusually high or low.,"open_bugs_at_release_repo_z (contribution=0.004): The pre-release open-bug backlog is unusually high or low relative to THIS REPOSITORY'S OWN typical level (a repo-normalized value, not a raw count -- see the raw open_bugs_at_release column for the actual count). NOTE: this relationship runs in OPPOSITE directions for microsoft/vscode versus kubernetes/kubernetes and apache/airflow -- confirm which repository this release belongs to before interpreting the direction.",top_contributor_share (contribution=0.002): This release's commits were unusually concentrated in (or spread across) a small number of contributors.,A low merge rate paired with elevated risk may indicate churn or disagreement during review; investigate closed-unmerged PRs for recurring concerns.,For kubernetes/kubernetes or apache/airflow: a high backlog suggests unresolved technical debt risk -- consider prioritizing backlog triage before this release ships. For microsoft/vscode: a LOW backlog was associated with higher risk in this dataset -- investigate whether this reflects under-reporting rather than genuine stability before treating it as reassuring.,High concentration in one contributor increases bus-factor risk; consider pairing or review redundancy for that contributor's changes.,validation
190042097,kubernetes/kubernetes,0.39535529465644287,Medium,pct_merged (contribution=0.012): The share of this cycle's PRs that were merged (vs. closed unmerged) is unusually high or low.,"open_bugs_at_release_repo_z (contribution=0.009): The pre-release open-bug backlog is unusually high or low relative to THIS REPOSITORY'S OWN typical level (a repo-normalized value, not a raw count -- see the raw open_bugs_at_release column for the actual count). NOTE: this relationship runs in OPPOSITE directions for microsoft/vscode versus kubernetes/kubernetes and apache/airflow -- confirm which repository this release belongs to before interpreting the direction.",cycle_length_days (contribution=0.003): The time since the previous release is unusually long or short.,A low merge rate paired with elevated risk may indicate churn or disagreement during review; investigate closed-unmerged PRs for recurring concerns.,For kubernetes/kubernetes or apache/airflow: a high backlog suggests unresolved technical debt risk -- consider prioritizing backlog triage before this release ships. For microsoft/vscode: a LOW backlog was associated with higher risk in this dataset -- investigate whether this reflects under-reporting rather than genuine stability before treating it as reassuring.,A very short cycle may mean limited integration/soak time before shipping; consider whether this release had adequate testing time relative to its scope.,validation
190042332,kubernetes/kubernetes,0.4040476392825354,Medium,"open_bugs_at_release_repo_z (contribution=0.009): The pre-release open-bug backlog is unusually high or low relative to THIS REPOSITORY'S OWN typical level (a repo-normalized value, not a raw count -- see the raw open_bugs_at_release column for the actual count). NOTE: this relationship runs in OPPOSITE directions for microsoft/vscode versus kubernetes/kubernetes and apache/airflow -- confirm which repository this release belongs to before interpreting the direction.",pct_merged (contribution=0.006): The share of this cycle's PRs that were merged (vs. closed unmerged) is unusually high or low.,top_contributor_share (contribution=0.002): This release's commits were unusually concentrated in (or spread across) a small number of contributors.,For kubernetes/kubernetes or apache/airflow: a high backlog suggests unresolved technical debt risk -- consider prioritizing backlog triage before this release ships. For microsoft/vscode: a LOW backlog was associated with higher risk in this dataset -- investigate whether this reflects under-reporting rather than genuine stability before treating it as reassuring.,A low merge rate paired with elevated risk may indicate churn or disagreement during review; investigate closed-unmerged PRs for recurring concerns.,High concentration in one contributor increases bus-factor risk; consider pairing or review redundancy for that contributor's changes.,validation
190045272,kubernetes/kubernetes,0.4037670876609531,Medium,"open_bugs_at_release_repo_z (contribution=0.009): The pre-release open-bug backlog is unusually high or low relative to THIS REPOSITORY'S OWN typical level (a repo-normalized value, not a raw count -- see the raw open_bugs_at_release column for the actual count). NOTE: this relationship runs in OPPOSITE directions for microsoft/vscode versus kubernetes/kubernetes and apache/airflow -- confirm which repository this release belongs to before interpreting the direction.",pct_merged (contribution=0.006): The share of this cycle's PRs that were merged (vs. closed unmerged) is unusually high or low.,top_contributor_share (contribution=0.002): This release's commits were unusually concentrated in (or spread across) a small number of contributors.,For kubernetes/kubernetes or apache/airflow: a high backlog suggests unresolved technical debt risk -- consider prioritizing backlog triage before this release ships. For microsoft/vscode: a LOW backlog was associated with higher risk in this dataset -- investigate whether this reflects under-reporting rather than genuine stability before treating it as reassuring.,A low merge rate paired with elevated risk may indicate churn or disagreement during review; investigate closed-unmerged PRs for recurring concerns.,High concentration in one contributor increases bus-factor risk; consider pairing or review redundancy for that contributor's changes.,validation
190303378,kubernetes/kubernetes,0.3834634457267944,Medium,pct_merged (contribution=0.019): The share of this cycle's PRs that were merged (vs. closed unmerged) is unusually high or low.,"open_bugs_at_release_repo_z (contribution=0.006): The pre-release open-bug backlog is unusually high or low relative to THIS REPOSITORY'S OWN typical level (a repo-normalized value, not a raw count -- see the raw open_bugs_at_release column for the actual count). NOTE: this relationship runs in OPPOSITE directions for microsoft/vscode versus kubernetes/kubernetes and apache/airflow -- confirm which repository this release belongs to before interpreting the direction.",top_contributor_share (contribution=0.001): This release's commits were unusually concentrated in (or spread across) a small number of contributors.,A low merge rate paired with elevated risk may indicate churn or disagreement during review; investigate closed-unmerged PRs for recurring concerns.,For kubernetes/kubernetes or apache/airflow: a high backlog suggests unresolved technical debt risk -- consider prioritizing backlog triage before this release ships. For microsoft/vscode: a LOW backlog was associated with higher risk in this dataset -- investigate whether this reflects under-reporting rather than genuine stability before treating it as reassuring.,High concentration in one contributor increases bus-factor risk; consider pairing or review redundancy for that contributor's changes.,validation
194998161,kubernetes/kubernetes,0.397989654395576,Medium,pct_merged (contribution=0.008): The share of this cycle's PRs that were merged (vs. closed unmerged) is unusually high or low.,cycle_length_days (contribution=0.008): The time since the previous release is unusually long or short.,distinct_contributors (contribution=0.006): The number of distinct people committing before this release is unusually high or low.,A low merge rate paired with elevated risk may indicate churn or disagreement during review; investigate closed-unmerged PRs for recurring concerns.,A very short cycle may mean limited integration/soak time before shipping; consider whether this release had adequate testing time relative to its scope.,A low distinct-contributor count concentrates release risk on fewer people's work; consider an additional independent review pass.,validation
195004244,kubernetes/kubernetes,0.37060463688543754,Medium,"open_bugs_at_release_repo_z (contribution=0.006): The pre-release open-bug backlog is unusually high or low relative to THIS REPOSITORY'S OWN typical level (a repo-normalized value, not a raw count -- see the raw open_bugs_at_release column for the actual count). NOTE: this relationship runs in OPPOSITE directions for microsoft/vscode versus kubernetes/kubernetes and apache/airflow -- confirm which repository this release belongs to before interpreting the direction.",,,For kubernetes/kubernetes or apache/airflow: a high backlog suggests unresolved technical debt risk -- consider prioritizing backlog triage before this release ships. For microsoft/vscode: a LOW backlog was associated with higher risk in this dataset -- investigate whether this reflects under-reporting rather than genuine stability before treating it as reassuring.,,,validation
195009621,kubernetes/kubernetes,0.4002347563743299,Medium,pct_merged (contribution=0.006): The share of this cycle's PRs that were merged (vs. closed unmerged) is unusually high or low.,"open_bugs_at_release_repo_z (contribution=0.006): The pre-release open-bug backlog is unusually high or low relative to THIS REPOSITORY'S OWN typical level (a repo-normalized value, not a raw count -- see the raw open_bugs_at_release column for the actual count). NOTE: this relationship runs in OPPOSITE directions for microsoft/vscode versus kubernetes/kubernetes and apache/airflow -- confirm which repository this release belongs to before interpreting the direction.",top_contributor_share (contribution=0.002): This release's commits were unusually concentrated in (or spread across) a small number of contributors.,A low merge rate paired with elevated risk may indicate churn or disagreement during review; investigate closed-unmerged PRs for recurring concerns.,For kubernetes/kubernetes or apache/airflow: a high backlog suggests unresolved technical debt risk -- consider prioritizing backlog triage before this release ships. For microsoft/vscode: a LOW backlog was associated with higher risk in this dataset -- investigate whether this reflects under-reporting rather than genuine stability before treating it as reassuring.,High concentration in one contributor increases bus-factor risk; consider pairing or review redundancy for that contributor's changes.,validation
195009966,kubernetes/kubernetes,0.39995238127995003,Medium,pct_merged (contribution=0.006): The share of this cycle's PRs that were merged (vs. closed unmerged) is unusually high or low.,"open_bugs_at_release_repo_z (contribution=0.006): The pre-release open-bug backlog is unusually high or low relative to THIS REPOSITORY'S OWN typical level (a repo-normalized value, not a raw count -- see the raw open_bugs_at_release column for the actual count). NOTE: this relationship runs in OPPOSITE directions for microsoft/vscode versus kubernetes/kubernetes and apache/airflow -- confirm which repository this release belongs to before interpreting the direction.",top_contributor_share (contribution=0.002): This release's commits were unusually concentrated in (or spread across) a small number of contributors.,A low merge rate paired with elevated risk may indicate churn or disagreement during review; investigate closed-unmerged PRs for recurring concerns.,For kubernetes/kubernetes or apache/airflow: a high backlog suggests unresolved technical debt risk -- consider prioritizing backlog triage before this release ships. For microsoft/vscode: a LOW backlog was associated with higher risk in this dataset -- investigate whether this reflects under-reporting rather than genuine stability before treating it as reassuring.,High concentration in one contributor increases bus-factor risk; consider pairing or review redundancy for that contributor's changes.,validation
200050412,kubernetes/kubernetes,0.40327319550202934,Medium,first_time_contributor_count (contribution=0.010): This release involved an unusually high number of first-time contributors.,distinct_contributors (contribution=0.007): The number of distinct people committing before this release is unusually high or low.,pct_merged (contribution=0.006): The share of this cycle's PRs that were merged (vs. closed unmerged) is unusually high or low.,"Consider additional review scrutiny specifically on first-time contributors' changes, given this project's confirmed (though not fully independent of other factors) association between contributor turnover and elevated risk.",A low distinct-contributor count concentrates release risk on fewer people's work; consider an additional independent review pass.,A low merge rate paired with elevated risk may indicate churn or disagreement during review; investigate closed-unmerged PRs for recurring concerns.,validation
200050943,kubernetes/kubernetes,0.3986347612550443,Medium,pct_merged (contribution=0.006): The share of this cycle's PRs that were merged (vs. closed unmerged) is unusually high or low.,"open_bugs_at_release_repo_z (contribution=0.004): The pre-release open-bug backlog is unusually high or low relative to THIS REPOSITORY'S OWN typical level (a repo-normalized value, not a raw count -- see the raw open_bugs_at_release column for the actual count). NOTE: this relationship runs in OPPOSITE directions for microsoft/vscode versus kubernetes/kubernetes and apache/airflow -- confirm which repository this release belongs to before interpreting the direction.",top_contributor_share (contribution=0.002): This release's commits were unusually concentrated in (or spread across) a small number of contributors.,A low merge rate paired with elevated risk may indicate churn or disagreement during review; investigate closed-unmerged PRs for recurring concerns.,For kubernetes/kubernetes or apache/airflow: a high backlog suggests unresolved technical debt risk -- consider prioritizing backlog triage before this release ships. For microsoft/vscode: a LOW backlog was associated with higher risk in this dataset -- investigate whether this reflects under-reporting rather than genuine stability before treating it as reassuring.,High concentration in one contributor increases bus-factor risk; consider pairing or review redundancy for that contributor's changes.,validation
200050980,kubernetes/kubernetes,0.39835447741724017,Medium,pct_merged (contribution=0.006): The share of this cycle's PRs that were merged (vs. closed unmerged) is unusually high or low.,"open_bugs_at_release_repo_z (contribution=0.004): The pre-release open-bug backlog is unusually high or low relative to THIS REPOSITORY'S OWN typical level (a repo-normalized value, not a raw count -- see the raw open_bugs_at_release column for the actual count). NOTE: this relationship runs in OPPOSITE directions for microsoft/vscode versus kubernetes/kubernetes and apache/airflow -- confirm which repository this release belongs to before interpreting the direction.",top_contributor_share (contribution=0.002): This release's commits were unusually concentrated in (or spread across) a small number of contributors.,A low merge rate paired with elevated risk may indicate churn or disagreement during review; investigate closed-unmerged PRs for recurring concerns.,For kubernetes/kubernetes or apache/airflow: a high backlog suggests unresolved technical debt risk -- consider prioritizing backlog triage before this release ships. For microsoft/vscode: a LOW backlog was associated with higher risk in this dataset -- investigate whether this reflects under-reporting rather than genuine stability before treating it as reassuring.,High concentration in one contributor increases bus-factor risk; consider pairing or review redundancy for that contributor's changes.,validation
200066707,kubernetes/kubernetes,0.38561427948399396,Medium,pct_merged (contribution=0.006): The share of this cycle's PRs that were merged (vs. closed unmerged) is unusually high or low.,"open_bugs_at_release_repo_z (contribution=0.004): The pre-release open-bug backlog is unusually high or low relative to THIS REPOSITORY'S OWN typical level (a repo-normalized value, not a raw count -- see the raw open_bugs_at_release column for the actual count). NOTE: this relationship runs in OPPOSITE directions for microsoft/vscode versus kubernetes/kubernetes and apache/airflow -- confirm which repository this release belongs to before interpreting the direction.",,A low merge rate paired with elevated risk may indicate churn or disagreement during review; investigate closed-unmerged PRs for recurring concerns.,For kubernetes/kubernetes or apache/airflow: a high backlog suggests unresolved technical debt risk -- consider prioritizing backlog triage before this release ships. For microsoft/vscode: a LOW backlog was associated with higher risk in this dataset -- investigate whether this reflects under-reporting rather than genuine stability before treating it as reassuring.,,validation
205164533,kubernetes/kubernetes,0.40218614239260825,Medium,first_time_contributor_count (contribution=0.014): This release involved an unusually high number of first-time contributors.,commit_count (contribution=0.013): The volume of commits before this release is unusually high or low.,distinct_contributors (contribution=0.011): The number of distinct people committing before this release is unusually high or low.,"Consider additional review scrutiny specifically on first-time contributors' changes, given this project's confirmed (though not fully independent of other factors) association between contributor turnover and elevated risk.","A very high commit count (a large release) may warrant proportionally more testing time; a very low count paired with elevated risk may indicate the release was small but touched a disproportionately risky area of the codebase -- review change scope, not just change volume.",A low distinct-contributor count concentrates release risk on fewer people's work; consider an additional independent review pass.,validation
205171531,kubernetes/kubernetes,0.3826490477402303,Medium,avg_time_to_merge_hours (contribution=0.006): Pull requests before this release merged unusually quickly or slowly on average.,"median_time_to_merge_hours (contribution=0.003): Same signal as avg_time_to_merge_hours, less sensitive to a few outlier PRs.",top_contributor_share (contribution=0.002): This release's commits were unusually concentrated in (or spread across) a small number of contributors.,Very fast merging paired with elevated risk may indicate reduced review scrutiny; consider a second reviewer pass on the highest-impact changes before shipping.,See avg_time_to_merge_hours recommendation.,High concentration in one contributor increases bus-factor risk; consider pairing or review redundancy for that contributor's changes.,validation
205178168,kubernetes/kubernetes,0.3691127781007186,Medium,avg_time_to_merge_hours (contribution=0.004): Pull requests before this release merged unusually quickly or slowly on average.,,,Very fast merging paired with elevated risk may indicate reduced review scrutiny; consider a second reviewer pass on the highest-impact changes before shipping.,,,validation
205181589,kubernetes/kubernetes,0.39425361674107195,Medium,pct_merged (contribution=0.006): The share of this cycle's PRs that were merged (vs. closed unmerged) is unusually high or low.,top_contributor_share (contribution=0.002): This release's commits were unusually concentrated in (or spread across) a small number of contributors.,,A low merge rate paired with elevated risk may indicate churn or disagreement during review; investigate closed-unmerged PRs for recurring concerns.,High concentration in one contributor increases bus-factor risk; consider pairing or review redundancy for that contributor's changes.,,validation
214087468,kubernetes/kubernetes,0.40389062837903134,Medium,first_time_contributor_count (contribution=0.019): This release involved an unusually high number of first-time contributors.,distinct_contributors (contribution=0.011): The number of distinct people committing before this release is unusually high or low.,commit_count (contribution=0.011): The volume of commits before this release is unusually high or low.,"Consider additional review scrutiny specifically on first-time contributors' changes, given this project's confirmed (though not fully independent of other factors) association between contributor turnover and elevated risk.",A low distinct-contributor count concentrates release risk on fewer people's work; consider an additional independent review pass.,"A very high commit count (a large release) may warrant proportionally more testing time; a very low count paired with elevated risk may indicate the release was small but touched a disproportionately risky area of the codebase -- review change scope, not just change volume.",validation
214087582,kubernetes/kubernetes,0.3927259840100727,Medium,pct_merged (contribution=0.006): The share of this cycle's PRs that were merged (vs. closed unmerged) is unusually high or low.,"open_bugs_at_release_repo_z (contribution=0.004): The pre-release open-bug backlog is unusually high or low relative to THIS REPOSITORY'S OWN typical level (a repo-normalized value, not a raw count -- see the raw open_bugs_at_release column for the actual count). NOTE: this relationship runs in OPPOSITE directions for microsoft/vscode versus kubernetes/kubernetes and apache/airflow -- confirm which repository this release belongs to before interpreting the direction.",top_contributor_share (contribution=0.002): This release's commits were unusually concentrated in (or spread across) a small number of contributors.,A low merge rate paired with elevated risk may indicate churn or disagreement during review; investigate closed-unmerged PRs for recurring concerns.,For kubernetes/kubernetes or apache/airflow: a high backlog suggests unresolved technical debt risk -- consider prioritizing backlog triage before this release ships. For microsoft/vscode: a LOW backlog was associated with higher risk in this dataset -- investigate whether this reflects under-reporting rather than genuine stability before treating it as reassuring.,High concentration in one contributor increases bus-factor risk; consider pairing or review redundancy for that contributor's changes.,validation
214087590,kubernetes/kubernetes,0.39244720807209166,Medium,pct_merged (contribution=0.006): The share of this cycle's PRs that were merged (vs. closed unmerged) is unusually high or low.,"open_bugs_at_release_repo_z (contribution=0.004): The pre-release open-bug backlog is unusually high or low relative to THIS REPOSITORY'S OWN typical level (a repo-normalized value, not a raw count -- see the raw open_bugs_at_release column for the actual count). NOTE: this relationship runs in OPPOSITE directions for microsoft/vscode versus kubernetes/kubernetes and apache/airflow -- confirm which repository this release belongs to before interpreting the direction.",top_contributor_share (contribution=0.002): This release's commits were unusually concentrated in (or spread across) a small number of contributors.,A low merge rate paired with elevated risk may indicate churn or disagreement during review; investigate closed-unmerged PRs for recurring concerns.,For kubernetes/kubernetes or apache/airflow: a high backlog suggests unresolved technical debt risk -- consider prioritizing backlog triage before this release ships. For microsoft/vscode: a LOW backlog was associated with higher risk in this dataset -- investigate whether this reflects under-reporting rather than genuine stability before treating it as reassuring.,High concentration in one contributor increases bus-factor risk; consider pairing or review redundancy for that contributor's changes.,validation
214300334,kubernetes/kubernetes,0.37854530742127485,Medium,pct_merged (contribution=0.022): The share of this cycle's PRs that were merged (vs. closed unmerged) is unusually high or low.,avg_time_to_merge_hours (contribution=0.006): Pull requests before this release merged unusually quickly or slowly on average.,"open_bugs_at_release_repo_z (contribution=0.005): The pre-release open-bug backlog is unusually high or low relative to THIS REPOSITORY'S OWN typical level (a repo-normalized value, not a raw count -- see the raw open_bugs_at_release column for the actual count). NOTE: this relationship runs in OPPOSITE directions for microsoft/vscode versus kubernetes/kubernetes and apache/airflow -- confirm which repository this release belongs to before interpreting the direction.",A low merge rate paired with elevated risk may indicate churn or disagreement during review; investigate closed-unmerged PRs for recurring concerns.,Very fast merging paired with elevated risk may indicate reduced review scrutiny; consider a second reviewer pass on the highest-impact changes before shipping.,For kubernetes/kubernetes or apache/airflow: a high backlog suggests unresolved technical debt risk -- consider prioritizing backlog triage before this release ships. For microsoft/vscode: a LOW backlog was associated with higher risk in this dataset -- investigate whether this reflects under-reporting rather than genuine stability before treating it as reassuring.,validation
218918759,kubernetes/kubernetes,0.3905991637655695,Medium,first_time_contributor_count (contribution=0.006): This release involved an unusually high number of first-time contributors.,distinct_contributors (contribution=0.006): The number of distinct people committing before this release is unusually high or low.,cycle_length_days (contribution=0.004): The time since the previous release is unusually long or short.,"Consider additional review scrutiny specifically on first-time contributors' changes, given this project's confirmed (though not fully independent of other factors) association between contributor turnover and elevated risk.",A low distinct-contributor count concentrates release risk on fewer people's work; consider an additional independent review pass.,A very short cycle may mean limited integration/soak time before shipping; consider whether this release had adequate testing time relative to its scope.,validation
218919244,kubernetes/kubernetes,0.39005007704270056,Medium,pct_merged (contribution=0.006): The share of this cycle's PRs that were merged (vs. closed unmerged) is unusually high or low.,top_contributor_share (contribution=0.002): This release's commits were unusually concentrated in (or spread across) a small number of contributors.,,A low merge rate paired with elevated risk may indicate churn or disagreement during review; investigate closed-unmerged PRs for recurring concerns.,High concentration in one contributor increases bus-factor risk; consider pairing or review redundancy for that contributor's changes.,,validation
218919439,kubernetes/kubernetes,0.38977196465676395,Medium,pct_merged (contribution=0.006): The share of this cycle's PRs that were merged (vs. closed unmerged) is unusually high or low.,top_contributor_share (contribution=0.002): This release's commits were unusually concentrated in (or spread across) a small number of contributors.,,A low merge rate paired with elevated risk may indicate churn or disagreement during review; investigate closed-unmerged PRs for recurring concerns.,High concentration in one contributor increases bus-factor risk; consider pairing or review redundancy for that contributor's changes.,,validation
218920135,kubernetes/kubernetes,0.3894941727977076,Medium,pct_merged (contribution=0.006): The share of this cycle's PRs that were merged (vs. closed unmerged) is unusually high or low.,top_contributor_share (contribution=0.002): This release's commits were unusually concentrated in (or spread across) a small number of contributors.,,A low merge rate paired with elevated risk may indicate churn or disagreement during review; investigate closed-unmerged PRs for recurring concerns.,High concentration in one contributor increases bus-factor risk; consider pairing or review redundancy for that contributor's changes.,,validation
226247533,kubernetes/kubernetes,0.39799830521317836,Medium,first_time_contributor_count (contribution=0.022): This release involved an unusually high number of first-time contributors.,"first_time_contributor_share (contribution=0.010): Same signal as first_time_contributor_count, expressed as a share of all contributors.",distinct_contributors (contribution=0.009): The number of distinct people committing before this release is unusually high or low.,"Consider additional review scrutiny specifically on first-time contributors' changes, given this project's confirmed (though not fully independent of other factors) association between contributor turnover and elevated risk.",See first_time_contributor_count recommendation.,A low distinct-contributor count concentrates release risk on fewer people's work; consider an additional independent review pass.,validation
226251309,kubernetes/kubernetes,0.37444690554667237,Medium,pct_merged (contribution=0.006): The share of this cycle's PRs that were merged (vs. closed unmerged) is unusually high or low.,,,A low merge rate paired with elevated risk may indicate churn or disagreement during review; investigate closed-unmerged PRs for recurring concerns.,,,validation
226256128,kubernetes/kubernetes,0.3865002253074434,Medium,pct_merged (contribution=0.006): The share of this cycle's PRs that were merged (vs. closed unmerged) is unusually high or low.,top_contributor_share (contribution=0.002): This release's commits were unusually concentrated in (or spread across) a small number of contributors.,,A low merge rate paired with elevated risk may indicate churn or disagreement during review; investigate closed-unmerged PRs for recurring concerns.,High concentration in one contributor increases bus-factor risk; consider pairing or review redundancy for that contributor's changes.,,validation
226260786,kubernetes/kubernetes,0.38622306067377477,Medium,pct_merged (contribution=0.006): The share of this cycle's PRs that were merged (vs. closed unmerged) is unusually high or low.,top_contributor_share (contribution=0.002): This release's commits were unusually concentrated in (or spread across) a small number of contributors.,,A low merge rate paired with elevated risk may indicate churn or disagreement during review; investigate closed-unmerged PRs for recurring concerns.,High concentration in one contributor increases bus-factor risk; consider pairing or review redundancy for that contributor's changes.,,validation
232684167,kubernetes/kubernetes,0.3938332959523894,Medium,first_time_contributor_count (contribution=0.019): This release involved an unusually high number of first-time contributors.,commit_count (contribution=0.013): The volume of commits before this release is unusually high or low.,distinct_contributors (contribution=0.011): The number of distinct people committing before this release is unusually high or low.,"Consider additional review scrutiny specifically on first-time contributors' changes, given this project's confirmed (though not fully independent of other factors) association between contributor turnover and elevated risk.","A very high commit count (a large release) may warrant proportionally more testing time; a very low count paired with elevated risk may indicate the release was small but touched a disproportionately risky area of the codebase -- review change scope, not just change volume.",A low distinct-contributor count concentrates release risk on fewer people's work; consider an additional independent review pass.,validation
232684297,kubernetes/kubernetes,0.3834350467485821,Medium,pct_merged (contribution=0.006): The share of this cycle's PRs that were merged (vs. closed unmerged) is unusually high or low.,top_contributor_share (contribution=0.002): This release's commits were unusually concentrated in (or spread across) a small number of contributors.,,A low merge rate paired with elevated risk may indicate churn or disagreement during review; investigate closed-unmerged PRs for recurring concerns.,High concentration in one contributor increases bus-factor risk; consider pairing or review redundancy for that contributor's changes.,,validation
232691011,kubernetes/kubernetes,0.3667278149613089,Medium,pct_merged (contribution=0.016): The share of this cycle's PRs that were merged (vs. closed unmerged) is unusually high or low.,avg_time_to_merge_hours (contribution=0.006): Pull requests before this release merged unusually quickly or slowly on average.,"median_time_to_merge_hours (contribution=0.002): Same signal as avg_time_to_merge_hours, less sensitive to a few outlier PRs.",A low merge rate paired with elevated risk may indicate churn or disagreement during review; investigate closed-unmerged PRs for recurring concerns.,Very fast merging paired with elevated risk may indicate reduced review scrutiny; consider a second reviewer pass on the highest-impact changes before shipping.,See avg_time_to_merge_hours recommendation.,validation
161181480,apache/airflow,0.4578283114172638,High,"release_sequence (contribution=0.027): This release's position in its repository's history is associated with elevated risk (a project-wide finding, strongest and most consistent signal across every analysis method used).","first_time_contributor_share (contribution=0.019): Same signal as first_time_contributor_count, expressed as a share of all contributors.",first_time_contributor_count (contribution=0.006): This release involved an unusually high number of first-time contributors.,Cross-check against recent actual bug trends for this repository before relying heavily on this signal alone -- it partly reflects a documented training-period drift pattern that may not hold indefinitely (see the Target-Variable Definition document).,See first_time_contributor_count recommendation.,"Consider additional review scrutiny specifically on first-time contributors' changes, given this project's confirmed (though not fully independent of other factors) association between contributor turnover and elevated risk.",validation
165625182,apache/airflow,0.4706276190604525,High,first_time_contributor_count (contribution=0.028): This release involved an unusually high number of first-time contributors.,"first_time_contributor_share (contribution=0.028): Same signal as first_time_contributor_count, expressed as a share of all contributors.","release_sequence (contribution=0.026): This release's position in its repository's history is associated with elevated risk (a project-wide finding, strongest and most consistent signal across every analysis method used).","Consider additional review scrutiny specifically on first-time contributors' changes, given this project's confirmed (though not fully independent of other factors) association between contributor turnover and elevated risk.",See first_time_contributor_count recommendation.,Cross-check against recent actual bug trends for this repository before relying heavily on this signal alone -- it partly reflects a documented training-period drift pattern that may not hold indefinitely (see the Target-Variable Definition document).,validation
166897846,apache/airflow,0.4506236207730306,High,"release_sequence (contribution=0.024): This release's position in its repository's history is associated with elevated risk (a project-wide finding, strongest and most consistent signal across every analysis method used).",avg_time_to_merge_hours (contribution=0.005): Pull requests before this release merged unusually quickly or slowly on average.,"first_time_contributor_share (contribution=0.004): Same signal as first_time_contributor_count, expressed as a share of all contributors.",Cross-check against recent actual bug trends for this repository before relying heavily on this signal alone -- it partly reflects a documented training-period drift pattern that may not hold indefinitely (see the Target-Variable Definition document).,Very fast merging paired with elevated risk may indicate reduced review scrutiny; consider a second reviewer pass on the highest-impact changes before shipping.,See first_time_contributor_count recommendation.,validation
170458696,apache/airflow,0.4661040864888113,High,"release_sequence (contribution=0.023): This release's position in its repository's history is associated with elevated risk (a project-wide finding, strongest and most consistent signal across every analysis method used).","first_time_contributor_share (contribution=0.019): Same signal as first_time_contributor_count, expressed as a share of all contributors.",first_time_contributor_count (contribution=0.015): This release involved an unusually high number of first-time contributors.,Cross-check against recent actual bug trends for this repository before relying heavily on this signal alone -- it partly reflects a documented training-period drift pattern that may not hold indefinitely (see the Target-Variable Definition document).,See first_time_contributor_count recommendation.,"Consider additional review scrutiny specifically on first-time contributors' changes, given this project's confirmed (though not fully independent of other factors) association between contributor turnover and elevated risk.",validation
173821517,apache/airflow,0.4677619527116959,High,"release_sequence (contribution=0.022): This release's position in its repository's history is associated with elevated risk (a project-wide finding, strongest and most consistent signal across every analysis method used).","first_time_contributor_share (contribution=0.020): Same signal as first_time_contributor_count, expressed as a share of all contributors.",first_time_contributor_count (contribution=0.015): This release involved an unusually high number of first-time contributors.,Cross-check against recent actual bug trends for this repository before relying heavily on this signal alone -- it partly reflects a documented training-period drift pattern that may not hold indefinitely (see the Target-Variable Definition document).,See first_time_contributor_count recommendation.,"Consider additional review scrutiny specifically on first-time contributors' changes, given this project's confirmed (though not fully independent of other factors) association between contributor turnover and elevated risk.",validation
176198865,apache/airflow,0.47374881110501355,High,"first_time_contributor_share (contribution=0.040): Same signal as first_time_contributor_count, expressed as a share of all contributors.",first_time_contributor_count (contribution=0.024): This release involved an unusually high number of first-time contributors.,"release_sequence (contribution=0.021): This release's position in its repository's history is associated with elevated risk (a project-wide finding, strongest and most consistent signal across every analysis method used).",See first_time_contributor_count recommendation.,"Consider additional review scrutiny specifically on first-time contributors' changes, given this project's confirmed (though not fully independent of other factors) association between contributor turnover and elevated risk.",Cross-check against recent actual bug trends for this repository before relying heavily on this signal alone -- it partly reflects a documented training-period drift pattern that may not hold indefinitely (see the Target-Variable Definition document).,validation
183601125,apache/airflow,0.4947935412130851,High,first_time_contributor_count (contribution=0.067): This release involved an unusually high number of first-time contributors.,"first_time_contributor_share (contribution=0.039): Same signal as first_time_contributor_count, expressed as a share of all contributors.",commit_count (contribution=0.024): The volume of commits before this release is unusually high or low.,"Consider additional review scrutiny specifically on first-time contributors' changes, given this project's confirmed (though not fully independent of other factors) association between contributor turnover and elevated risk.",See first_time_contributor_count recommendation.,"A very high commit count (a large release) may warrant proportionally more testing time; a very low count paired with elevated risk may indicate the release was small but touched a disproportionately risky area of the codebase -- review change scope, not just change volume.",validation
190940307,apache/airflow,0.47758457079847244,High,first_time_contributor_count (contribution=0.028): This release involved an unusually high number of first-time contributors.,commit_count (contribution=0.028): The volume of commits before this release is unusually high or low.,"release_sequence (contribution=0.019): This release's position in its repository's history is associated with elevated risk (a project-wide finding, strongest and most consistent signal across every analysis method used).","Consider additional review scrutiny specifically on first-time contributors' changes, given this project's confirmed (though not fully independent of other factors) association between contributor turnover and elevated risk.","A very high commit count (a large release) may warrant proportionally more testing time; a very low count paired with elevated risk may indicate the release was small but touched a disproportionately risky area of the codebase -- review change scope, not just change volume.",Cross-check against recent actual bug trends for this repository before relying heavily on this signal alone -- it partly reflects a documented training-period drift pattern that may not hold indefinitely (see the Target-Variable Definition document).,validation
199381500,apache/airflow,0.48544635703034594,High,first_time_contributor_count (contribution=0.045): This release involved an unusually high number of first-time contributors.,commit_count (contribution=0.034): The volume of commits before this release is unusually high or low.,"first_time_contributor_share (contribution=0.027): Same signal as first_time_contributor_count, expressed as a share of all contributors.","Consider additional review scrutiny specifically on first-time contributors' changes, given this project's confirmed (though not fully independent of other factors) association between contributor turnover and elevated risk.","A very high commit count (a large release) may warrant proportionally more testing time; a very low count paired with elevated risk may indicate the release was small but touched a disproportionately risky area of the codebase -- review change scope, not just change volume.",See first_time_contributor_count recommendation.,validation
209736341,apache/airflow,0.5003345958814395,High,first_time_contributor_count (contribution=0.061): This release involved an unusually high number of first-time contributors.,commit_count (contribution=0.044): The volume of commits before this release is unusually high or low.,"first_time_contributor_share (contribution=0.034): Same signal as first_time_contributor_count, expressed as a share of all contributors.","Consider additional review scrutiny specifically on first-time contributors' changes, given this project's confirmed (though not fully independent of other factors) association between contributor turnover and elevated risk.","A very high commit count (a large release) may warrant proportionally more testing time; a very low count paired with elevated risk may indicate the release was small but touched a disproportionately risky area of the codebase -- review change scope, not just change volume.",See first_time_contributor_count recommendation.,validation
213942444,apache/airflow,0.4658583865225245,High,"open_bugs_at_release_repo_z (contribution=0.030): The pre-release open-bug backlog is unusually high or low relative to THIS REPOSITORY'S OWN typical level (a repo-normalized value, not a raw count -- see the raw open_bugs_at_release column for the actual count). NOTE: this relationship runs in OPPOSITE directions for microsoft/vscode versus kubernetes/kubernetes and apache/airflow -- confirm which repository this release belongs to before interpreting the direction.",commit_count (contribution=0.018): The volume of commits before this release is unusually high or low.,"release_sequence (contribution=0.015): This release's position in its repository's history is associated with elevated risk (a project-wide finding, strongest and most consistent signal across every analysis method used).",For kubernetes/kubernetes or apache/airflow: a high backlog suggests unresolved technical debt risk -- consider prioritizing backlog triage before this release ships. For microsoft/vscode: a LOW backlog was associated with higher risk in this dataset -- investigate whether this reflects under-reporting rather than genuine stability before treating it as reassuring.,"A very high commit count (a large release) may warrant proportionally more testing time; a very low count paired with elevated risk may indicate the release was small but touched a disproportionately risky area of the codebase -- review change scope, not just change volume.",Cross-check against recent actual bug trends for this repository before relying heavily on this signal alone -- it partly reflects a documented training-period drift pattern that may not hold indefinitely (see the Target-Variable Definition document).,validation
217952121,apache/airflow,0.47130099478744963,High,"open_bugs_at_release_repo_z (contribution=0.037): The pre-release open-bug backlog is unusually high or low relative to THIS REPOSITORY'S OWN typical level (a repo-normalized value, not a raw count -- see the raw open_bugs_at_release column for the actual count). NOTE: this relationship runs in OPPOSITE directions for microsoft/vscode versus kubernetes/kubernetes and apache/airflow -- confirm which repository this release belongs to before interpreting the direction.","release_sequence (contribution=0.014): This release's position in its repository's history is associated with elevated risk (a project-wide finding, strongest and most consistent signal across every analysis method used).",commit_count (contribution=0.013): The volume of commits before this release is unusually high or low.,For kubernetes/kubernetes or apache/airflow: a high backlog suggests unresolved technical debt risk -- consider prioritizing backlog triage before this release ships. For microsoft/vscode: a LOW backlog was associated with higher risk in this dataset -- investigate whether this reflects under-reporting rather than genuine stability before treating it as reassuring.,Cross-check against recent actual bug trends for this repository before relying heavily on this signal alone -- it partly reflects a documented training-period drift pattern that may not hold indefinitely (see the Target-Variable Definition document).,"A very high commit count (a large release) may warrant proportionally more testing time; a very low count paired with elevated risk may indicate the release was small but touched a disproportionately risky area of the codebase -- review change scope, not just change volume.",validation
219713172,apache/airflow,0.46148521987323576,High,"open_bugs_at_release_repo_z (contribution=0.040): The pre-release open-bug backlog is unusually high or low relative to THIS REPOSITORY'S OWN typical level (a repo-normalized value, not a raw count -- see the raw open_bugs_at_release column for the actual count). NOTE: this relationship runs in OPPOSITE directions for microsoft/vscode versus kubernetes/kubernetes and apache/airflow -- confirm which repository this release belongs to before interpreting the direction.","release_sequence (contribution=0.013): This release's position in its repository's history is associated with elevated risk (a project-wide finding, strongest and most consistent signal across every analysis method used).",avg_time_to_merge_hours (contribution=0.005): Pull requests before this release merged unusually quickly or slowly on average.,For kubernetes/kubernetes or apache/airflow: a high backlog suggests unresolved technical debt risk -- consider prioritizing backlog triage before this release ships. For microsoft/vscode: a LOW backlog was associated with higher risk in this dataset -- investigate whether this reflects under-reporting rather than genuine stability before treating it as reassuring.,Cross-check against recent actual bug trends for this repository before relying heavily on this signal alone -- it partly reflects a documented training-period drift pattern that may not hold indefinitely (see the Target-Variable Definition document).,Very fast merging paired with elevated risk may indicate reduced review scrutiny; consider a second reviewer pass on the highest-impact changes before shipping.,validation
224349965,apache/airflow,0.47793584884708323,High,"open_bugs_at_release_repo_z (contribution=0.045): The pre-release open-bug backlog is unusually high or low relative to THIS REPOSITORY'S OWN typical level (a repo-normalized value, not a raw count -- see the raw open_bugs_at_release column for the actual count). NOTE: this relationship runs in OPPOSITE directions for microsoft/vscode versus kubernetes/kubernetes and apache/airflow -- confirm which repository this release belongs to before interpreting the direction.",first_time_contributor_count (contribution=0.013): This release involved an unusually high number of first-time contributors.,"release_sequence (contribution=0.012): This release's position in its repository's history is associated with elevated risk (a project-wide finding, strongest and most consistent signal across every analysis method used).",For kubernetes/kubernetes or apache/airflow: a high backlog suggests unresolved technical debt risk -- consider prioritizing backlog triage before this release ships. For microsoft/vscode: a LOW backlog was associated with higher risk in this dataset -- investigate whether this reflects under-reporting rather than genuine stability before treating it as reassuring.,"Consider additional review scrutiny specifically on first-time contributors' changes, given this project's confirmed (though not fully independent of other factors) association between contributor turnover and elevated risk.",Cross-check against recent actual bug trends for this repository before relying heavily on this signal alone -- it partly reflects a documented training-period drift pattern that may not hold indefinitely (see the Target-Variable Definition document).,validation
227200324,apache/airflow,0.48074600986279675,High,"open_bugs_at_release_repo_z (contribution=0.048): The pre-release open-bug backlog is unusually high or low relative to THIS REPOSITORY'S OWN typical level (a repo-normalized value, not a raw count -- see the raw open_bugs_at_release column for the actual count). NOTE: this relationship runs in OPPOSITE directions for microsoft/vscode versus kubernetes/kubernetes and apache/airflow -- confirm which repository this release belongs to before interpreting the direction.",first_time_contributor_count (contribution=0.016): This release involved an unusually high number of first-time contributors.,"first_time_contributor_share (contribution=0.016): Same signal as first_time_contributor_count, expressed as a share of all contributors.",For kubernetes/kubernetes or apache/airflow: a high backlog suggests unresolved technical debt risk -- consider prioritizing backlog triage before this release ships. For microsoft/vscode: a LOW backlog was associated with higher risk in this dataset -- investigate whether this reflects under-reporting rather than genuine stability before treating it as reassuring.,"Consider additional review scrutiny specifically on first-time contributors' changes, given this project's confirmed (though not fully independent of other factors) association between contributor turnover and elevated risk.",See first_time_contributor_count recommendation.,validation
232060796,apache/airflow,0.4979349941371381,High,"open_bugs_at_release_repo_z (contribution=0.063): The pre-release open-bug backlog is unusually high or low relative to THIS REPOSITORY'S OWN typical level (a repo-normalized value, not a raw count -- see the raw open_bugs_at_release column for the actual count). NOTE: this relationship runs in OPPOSITE directions for microsoft/vscode versus kubernetes/kubernetes and apache/airflow -- confirm which repository this release belongs to before interpreting the direction.",first_time_contributor_count (contribution=0.028): This release involved an unusually high number of first-time contributors.,commit_count (contribution=0.022): The volume of commits before this release is unusually high or low.,For kubernetes/kubernetes or apache/airflow: a high backlog suggests unresolved technical debt risk -- consider prioritizing backlog triage before this release ships. For microsoft/vscode: a LOW backlog was associated with higher risk in this dataset -- investigate whether this reflects under-reporting rather than genuine stability before treating it as reassuring.,"Consider additional review scrutiny specifically on first-time contributors' changes, given this project's confirmed (though not fully independent of other factors) association between contributor turnover and elevated risk.","A very high commit count (a large release) may warrant proportionally more testing time; a very low count paired with elevated risk may indicate the release was small but touched a disproportionately risky area of the codebase -- review change scope, not just change volume.",validation
232316442,apache/airflow,0.46278710283188407,High,"open_bugs_at_release_repo_z (contribution=0.063): The pre-release open-bug backlog is unusually high or low relative to THIS REPOSITORY'S OWN typical level (a repo-normalized value, not a raw count -- see the raw open_bugs_at_release column for the actual count). NOTE: this relationship runs in OPPOSITE directions for microsoft/vscode versus kubernetes/kubernetes and apache/airflow -- confirm which repository this release belongs to before interpreting the direction.","release_sequence (contribution=0.008): This release's position in its repository's history is associated with elevated risk (a project-wide finding, strongest and most consistent signal across every analysis method used).",avg_time_to_merge_hours (contribution=0.004): Pull requests before this release merged unusually quickly or slowly on average.,For kubernetes/kubernetes or apache/airflow: a high backlog suggests unresolved technical debt risk -- consider prioritizing backlog triage before this release ships. For microsoft/vscode: a LOW backlog was associated with higher risk in this dataset -- investigate whether this reflects under-reporting rather than genuine stability before treating it as reassuring.,Cross-check against recent actual bug trends for this repository before relying heavily on this signal alone -- it partly reflects a documented training-period drift pattern that may not hold indefinitely (see the Target-Variable Definition document).,Very fast merging paired with elevated risk may indicate reduced review scrutiny; consider a second reviewer pass on the highest-impact changes before shipping.,validation
160346297,microsoft/vscode,0.4553454970518246,High,"open_bugs_at_release_repo_z (contribution=0.033): The pre-release open-bug backlog is unusually high or low relative to THIS REPOSITORY'S OWN typical level (a repo-normalized value, not a raw count -- see the raw open_bugs_at_release column for the actual count). NOTE: this relationship runs in OPPOSITE directions for microsoft/vscode versus kubernetes/kubernetes and apache/airflow -- confirm which repository this release belongs to before interpreting the direction.",avg_time_to_merge_hours (contribution=0.004): Pull requests before this release merged unusually quickly or slowly on average.,"median_time_to_merge_hours (contribution=0.003): Same signal as avg_time_to_merge_hours, less sensitive to a few outlier PRs.",For kubernetes/kubernetes or apache/airflow: a high backlog suggests unresolved technical debt risk -- consider prioritizing backlog triage before this release ships. For microsoft/vscode: a LOW backlog was associated with higher risk in this dataset -- investigate whether this reflects under-reporting rather than genuine stability before treating it as reassuring.,Very fast merging paired with elevated risk may indicate reduced review scrutiny; consider a second reviewer pass on the highest-impact changes before shipping.,See avg_time_to_merge_hours recommendation.,validation
161326740,microsoft/vscode,0.45106673741556713,High,"open_bugs_at_release_repo_z (contribution=0.034): The pre-release open-bug backlog is unusually high or low relative to THIS REPOSITORY'S OWN typical level (a repo-normalized value, not a raw count -- see the raw open_bugs_at_release column for the actual count). NOTE: this relationship runs in OPPOSITE directions for microsoft/vscode versus kubernetes/kubernetes and apache/airflow -- confirm which repository this release belongs to before interpreting the direction.",avg_time_to_merge_hours (contribution=0.004): Pull requests before this release merged unusually quickly or slowly on average.,"median_time_to_merge_hours (contribution=0.003): Same signal as avg_time_to_merge_hours, less sensitive to a few outlier PRs.",For kubernetes/kubernetes or apache/airflow: a high backlog suggests unresolved technical debt risk -- consider prioritizing backlog triage before this release ships. For microsoft/vscode: a LOW backlog was associated with higher risk in this dataset -- investigate whether this reflects under-reporting rather than genuine stability before treating it as reassuring.,Very fast merging paired with elevated risk may indicate reduced review scrutiny; consider a second reviewer pass on the highest-impact changes before shipping.,See avg_time_to_merge_hours recommendation.,validation
163868610,microsoft/vscode,0.46343061783256456,High,"open_bugs_at_release_repo_z (contribution=0.035): The pre-release open-bug backlog is unusually high or low relative to THIS REPOSITORY'S OWN typical level (a repo-normalized value, not a raw count -- see the raw open_bugs_at_release column for the actual count). NOTE: this relationship runs in OPPOSITE directions for microsoft/vscode versus kubernetes/kubernetes and apache/airflow -- confirm which repository this release belongs to before interpreting the direction.",commit_count (contribution=0.006): The volume of commits before this release is unusually high or low.,"median_time_to_merge_hours (contribution=0.003): Same signal as avg_time_to_merge_hours, less sensitive to a few outlier PRs.",For kubernetes/kubernetes or apache/airflow: a high backlog suggests unresolved technical debt risk -- consider prioritizing backlog triage before this release ships. For microsoft/vscode: a LOW backlog was associated with higher risk in this dataset -- investigate whether this reflects under-reporting rather than genuine stability before treating it as reassuring.,"A very high commit count (a large release) may warrant proportionally more testing time; a very low count paired with elevated risk may indicate the release was small but touched a disproportionately risky area of the codebase -- review change scope, not just change volume.",See avg_time_to_merge_hours recommendation.,validation
165004015,microsoft/vscode,0.45725957888535584,High,"open_bugs_at_release_repo_z (contribution=0.036): The pre-release open-bug backlog is unusually high or low relative to THIS REPOSITORY'S OWN typical level (a repo-normalized value, not a raw count -- see the raw open_bugs_at_release column for the actual count). NOTE: this relationship runs in OPPOSITE directions for microsoft/vscode versus kubernetes/kubernetes and apache/airflow -- confirm which repository this release belongs to before interpreting the direction.",avg_time_to_merge_hours (contribution=0.006): Pull requests before this release merged unusually quickly or slowly on average.,"median_time_to_merge_hours (contribution=0.003): Same signal as avg_time_to_merge_hours, less sensitive to a few outlier PRs.",For kubernetes/kubernetes or apache/airflow: a high backlog suggests unresolved technical debt risk -- consider prioritizing backlog triage before this release ships. For microsoft/vscode: a LOW backlog was associated with higher risk in this dataset -- investigate whether this reflects under-reporting rather than genuine stability before treating it as reassuring.,Very fast merging paired with elevated risk may indicate reduced review scrutiny; consider a second reviewer pass on the highest-impact changes before shipping.,See avg_time_to_merge_hours recommendation.,validation
168291552,microsoft/vscode,0.47375078487544187,High,"open_bugs_at_release_repo_z (contribution=0.038): The pre-release open-bug backlog is unusually high or low relative to THIS REPOSITORY'S OWN typical level (a repo-normalized value, not a raw count -- see the raw open_bugs_at_release column for the actual count). NOTE: this relationship runs in OPPOSITE directions for microsoft/vscode versus kubernetes/kubernetes and apache/airflow -- confirm which repository this release belongs to before interpreting the direction.",commit_count (contribution=0.019): The volume of commits before this release is unusually high or low.,"first_time_contributor_share (contribution=0.014): Same signal as first_time_contributor_count, expressed as a share of all contributors.",For kubernetes/kubernetes or apache/airflow: a high backlog suggests unresolved technical debt risk -- consider prioritizing backlog triage before this release ships. For microsoft/vscode: a LOW backlog was associated with higher risk in this dataset -- investigate whether this reflects under-reporting rather than genuine stability before treating it as reassuring.,"A very high commit count (a large release) may warrant proportionally more testing time; a very low count paired with elevated risk may indicate the release was small but touched a disproportionately risky area of the codebase -- review change scope, not just change volume.",See first_time_contributor_count recommendation.,validation
169369196,microsoft/vscode,0.45331982808993615,High,"open_bugs_at_release_repo_z (contribution=0.039): The pre-release open-bug backlog is unusually high or low relative to THIS REPOSITORY'S OWN typical level (a repo-normalized value, not a raw count -- see the raw open_bugs_at_release column for the actual count). NOTE: this relationship runs in OPPOSITE directions for microsoft/vscode versus kubernetes/kubernetes and apache/airflow -- confirm which repository this release belongs to before interpreting the direction.",avg_time_to_merge_hours (contribution=0.005): Pull requests before this release merged unusually quickly or slowly on average.,"median_time_to_merge_hours (contribution=0.003): Same signal as avg_time_to_merge_hours, less sensitive to a few outlier PRs.",For kubernetes/kubernetes or apache/airflow: a high backlog suggests unresolved technical debt risk -- consider prioritizing backlog triage before this release ships. For microsoft/vscode: a LOW backlog was associated with higher risk in this dataset -- investigate whether this reflects under-reporting rather than genuine stability before treating it as reassuring.,Very fast merging paired with elevated risk may indicate reduced review scrutiny; consider a second reviewer pass on the highest-impact changes before shipping.,See avg_time_to_merge_hours recommendation.,validation
170407271,microsoft/vscode,0.45413626010715363,High,"open_bugs_at_release_repo_z (contribution=0.040): The pre-release open-bug backlog is unusually high or low relative to THIS REPOSITORY'S OWN typical level (a repo-normalized value, not a raw count -- see the raw open_bugs_at_release column for the actual count). NOTE: this relationship runs in OPPOSITE directions for microsoft/vscode versus kubernetes/kubernetes and apache/airflow -- confirm which repository this release belongs to before interpreting the direction.",avg_time_to_merge_hours (contribution=0.005): Pull requests before this release merged unusually quickly or slowly on average.,"median_time_to_merge_hours (contribution=0.003): Same signal as avg_time_to_merge_hours, less sensitive to a few outlier PRs.",For kubernetes/kubernetes or apache/airflow: a high backlog suggests unresolved technical debt risk -- consider prioritizing backlog triage before this release ships. For microsoft/vscode: a LOW backlog was associated with higher risk in this dataset -- investigate whether this reflects under-reporting rather than genuine stability before treating it as reassuring.,Very fast merging paired with elevated risk may indicate reduced review scrutiny; consider a second reviewer pass on the highest-impact changes before shipping.,See avg_time_to_merge_hours recommendation.,validation
173695787,microsoft/vscode,0.4686017788621362,High,"open_bugs_at_release_repo_z (contribution=0.043): The pre-release open-bug backlog is unusually high or low relative to THIS REPOSITORY'S OWN typical level (a repo-normalized value, not a raw count -- see the raw open_bugs_at_release column for the actual count). NOTE: this relationship runs in OPPOSITE directions for microsoft/vscode versus kubernetes/kubernetes and apache/airflow -- confirm which repository this release belongs to before interpreting the direction.",commit_count (contribution=0.024): The volume of commits before this release is unusually high or low.,pr_count (contribution=0.007): The number of pull requests merged before this release is unusually high or low.,For kubernetes/kubernetes or apache/airflow: a high backlog suggests unresolved technical debt risk -- consider prioritizing backlog triage before this release ships. For microsoft/vscode: a LOW backlog was associated with higher risk in this dataset -- investigate whether this reflects under-reporting rather than genuine stability before treating it as reassuring.,"A very high commit count (a large release) may warrant proportionally more testing time; a very low count paired with elevated risk may indicate the release was small but touched a disproportionately risky area of the codebase -- review change scope, not just change volume.",Consider whether review capacity kept pace with PR volume for this release cycle.,validation
174811451,microsoft/vscode,0.4553366089482858,High,"open_bugs_at_release_repo_z (contribution=0.044): The pre-release open-bug backlog is unusually high or low relative to THIS REPOSITORY'S OWN typical level (a repo-normalized value, not a raw count -- see the raw open_bugs_at_release column for the actual count). NOTE: this relationship runs in OPPOSITE directions for microsoft/vscode versus kubernetes/kubernetes and apache/airflow -- confirm which repository this release belongs to before interpreting the direction.",avg_time_to_merge_hours (contribution=0.005): Pull requests before this release merged unusually quickly or slowly on average.,"median_time_to_merge_hours (contribution=0.003): Same signal as avg_time_to_merge_hours, less sensitive to a few outlier PRs.",For kubernetes/kubernetes or apache/airflow: a high backlog suggests unresolved technical debt risk -- consider prioritizing backlog triage before this release ships. For microsoft/vscode: a LOW backlog was associated with higher risk in this dataset -- investigate whether this reflects under-reporting rather than genuine stability before treating it as reassuring.,Very fast merging paired with elevated risk may indicate reduced review scrutiny; consider a second reviewer pass on the highest-impact changes before shipping.,See avg_time_to_merge_hours recommendation.,validation
178259340,microsoft/vscode,0.4739673162778876,High,"open_bugs_at_release_repo_z (contribution=0.048): The pre-release open-bug backlog is unusually high or low relative to THIS REPOSITORY'S OWN typical level (a repo-normalized value, not a raw count -- see the raw open_bugs_at_release column for the actual count). NOTE: this relationship runs in OPPOSITE directions for microsoft/vscode versus kubernetes/kubernetes and apache/airflow -- confirm which repository this release belongs to before interpreting the direction.",commit_count (contribution=0.034): The volume of commits before this release is unusually high or low.,pr_count (contribution=0.010): The number of pull requests merged before this release is unusually high or low.,For kubernetes/kubernetes or apache/airflow: a high backlog suggests unresolved technical debt risk -- consider prioritizing backlog triage before this release ships. For microsoft/vscode: a LOW backlog was associated with higher risk in this dataset -- investigate whether this reflects under-reporting rather than genuine stability before treating it as reassuring.,"A very high commit count (a large release) may warrant proportionally more testing time; a very low count paired with elevated risk may indicate the release was small but touched a disproportionately risky area of the codebase -- review change scope, not just change volume.",Consider whether review capacity kept pace with PR volume for this release cycle.,validation
178954173,microsoft/vscode,0.45687209392532985,High,"open_bugs_at_release_repo_z (contribution=0.048): The pre-release open-bug backlog is unusually high or low relative to THIS REPOSITORY'S OWN typical level (a repo-normalized value, not a raw count -- see the raw open_bugs_at_release column for the actual count). NOTE: this relationship runs in OPPOSITE directions for microsoft/vscode versus kubernetes/kubernetes and apache/airflow -- confirm which repository this release belongs to before interpreting the direction.",avg_time_to_merge_hours (contribution=0.005): Pull requests before this release merged unusually quickly or slowly on average.,"median_time_to_merge_hours (contribution=0.003): Same signal as avg_time_to_merge_hours, less sensitive to a few outlier PRs.",For kubernetes/kubernetes or apache/airflow: a high backlog suggests unresolved technical debt risk -- consider prioritizing backlog triage before this release ships. For microsoft/vscode: a LOW backlog was associated with higher risk in this dataset -- investigate whether this reflects under-reporting rather than genuine stability before treating it as reassuring.,Very fast merging paired with elevated risk may indicate reduced review scrutiny; consider a second reviewer pass on the highest-impact changes before shipping.,See avg_time_to_merge_hours recommendation.,validation
179341265,microsoft/vscode,0.45377139981920145,High,"open_bugs_at_release_repo_z (contribution=0.048): The pre-release open-bug backlog is unusually high or low relative to THIS REPOSITORY'S OWN typical level (a repo-normalized value, not a raw count -- see the raw open_bugs_at_release column for the actual count). NOTE: this relationship runs in OPPOSITE directions for microsoft/vscode versus kubernetes/kubernetes and apache/airflow -- confirm which repository this release belongs to before interpreting the direction.",avg_time_to_merge_hours (contribution=0.006): Pull requests before this release merged unusually quickly or slowly on average.,pct_merged (contribution=0.003): The share of this cycle's PRs that were merged (vs. closed unmerged) is unusually high or low.,For kubernetes/kubernetes or apache/airflow: a high backlog suggests unresolved technical debt risk -- consider prioritizing backlog triage before this release ships. For microsoft/vscode: a LOW backlog was associated with higher risk in this dataset -- investigate whether this reflects under-reporting rather than genuine stability before treating it as reassuring.,Very fast merging paired with elevated risk may indicate reduced review scrutiny; consider a second reviewer pass on the highest-impact changes before shipping.,A low merge rate paired with elevated risk may indicate churn or disagreement during review; investigate closed-unmerged PRs for recurring concerns.,validation
182523912,microsoft/vscode,0.47149635757894826,High,"open_bugs_at_release_repo_z (contribution=0.049): The pre-release open-bug backlog is unusually high or low relative to THIS REPOSITORY'S OWN typical level (a repo-normalized value, not a raw count -- see the raw open_bugs_at_release column for the actual count). NOTE: this relationship runs in OPPOSITE directions for microsoft/vscode versus kubernetes/kubernetes and apache/airflow -- confirm which repository this release belongs to before interpreting the direction.",commit_count (contribution=0.015): The volume of commits before this release is unusually high or low.,"first_time_contributor_share (contribution=0.007): Same signal as first_time_contributor_count, expressed as a share of all contributors.",For kubernetes/kubernetes or apache/airflow: a high backlog suggests unresolved technical debt risk -- consider prioritizing backlog triage before this release ships. For microsoft/vscode: a LOW backlog was associated with higher risk in this dataset -- investigate whether this reflects under-reporting rather than genuine stability before treating it as reassuring.,"A very high commit count (a large release) may warrant proportionally more testing time; a very low count paired with elevated risk may indicate the release was small but touched a disproportionately risky area of the codebase -- review change scope, not just change volume.",See first_time_contributor_count recommendation.,validation
183016531,microsoft/vscode,0.4509855294382524,High,"open_bugs_at_release_repo_z (contribution=0.049): The pre-release open-bug backlog is unusually high or low relative to THIS REPOSITORY'S OWN typical level (a repo-normalized value, not a raw count -- see the raw open_bugs_at_release column for the actual count). NOTE: this relationship runs in OPPOSITE directions for microsoft/vscode versus kubernetes/kubernetes and apache/airflow -- confirm which repository this release belongs to before interpreting the direction.",avg_time_to_merge_hours (contribution=0.005): Pull requests before this release merged unusually quickly or slowly on average.,"median_time_to_merge_hours (contribution=0.003): Same signal as avg_time_to_merge_hours, less sensitive to a few outlier PRs.",For kubernetes/kubernetes or apache/airflow: a high backlog suggests unresolved technical debt risk -- consider prioritizing backlog triage before this release ships. For microsoft/vscode: a LOW backlog was associated with higher risk in this dataset -- investigate whether this reflects under-reporting rather than genuine stability before treating it as reassuring.,Very fast merging paired with elevated risk may indicate reduced review scrutiny; consider a second reviewer pass on the highest-impact changes before shipping.,See avg_time_to_merge_hours recommendation.,validation
184258993,microsoft/vscode,0.4532609770228604,High,"open_bugs_at_release_repo_z (contribution=0.051): The pre-release open-bug backlog is unusually high or low relative to THIS REPOSITORY'S OWN typical level (a repo-normalized value, not a raw count -- see the raw open_bugs_at_release column for the actual count). NOTE: this relationship runs in OPPOSITE directions for microsoft/vscode versus kubernetes/kubernetes and apache/airflow -- confirm which repository this release belongs to before interpreting the direction.",avg_time_to_merge_hours (contribution=0.006): Pull requests before this release merged unusually quickly or slowly on average.,"median_time_to_merge_hours (contribution=0.003): Same signal as avg_time_to_merge_hours, less sensitive to a few outlier PRs.",For kubernetes/kubernetes or apache/airflow: a high backlog suggests unresolved technical debt risk -- consider prioritizing backlog triage before this release ships. For microsoft/vscode: a LOW backlog was associated with higher risk in this dataset -- investigate whether this reflects under-reporting rather than genuine stability before treating it as reassuring.,Very fast merging paired with elevated risk may indicate reduced review scrutiny; consider a second reviewer pass on the highest-impact changes before shipping.,See avg_time_to_merge_hours recommendation.,validation
185530462,microsoft/vscode,0.4529440424545476,High,"open_bugs_at_release_repo_z (contribution=0.051): The pre-release open-bug backlog is unusually high or low relative to THIS REPOSITORY'S OWN typical level (a repo-normalized value, not a raw count -- see the raw open_bugs_at_release column for the actual count). NOTE: this relationship runs in OPPOSITE directions for microsoft/vscode versus kubernetes/kubernetes and apache/airflow -- confirm which repository this release belongs to before interpreting the direction.",avg_time_to_merge_hours (contribution=0.005): Pull requests before this release merged unusually quickly or slowly on average.,"median_time_to_merge_hours (contribution=0.003): Same signal as avg_time_to_merge_hours, less sensitive to a few outlier PRs.",For kubernetes/kubernetes or apache/airflow: a high backlog suggests unresolved technical debt risk -- consider prioritizing backlog triage before this release ships. For microsoft/vscode: a LOW backlog was associated with higher risk in this dataset -- investigate whether this reflects under-reporting rather than genuine stability before treating it as reassuring.,Very fast merging paired with elevated risk may indicate reduced review scrutiny; consider a second reviewer pass on the highest-impact changes before shipping.,See avg_time_to_merge_hours recommendation.,validation
190282879,microsoft/vscode,0.47575607830103384,High,"open_bugs_at_release_repo_z (contribution=0.049): The pre-release open-bug backlog is unusually high or low relative to THIS REPOSITORY'S OWN typical level (a repo-normalized value, not a raw count -- see the raw open_bugs_at_release column for the actual count). NOTE: this relationship runs in OPPOSITE directions for microsoft/vscode versus kubernetes/kubernetes and apache/airflow -- confirm which repository this release belongs to before interpreting the direction.",commit_count (contribution=0.033): The volume of commits before this release is unusually high or low.,pr_count (contribution=0.011): The number of pull requests merged before this release is unusually high or low.,For kubernetes/kubernetes or apache/airflow: a high backlog suggests unresolved technical debt risk -- consider prioritizing backlog triage before this release ships. For microsoft/vscode: a LOW backlog was associated with higher risk in this dataset -- investigate whether this reflects under-reporting rather than genuine stability before treating it as reassuring.,"A very high commit count (a large release) may warrant proportionally more testing time; a very low count paired with elevated risk may indicate the release was small but touched a disproportionately risky area of the codebase -- review change scope, not just change volume.",Consider whether review capacity kept pace with PR volume for this release cycle.,validation
191500700,microsoft/vscode,0.4632624911443946,High,"open_bugs_at_release_repo_z (contribution=0.043): The pre-release open-bug backlog is unusually high or low relative to THIS REPOSITORY'S OWN typical level (a repo-normalized value, not a raw count -- see the raw open_bugs_at_release column for the actual count). NOTE: this relationship runs in OPPOSITE directions for microsoft/vscode versus kubernetes/kubernetes and apache/airflow -- confirm which repository this release belongs to before interpreting the direction.","first_time_contributor_share (contribution=0.011): Same signal as first_time_contributor_count, expressed as a share of all contributors.",avg_time_to_merge_hours (contribution=0.006): Pull requests before this release merged unusually quickly or slowly on average.,For kubernetes/kubernetes or apache/airflow: a high backlog suggests unresolved technical debt risk -- consider prioritizing backlog triage before this release ships. For microsoft/vscode: a LOW backlog was associated with higher risk in this dataset -- investigate whether this reflects under-reporting rather than genuine stability before treating it as reassuring.,See first_time_contributor_count recommendation.,Very fast merging paired with elevated risk may indicate reduced review scrutiny; consider a second reviewer pass on the highest-impact changes before shipping.,validation
191730414,microsoft/vscode,0.4442663796417786,High,"open_bugs_at_release_repo_z (contribution=0.042): The pre-release open-bug backlog is unusually high or low relative to THIS REPOSITORY'S OWN typical level (a repo-normalized value, not a raw count -- see the raw open_bugs_at_release column for the actual count). NOTE: this relationship runs in OPPOSITE directions for microsoft/vscode versus kubernetes/kubernetes and apache/airflow -- confirm which repository this release belongs to before interpreting the direction.",avg_time_to_merge_hours (contribution=0.006): Pull requests before this release merged unusually quickly or slowly on average.,"median_time_to_merge_hours (contribution=0.003): Same signal as avg_time_to_merge_hours, less sensitive to a few outlier PRs.",For kubernetes/kubernetes or apache/airflow: a high backlog suggests unresolved technical debt risk -- consider prioritizing backlog triage before this release ships. For microsoft/vscode: a LOW backlog was associated with higher risk in this dataset -- investigate whether this reflects under-reporting rather than genuine stability before treating it as reassuring.,Very fast merging paired with elevated risk may indicate reduced review scrutiny; consider a second reviewer pass on the highest-impact changes before shipping.,See avg_time_to_merge_hours recommendation.,validation
194435633,microsoft/vscode,0.45865407913748596,High,"open_bugs_at_release_repo_z (contribution=0.040): The pre-release open-bug backlog is unusually high or low relative to THIS REPOSITORY'S OWN typical level (a repo-normalized value, not a raw count -- see the raw open_bugs_at_release column for the actual count). NOTE: this relationship runs in OPPOSITE directions for microsoft/vscode versus kubernetes/kubernetes and apache/airflow -- confirm which repository this release belongs to before interpreting the direction.",cycle_length_days (contribution=0.004): The time since the previous release is unusually long or short.,avg_time_to_merge_hours (contribution=0.004): Pull requests before this release merged unusually quickly or slowly on average.,For kubernetes/kubernetes or apache/airflow: a high backlog suggests unresolved technical debt risk -- consider prioritizing backlog triage before this release ships. For microsoft/vscode: a LOW backlog was associated with higher risk in this dataset -- investigate whether this reflects under-reporting rather than genuine stability before treating it as reassuring.,A very short cycle may mean limited integration/soak time before shipping; consider whether this release had adequate testing time relative to its scope.,Very fast merging paired with elevated risk may indicate reduced review scrutiny; consider a second reviewer pass on the highest-impact changes before shipping.,validation
195234780,microsoft/vscode,0.45052439272500205,High,"open_bugs_at_release_repo_z (contribution=0.041): The pre-release open-bug backlog is unusually high or low relative to THIS REPOSITORY'S OWN typical level (a repo-normalized value, not a raw count -- see the raw open_bugs_at_release column for the actual count). NOTE: this relationship runs in OPPOSITE directions for microsoft/vscode versus kubernetes/kubernetes and apache/airflow -- confirm which repository this release belongs to before interpreting the direction.",avg_time_to_merge_hours (contribution=0.006): Pull requests before this release merged unusually quickly or slowly on average.,"median_time_to_merge_hours (contribution=0.003): Same signal as avg_time_to_merge_hours, less sensitive to a few outlier PRs.",For kubernetes/kubernetes or apache/airflow: a high backlog suggests unresolved technical debt risk -- consider prioritizing backlog triage before this release ships. For microsoft/vscode: a LOW backlog was associated with higher risk in this dataset -- investigate whether this reflects under-reporting rather than genuine stability before treating it as reassuring.,Very fast merging paired with elevated risk may indicate reduced review scrutiny; consider a second reviewer pass on the highest-impact changes before shipping.,See avg_time_to_merge_hours recommendation.,validation
198877577,microsoft/vscode,0.46270198304160065,High,"open_bugs_at_release_repo_z (contribution=0.043): The pre-release open-bug backlog is unusually high or low relative to THIS REPOSITORY'S OWN typical level (a repo-normalized value, not a raw count -- see the raw open_bugs_at_release column for the actual count). NOTE: this relationship runs in OPPOSITE directions for microsoft/vscode versus kubernetes/kubernetes and apache/airflow -- confirm which repository this release belongs to before interpreting the direction.",commit_count (contribution=0.029): The volume of commits before this release is unusually high or low.,pr_count (contribution=0.009): The number of pull requests merged before this release is unusually high or low.,For kubernetes/kubernetes or apache/airflow: a high backlog suggests unresolved technical debt risk -- consider prioritizing backlog triage before this release ships. For microsoft/vscode: a LOW backlog was associated with higher risk in this dataset -- investigate whether this reflects under-reporting rather than genuine stability before treating it as reassuring.,"A very high commit count (a large release) may warrant proportionally more testing time; a very low count paired with elevated risk may indicate the release was small but touched a disproportionately risky area of the codebase -- review change scope, not just change volume.",Consider whether review capacity kept pace with PR volume for this release cycle.,validation
199679394,microsoft/vscode,0.4550943399580381,High,"open_bugs_at_release_repo_z (contribution=0.044): The pre-release open-bug backlog is unusually high or low relative to THIS REPOSITORY'S OWN typical level (a repo-normalized value, not a raw count -- see the raw open_bugs_at_release column for the actual count). NOTE: this relationship runs in OPPOSITE directions for microsoft/vscode versus kubernetes/kubernetes and apache/airflow -- confirm which repository this release belongs to before interpreting the direction.","first_time_contributor_share (contribution=0.007): Same signal as first_time_contributor_count, expressed as a share of all contributors.",avg_time_to_merge_hours (contribution=0.005): Pull requests before this release merged unusually quickly or slowly on average.,For kubernetes/kubernetes or apache/airflow: a high backlog suggests unresolved technical debt risk -- consider prioritizing backlog triage before this release ships. For microsoft/vscode: a LOW backlog was associated with higher risk in this dataset -- investigate whether this reflects under-reporting rather than genuine stability before treating it as reassuring.,See first_time_contributor_count recommendation.,Very fast merging paired with elevated risk may indicate reduced review scrutiny; consider a second reviewer pass on the highest-impact changes before shipping.,validation
200205683,microsoft/vscode,0.44621994511405033,High,"open_bugs_at_release_repo_z (contribution=0.044): The pre-release open-bug backlog is unusually high or low relative to THIS REPOSITORY'S OWN typical level (a repo-normalized value, not a raw count -- see the raw open_bugs_at_release column for the actual count). NOTE: this relationship runs in OPPOSITE directions for microsoft/vscode versus kubernetes/kubernetes and apache/airflow -- confirm which repository this release belongs to before interpreting the direction.",avg_time_to_merge_hours (contribution=0.005): Pull requests before this release merged unusually quickly or slowly on average.,"median_time_to_merge_hours (contribution=0.003): Same signal as avg_time_to_merge_hours, less sensitive to a few outlier PRs.",For kubernetes/kubernetes or apache/airflow: a high backlog suggests unresolved technical debt risk -- consider prioritizing backlog triage before this release ships. For microsoft/vscode: a LOW backlog was associated with higher risk in this dataset -- investigate whether this reflects under-reporting rather than genuine stability before treating it as reassuring.,Very fast merging paired with elevated risk may indicate reduced review scrutiny; consider a second reviewer pass on the highest-impact changes before shipping.,See avg_time_to_merge_hours recommendation.,validation
203925835,microsoft/vscode,0.468053729560012,High,"open_bugs_at_release_repo_z (contribution=0.047): The pre-release open-bug backlog is unusually high or low relative to THIS REPOSITORY'S OWN typical level (a repo-normalized value, not a raw count -- see the raw open_bugs_at_release column for the actual count). NOTE: this relationship runs in OPPOSITE directions for microsoft/vscode versus kubernetes/kubernetes and apache/airflow -- confirm which repository this release belongs to before interpreting the direction.",commit_count (contribution=0.034): The volume of commits before this release is unusually high or low.,pr_count (contribution=0.010): The number of pull requests merged before this release is unusually high or low.,For kubernetes/kubernetes or apache/airflow: a high backlog suggests unresolved technical debt risk -- consider prioritizing backlog triage before this release ships. For microsoft/vscode: a LOW backlog was associated with higher risk in this dataset -- investigate whether this reflects under-reporting rather than genuine stability before treating it as reassuring.,"A very high commit count (a large release) may warrant proportionally more testing time; a very low count paired with elevated risk may indicate the release was small but touched a disproportionately risky area of the codebase -- review change scope, not just change volume.",Consider whether review capacity kept pace with PR volume for this release cycle.,validation
204834300,microsoft/vscode,0.44684365941203685,High,"open_bugs_at_release_repo_z (contribution=0.048): The pre-release open-bug backlog is unusually high or low relative to THIS REPOSITORY'S OWN typical level (a repo-normalized value, not a raw count -- see the raw open_bugs_at_release column for the actual count). NOTE: this relationship runs in OPPOSITE directions for microsoft/vscode versus kubernetes/kubernetes and apache/airflow -- confirm which repository this release belongs to before interpreting the direction.",avg_time_to_merge_hours (contribution=0.005): Pull requests before this release merged unusually quickly or slowly on average.,"median_time_to_merge_hours (contribution=0.003): Same signal as avg_time_to_merge_hours, less sensitive to a few outlier PRs.",For kubernetes/kubernetes or apache/airflow: a high backlog suggests unresolved technical debt risk -- consider prioritizing backlog triage before this release ships. For microsoft/vscode: a LOW backlog was associated with higher risk in this dataset -- investigate whether this reflects under-reporting rather than genuine stability before treating it as reassuring.,Very fast merging paired with elevated risk may indicate reduced review scrutiny; consider a second reviewer pass on the highest-impact changes before shipping.,See avg_time_to_merge_hours recommendation.,validation
205645537,microsoft/vscode,0.4478069657019124,High,"open_bugs_at_release_repo_z (contribution=0.048): The pre-release open-bug backlog is unusually high or low relative to THIS REPOSITORY'S OWN typical level (a repo-normalized value, not a raw count -- see the raw open_bugs_at_release column for the actual count). NOTE: this relationship runs in OPPOSITE directions for microsoft/vscode versus kubernetes/kubernetes and apache/airflow -- confirm which repository this release belongs to before interpreting the direction.",avg_time_to_merge_hours (contribution=0.006): Pull requests before this release merged unusually quickly or slowly on average.,"median_time_to_merge_hours (contribution=0.003): Same signal as avg_time_to_merge_hours, less sensitive to a few outlier PRs.",For kubernetes/kubernetes or apache/airflow: a high backlog suggests unresolved technical debt risk -- consider prioritizing backlog triage before this release ships. For microsoft/vscode: a LOW backlog was associated with higher risk in this dataset -- investigate whether this reflects under-reporting rather than genuine stability before treating it as reassuring.,Very fast merging paired with elevated risk may indicate reduced review scrutiny; consider a second reviewer pass on the highest-impact changes before shipping.,See avg_time_to_merge_hours recommendation.,validation
210233021,microsoft/vscode,0.4755985274940503,High,"open_bugs_at_release_repo_z (contribution=0.051): The pre-release open-bug backlog is unusually high or low relative to THIS REPOSITORY'S OWN typical level (a repo-normalized value, not a raw count -- see the raw open_bugs_at_release column for the actual count). NOTE: this relationship runs in OPPOSITE directions for microsoft/vscode versus kubernetes/kubernetes and apache/airflow -- confirm which repository this release belongs to before interpreting the direction.",commit_count (contribution=0.045): The volume of commits before this release is unusually high or low.,pr_count (contribution=0.013): The number of pull requests merged before this release is unusually high or low.,For kubernetes/kubernetes or apache/airflow: a high backlog suggests unresolved technical debt risk -- consider prioritizing backlog triage before this release ships. For microsoft/vscode: a LOW backlog was associated with higher risk in this dataset -- investigate whether this reflects under-reporting rather than genuine stability before treating it as reassuring.,"A very high commit count (a large release) may warrant proportionally more testing time; a very low count paired with elevated risk may indicate the release was small but touched a disproportionately risky area of the codebase -- review change scope, not just change volume.",Consider whether review capacity kept pace with PR volume for this release cycle.,validation
211083770,microsoft/vscode,0.4487680678645163,High,"open_bugs_at_release_repo_z (contribution=0.052): The pre-release open-bug backlog is unusually high or low relative to THIS REPOSITORY'S OWN typical level (a repo-normalized value, not a raw count -- see the raw open_bugs_at_release column for the actual count). NOTE: this relationship runs in OPPOSITE directions for microsoft/vscode versus kubernetes/kubernetes and apache/airflow -- confirm which repository this release belongs to before interpreting the direction.",avg_time_to_merge_hours (contribution=0.004): Pull requests before this release merged unusually quickly or slowly on average.,"median_time_to_merge_hours (contribution=0.003): Same signal as avg_time_to_merge_hours, less sensitive to a few outlier PRs.",For kubernetes/kubernetes or apache/airflow: a high backlog suggests unresolved technical debt risk -- consider prioritizing backlog triage before this release ships. For microsoft/vscode: a LOW backlog was associated with higher risk in this dataset -- investigate whether this reflects under-reporting rather than genuine stability before treating it as reassuring.,Very fast merging paired with elevated risk may indicate reduced review scrutiny; consider a second reviewer pass on the highest-impact changes before shipping.,See avg_time_to_merge_hours recommendation.,validation
211624742,microsoft/vscode,0.44448857317763496,High,"open_bugs_at_release_repo_z (contribution=0.052): The pre-release open-bug backlog is unusually high or low relative to THIS REPOSITORY'S OWN typical level (a repo-normalized value, not a raw count -- see the raw open_bugs_at_release column for the actual count). NOTE: this relationship runs in OPPOSITE directions for microsoft/vscode versus kubernetes/kubernetes and apache/airflow -- confirm which repository this release belongs to before interpreting the direction.",avg_time_to_merge_hours (contribution=0.005): Pull requests before this release merged unusually quickly or slowly on average.,"median_time_to_merge_hours (contribution=0.003): Same signal as avg_time_to_merge_hours, less sensitive to a few outlier PRs.",For kubernetes/kubernetes or apache/airflow: a high backlog suggests unresolved technical debt risk -- consider prioritizing backlog triage before this release ships. For microsoft/vscode: a LOW backlog was associated with higher risk in this dataset -- investigate whether this reflects under-reporting rather than genuine stability before treating it as reassuring.,Very fast merging paired with elevated risk may indicate reduced review scrutiny; consider a second reviewer pass on the highest-impact changes before shipping.,See avg_time_to_merge_hours recommendation.,validation
212878238,microsoft/vscode,0.45459365740292706,High,"open_bugs_at_release_repo_z (contribution=0.053): The pre-release open-bug backlog is unusually high or low relative to THIS REPOSITORY'S OWN typical level (a repo-normalized value, not a raw count -- see the raw open_bugs_at_release column for the actual count). NOTE: this relationship runs in OPPOSITE directions for microsoft/vscode versus kubernetes/kubernetes and apache/airflow -- confirm which repository this release belongs to before interpreting the direction.",avg_time_to_merge_hours (contribution=0.006): Pull requests before this release merged unusually quickly or slowly on average.,"median_time_to_merge_hours (contribution=0.003): Same signal as avg_time_to_merge_hours, less sensitive to a few outlier PRs.",For kubernetes/kubernetes or apache/airflow: a high backlog suggests unresolved technical debt risk -- consider prioritizing backlog triage before this release ships. For microsoft/vscode: a LOW backlog was associated with higher risk in this dataset -- investigate whether this reflects under-reporting rather than genuine stability before treating it as reassuring.,Very fast merging paired with elevated risk may indicate reduced review scrutiny; consider a second reviewer pass on the highest-impact changes before shipping.,See avg_time_to_merge_hours recommendation.,validation
217393079,microsoft/vscode,0.47386434907239566,High,"open_bugs_at_release_repo_z (contribution=0.056): The pre-release open-bug backlog is unusually high or low relative to THIS REPOSITORY'S OWN typical level (a repo-normalized value, not a raw count -- see the raw open_bugs_at_release column for the actual count). NOTE: this relationship runs in OPPOSITE directions for microsoft/vscode versus kubernetes/kubernetes and apache/airflow -- confirm which repository this release belongs to before interpreting the direction.",commit_count (contribution=0.032): The volume of commits before this release is unusually high or low.,"first_time_contributor_share (contribution=0.011): Same signal as first_time_contributor_count, expressed as a share of all contributors.",For kubernetes/kubernetes or apache/airflow: a high backlog suggests unresolved technical debt risk -- consider prioritizing backlog triage before this release ships. For microsoft/vscode: a LOW backlog was associated with higher risk in this dataset -- investigate whether this reflects under-reporting rather than genuine stability before treating it as reassuring.,"A very high commit count (a large release) may warrant proportionally more testing time; a very low count paired with elevated risk may indicate the release was small but touched a disproportionately risky area of the codebase -- review change scope, not just change volume.",See first_time_contributor_count recommendation.,validation
218344785,microsoft/vscode,0.4507191772171971,High,"open_bugs_at_release_repo_z (contribution=0.057): The pre-release open-bug backlog is unusually high or low relative to THIS REPOSITORY'S OWN typical level (a repo-normalized value, not a raw count -- see the raw open_bugs_at_release column for the actual count). NOTE: this relationship runs in OPPOSITE directions for microsoft/vscode versus kubernetes/kubernetes and apache/airflow -- confirm which repository this release belongs to before interpreting the direction.",avg_time_to_merge_hours (contribution=0.006): Pull requests before this release merged unusually quickly or slowly on average.,"median_time_to_merge_hours (contribution=0.003): Same signal as avg_time_to_merge_hours, less sensitive to a few outlier PRs.",For kubernetes/kubernetes or apache/airflow: a high backlog suggests unresolved technical debt risk -- consider prioritizing backlog triage before this release ships. For microsoft/vscode: a LOW backlog was associated with higher risk in this dataset -- investigate whether this reflects under-reporting rather than genuine stability before treating it as reassuring.,Very fast merging paired with elevated risk may indicate reduced review scrutiny; consider a second reviewer pass on the highest-impact changes before shipping.,See avg_time_to_merge_hours recommendation.,validation
218911884,microsoft/vscode,0.44579698368811743,High,"open_bugs_at_release_repo_z (contribution=0.057): The pre-release open-bug backlog is unusually high or low relative to THIS REPOSITORY'S OWN typical level (a repo-normalized value, not a raw count -- see the raw open_bugs_at_release column for the actual count). NOTE: this relationship runs in OPPOSITE directions for microsoft/vscode versus kubernetes/kubernetes and apache/airflow -- confirm which repository this release belongs to before interpreting the direction.",avg_time_to_merge_hours (contribution=0.006): Pull requests before this release merged unusually quickly or slowly on average.,"median_time_to_merge_hours (contribution=0.003): Same signal as avg_time_to_merge_hours, less sensitive to a few outlier PRs.",For kubernetes/kubernetes or apache/airflow: a high backlog suggests unresolved technical debt risk -- consider prioritizing backlog triage before this release ships. For microsoft/vscode: a LOW backlog was associated with higher risk in this dataset -- investigate whether this reflects under-reporting rather than genuine stability before treating it as reassuring.,Very fast merging paired with elevated risk may indicate reduced review scrutiny; consider a second reviewer pass on the highest-impact changes before shipping.,See avg_time_to_merge_hours recommendation.,validation
222843338,microsoft/vscode,0.46450700274100853,High,"open_bugs_at_release_repo_z (contribution=0.059): The pre-release open-bug backlog is unusually high or low relative to THIS REPOSITORY'S OWN typical level (a repo-normalized value, not a raw count -- see the raw open_bugs_at_release column for the actual count). NOTE: this relationship runs in OPPOSITE directions for microsoft/vscode versus kubernetes/kubernetes and apache/airflow -- confirm which repository this release belongs to before interpreting the direction.",commit_count (contribution=0.015): The volume of commits before this release is unusually high or low.,avg_time_to_merge_hours (contribution=0.006): Pull requests before this release merged unusually quickly or slowly on average.,For kubernetes/kubernetes or apache/airflow: a high backlog suggests unresolved technical debt risk -- consider prioritizing backlog triage before this release ships. For microsoft/vscode: a LOW backlog was associated with higher risk in this dataset -- investigate whether this reflects under-reporting rather than genuine stability before treating it as reassuring.,"A very high commit count (a large release) may warrant proportionally more testing time; a very low count paired with elevated risk may indicate the release was small but touched a disproportionately risky area of the codebase -- review change scope, not just change volume.",Very fast merging paired with elevated risk may indicate reduced review scrutiny; consider a second reviewer pass on the highest-impact changes before shipping.,validation
224972643,microsoft/vscode,0.4615391335902353,High,"open_bugs_at_release_repo_z (contribution=0.060): The pre-release open-bug backlog is unusually high or low relative to THIS REPOSITORY'S OWN typical level (a repo-normalized value, not a raw count -- see the raw open_bugs_at_release column for the actual count). NOTE: this relationship runs in OPPOSITE directions for microsoft/vscode versus kubernetes/kubernetes and apache/airflow -- confirm which repository this release belongs to before interpreting the direction.",commit_count (contribution=0.007): The volume of commits before this release is unusually high or low.,avg_time_to_merge_hours (contribution=0.006): Pull requests before this release merged unusually quickly or slowly on average.,For kubernetes/kubernetes or apache/airflow: a high backlog suggests unresolved technical debt risk -- consider prioritizing backlog triage before this release ships. For microsoft/vscode: a LOW backlog was associated with higher risk in this dataset -- investigate whether this reflects under-reporting rather than genuine stability before treating it as reassuring.,"A very high commit count (a large release) may warrant proportionally more testing time; a very low count paired with elevated risk may indicate the release was small but touched a disproportionately risky area of the codebase -- review change scope, not just change volume.",Very fast merging paired with elevated risk may indicate reduced review scrutiny; consider a second reviewer pass on the highest-impact changes before shipping.,validation
226503146,microsoft/vscode,0.4565996386010284,High,"open_bugs_at_release_repo_z (contribution=0.061): The pre-release open-bug backlog is unusually high or low relative to THIS REPOSITORY'S OWN typical level (a repo-normalized value, not a raw count -- see the raw open_bugs_at_release column for the actual count). NOTE: this relationship runs in OPPOSITE directions for microsoft/vscode versus kubernetes/kubernetes and apache/airflow -- confirm which repository this release belongs to before interpreting the direction.",avg_time_to_merge_hours (contribution=0.006): Pull requests before this release merged unusually quickly or slowly on average.,pct_merged (contribution=0.003): The share of this cycle's PRs that were merged (vs. closed unmerged) is unusually high or low.,For kubernetes/kubernetes or apache/airflow: a high backlog suggests unresolved technical debt risk -- consider prioritizing backlog triage before this release ships. For microsoft/vscode: a LOW backlog was associated with higher risk in this dataset -- investigate whether this reflects under-reporting rather than genuine stability before treating it as reassuring.,Very fast merging paired with elevated risk may indicate reduced review scrutiny; consider a second reviewer pass on the highest-impact changes before shipping.,A low merge rate paired with elevated risk may indicate churn or disagreement during review; investigate closed-unmerged PRs for recurring concerns.,validation
227783908,microsoft/vscode,0.4503690834444227,High,"open_bugs_at_release_repo_z (contribution=0.061): The pre-release open-bug backlog is unusually high or low relative to THIS REPOSITORY'S OWN typical level (a repo-normalized value, not a raw count -- see the raw open_bugs_at_release column for the actual count). NOTE: this relationship runs in OPPOSITE directions for microsoft/vscode versus kubernetes/kubernetes and apache/airflow -- confirm which repository this release belongs to before interpreting the direction.",avg_time_to_merge_hours (contribution=0.005): Pull requests before this release merged unusually quickly or slowly on average.,"median_time_to_merge_hours (contribution=0.003): Same signal as avg_time_to_merge_hours, less sensitive to a few outlier PRs.",For kubernetes/kubernetes or apache/airflow: a high backlog suggests unresolved technical debt risk -- consider prioritizing backlog triage before this release ships. For microsoft/vscode: a LOW backlog was associated with higher risk in this dataset -- investigate whether this reflects under-reporting rather than genuine stability before treating it as reassuring.,Very fast merging paired with elevated risk may indicate reduced review scrutiny; consider a second reviewer pass on the highest-impact changes before shipping.,See avg_time_to_merge_hours recommendation.,validation
231562545,microsoft/vscode,0.47480591301778874,High,"open_bugs_at_release_repo_z (contribution=0.065): The pre-release open-bug backlog is unusually high or low relative to THIS REPOSITORY'S OWN typical level (a repo-normalized value, not a raw count -- see the raw open_bugs_at_release column for the actual count). NOTE: this relationship runs in OPPOSITE directions for microsoft/vscode versus kubernetes/kubernetes and apache/airflow -- confirm which repository this release belongs to before interpreting the direction.",commit_count (contribution=0.027): The volume of commits before this release is unusually high or low.,"first_time_contributor_share (contribution=0.009): Same signal as first_time_contributor_count, expressed as a share of all contributors.",For kubernetes/kubernetes or apache/airflow: a high backlog suggests unresolved technical debt risk -- consider prioritizing backlog triage before this release ships. For microsoft/vscode: a LOW backlog was associated with higher risk in this dataset -- investigate whether this reflects under-reporting rather than genuine stability before treating it as reassuring.,"A very high commit count (a large release) may warrant proportionally more testing time; a very low count paired with elevated risk may indicate the release was small but touched a disproportionately risky area of the codebase -- review change scope, not just change volume.",See first_time_contributor_count recommendation.,validation
232881520,microsoft/vscode,0.4724255745213331,High,"open_bugs_at_release_repo_z (contribution=0.066): The pre-release open-bug backlog is unusually high or low relative to THIS REPOSITORY'S OWN typical level (a repo-normalized value, not a raw count -- see the raw open_bugs_at_release column for the actual count). NOTE: this relationship runs in OPPOSITE directions for microsoft/vscode versus kubernetes/kubernetes and apache/airflow -- confirm which repository this release belongs to before interpreting the direction.","first_time_contributor_share (contribution=0.023): Same signal as first_time_contributor_count, expressed as a share of all contributors.",first_time_contributor_count (contribution=0.014): This release involved an unusually high number of first-time contributors.,For kubernetes/kubernetes or apache/airflow: a high backlog suggests unresolved technical debt risk -- consider prioritizing backlog triage before this release ships. For microsoft/vscode: a LOW backlog was associated with higher risk in this dataset -- investigate whether this reflects under-reporting rather than genuine stability before treating it as reassuring.,See first_time_contributor_count recommendation.,"Consider additional review scrutiny specifically on first-time contributors' changes, given this project's confirmed (though not fully independent of other factors) association between contributor turnover and elevated risk.",validation
239793305,kubernetes/kubernetes,0.3869134062644532,Medium,first_time_contributor_count (contribution=0.013): This release involved an unusually high number of first-time contributors.,distinct_contributors (contribution=0.010): The number of distinct people committing before this release is unusually high or low.,commit_count (contribution=0.008): The volume of commits before this release is unusually high or low.,"Consider additional review scrutiny specifically on first-time contributors' changes, given this project's confirmed (though not fully independent of other factors) association between contributor turnover and elevated risk.",A low distinct-contributor count concentrates release risk on fewer people's work; consider an additional independent review pass.,"A very high commit count (a large release) may warrant proportionally more testing time; a very low count paired with elevated risk may indicate the release was small but touched a disproportionately risky area of the codebase -- review change scope, not just change volume.",test
239793520,kubernetes/kubernetes,0.3801711396802846,Medium,pct_merged (contribution=0.006): The share of this cycle's PRs that were merged (vs. closed unmerged) is unusually high or low.,top_contributor_share (contribution=0.002): This release's commits were unusually concentrated in (or spread across) a small number of contributors.,,A low merge rate paired with elevated risk may indicate churn or disagreement during review; investigate closed-unmerged PRs for recurring concerns.,High concentration in one contributor increases bus-factor risk; consider pairing or review redundancy for that contributor's changes.,,test
239794276,kubernetes/kubernetes,0.37989589995710155,Medium,pct_merged (contribution=0.006): The share of this cycle's PRs that were merged (vs. closed unmerged) is unusually high or low.,top_contributor_share (contribution=0.002): This release's commits were unusually concentrated in (or spread across) a small number of contributors.,,A low merge rate paired with elevated risk may indicate churn or disagreement during review; investigate closed-unmerged PRs for recurring concerns.,High concentration in one contributor increases bus-factor risk; consider pairing or review redundancy for that contributor's changes.,,test
242938306,kubernetes/kubernetes,0.3756782165807964,Medium,pct_merged (contribution=0.008): The share of this cycle's PRs that were merged (vs. closed unmerged) is unusually high or low.,"first_time_contributor_share (contribution=0.006): Same signal as first_time_contributor_count, expressed as a share of all contributors.",distinct_contributors (contribution=0.002): The number of distinct people committing before this release is unusually high or low.,A low merge rate paired with elevated risk may indicate churn or disagreement during review; investigate closed-unmerged PRs for recurring concerns.,See first_time_contributor_count recommendation.,A low distinct-contributor count concentrates release risk on fewer people's work; consider an additional independent review pass.,test
246021679,kubernetes/kubernetes,0.37953734137063033,Medium,"first_time_contributor_share (contribution=0.011): Same signal as first_time_contributor_count, expressed as a share of all contributors.",pct_merged (contribution=0.009): The share of this cycle's PRs that were merged (vs. closed unmerged) is unusually high or low.,first_time_contributor_count (contribution=0.007): This release involved an unusually high number of first-time contributors.,See first_time_contributor_count recommendation.,A low merge rate paired with elevated risk may indicate churn or disagreement during review; investigate closed-unmerged PRs for recurring concerns.,"Consider additional review scrutiny specifically on first-time contributors' changes, given this project's confirmed (though not fully independent of other factors) association between contributor turnover and elevated risk.",test
246030338,kubernetes/kubernetes,0.3778976899954174,Medium,pct_merged (contribution=0.006): The share of this cycle's PRs that were merged (vs. closed unmerged) is unusually high or low.,top_contributor_share (contribution=0.002): This release's commits were unusually concentrated in (or spread across) a small number of contributors.,,A low merge rate paired with elevated risk may indicate churn or disagreement during review; investigate closed-unmerged PRs for recurring concerns.,High concentration in one contributor increases bus-factor risk; consider pairing or review redundancy for that contributor's changes.,,test
246044335,kubernetes/kubernetes,0.36541234193334965,Medium,pct_merged (contribution=0.006): The share of this cycle's PRs that were merged (vs. closed unmerged) is unusually high or low.,,,A low merge rate paired with elevated risk may indicate churn or disagreement during review; investigate closed-unmerged PRs for recurring concerns.,,,test
246050093,kubernetes/kubernetes,0.3651375689826234,Medium,pct_merged (contribution=0.006): The share of this cycle's PRs that were merged (vs. closed unmerged) is unusually high or low.,,,A low merge rate paired with elevated risk may indicate churn or disagreement during review; investigate closed-unmerged PRs for recurring concerns.,,,test
261684284,kubernetes/kubernetes,0.40801211246195884,Medium,first_time_contributor_count (contribution=0.046): This release involved an unusually high number of first-time contributors.,commit_count (contribution=0.044): The volume of commits before this release is unusually high or low.,distinct_contributors (contribution=0.020): The number of distinct people committing before this release is unusually high or low.,"Consider additional review scrutiny specifically on first-time contributors' changes, given this project's confirmed (though not fully independent of other factors) association between contributor turnover and elevated risk.","A very high commit count (a large release) may warrant proportionally more testing time; a very low count paired with elevated risk may indicate the release was small but touched a disproportionately risky area of the codebase -- review change scope, not just change volume.",A low distinct-contributor count concentrates release risk on fewer people's work; consider an additional independent review pass.,test
261690420,kubernetes/kubernetes,0.37503523404860334,Medium,pct_merged (contribution=0.006): The share of this cycle's PRs that were merged (vs. closed unmerged) is unusually high or low.,top_contributor_share (contribution=0.002): This release's commits were unusually concentrated in (or spread across) a small number of contributors.,,A low merge rate paired with elevated risk may indicate churn or disagreement during review; investigate closed-unmerged PRs for recurring concerns.,High concentration in one contributor increases bus-factor risk; consider pairing or review redundancy for that contributor's changes.,,test
261719477,kubernetes/kubernetes,0.34618424843930135,Medium,,,,,,,test
261726406,kubernetes/kubernetes,0.3744877871761112,Medium,pct_merged (contribution=0.006): The share of this cycle's PRs that were merged (vs. closed unmerged) is unusually high or low.,top_contributor_share (contribution=0.002): This release's commits were unusually concentrated in (or spread across) a small number of contributors.,,A low merge rate paired with elevated risk may indicate churn or disagreement during review; investigate closed-unmerged PRs for recurring concerns.,High concentration in one contributor increases bus-factor risk; consider pairing or review redundancy for that contributor's changes.,,test
268945625,kubernetes/kubernetes,0.3770671654249982,Medium,pct_merged (contribution=0.014): The share of this cycle's PRs that were merged (vs. closed unmerged) is unusually high or low.,first_time_contributor_count (contribution=0.010): This release involved an unusually high number of first-time contributors.,"first_time_contributor_share (contribution=0.009): Same signal as first_time_contributor_count, expressed as a share of all contributors.",A low merge rate paired with elevated risk may indicate churn or disagreement during review; investigate closed-unmerged PRs for recurring concerns.,"Consider additional review scrutiny specifically on first-time contributors' changes, given this project's confirmed (though not fully independent of other factors) association between contributor turnover and elevated risk.",See first_time_contributor_count recommendation.,test
268945810,kubernetes/kubernetes,0.37374312632951673,Medium,pct_merged (contribution=0.006): The share of this cycle's PRs that were merged (vs. closed unmerged) is unusually high or low.,top_contributor_share (contribution=0.002): This release's commits were unusually concentrated in (or spread across) a small number of contributors.,,A low merge rate paired with elevated risk may indicate churn or disagreement during review; investigate closed-unmerged PRs for recurring concerns.,High concentration in one contributor increases bus-factor risk; consider pairing or review redundancy for that contributor's changes.,,test
270894952,kubernetes/kubernetes,0.3616218420964479,Medium,pct_merged (contribution=0.010): The share of this cycle's PRs that were merged (vs. closed unmerged) is unusually high or low.,"first_time_contributor_share (contribution=0.001): Same signal as first_time_contributor_count, expressed as a share of all contributors.",,A low merge rate paired with elevated risk may indicate churn or disagreement during review; investigate closed-unmerged PRs for recurring concerns.,See first_time_contributor_count recommendation.,,test
271217654,kubernetes/kubernetes,0.35735445635403784,Medium,pct_merged (contribution=0.024): The share of this cycle's PRs that were merged (vs. closed unmerged) is unusually high or low.,,,A low merge rate paired with elevated risk may indicate churn or disagreement during review; investigate closed-unmerged PRs for recurring concerns.,,,test
284969517,kubernetes/kubernetes,0.4008520417441623,Medium,first_time_contributor_count (contribution=0.059): This release involved an unusually high number of first-time contributors.,commit_count (contribution=0.023): The volume of commits before this release is unusually high or low.,"first_time_contributor_share (contribution=0.021): Same signal as first_time_contributor_count, expressed as a share of all contributors.","Consider additional review scrutiny specifically on first-time contributors' changes, given this project's confirmed (though not fully independent of other factors) association between contributor turnover and elevated risk.","A very high commit count (a large release) may warrant proportionally more testing time; a very low count paired with elevated risk may indicate the release was small but touched a disproportionately risky area of the codebase -- review change scope, not just change volume.",See first_time_contributor_count recommendation.,test
284969888,kubernetes/kubernetes,0.3681261716022741,Medium,pct_merged (contribution=0.006): The share of this cycle's PRs that were merged (vs. closed unmerged) is unusually high or low.,top_contributor_share (contribution=0.002): This release's commits were unusually concentrated in (or spread across) a small number of contributors.,,A low merge rate paired with elevated risk may indicate churn or disagreement during review; investigate closed-unmerged PRs for recurring concerns.,High concentration in one contributor increases bus-factor risk; consider pairing or review redundancy for that contributor's changes.,,test
284970046,kubernetes/kubernetes,0.36785431727692564,Medium,pct_merged (contribution=0.006): The share of this cycle's PRs that were merged (vs. closed unmerged) is unusually high or low.,top_contributor_share (contribution=0.002): This release's commits were unusually concentrated in (or spread across) a small number of contributors.,,A low merge rate paired with elevated risk may indicate churn or disagreement during review; investigate closed-unmerged PRs for recurring concerns.,High concentration in one contributor increases bus-factor risk; consider pairing or review redundancy for that contributor's changes.,,test
284970301,kubernetes/kubernetes,0.36758259868505216,Medium,pct_merged (contribution=0.006): The share of this cycle's PRs that were merged (vs. closed unmerged) is unusually high or low.,top_contributor_share (contribution=0.002): This release's commits were unusually concentrated in (or spread across) a small number of contributors.,,A low merge rate paired with elevated risk may indicate churn or disagreement during review; investigate closed-unmerged PRs for recurring concerns.,High concentration in one contributor increases bus-factor risk; consider pairing or review redundancy for that contributor's changes.,,test
291155487,kubernetes/kubernetes,0.36937724507456393,Medium,first_time_contributor_count (contribution=0.010): This release involved an unusually high number of first-time contributors.,pct_merged (contribution=0.009): The share of this cycle's PRs that were merged (vs. closed unmerged) is unusually high or low.,distinct_contributors (contribution=0.008): The number of distinct people committing before this release is unusually high or low.,"Consider additional review scrutiny specifically on first-time contributors' changes, given this project's confirmed (though not fully independent of other factors) association between contributor turnover and elevated risk.",A low merge rate paired with elevated risk may indicate churn or disagreement during review; investigate closed-unmerged PRs for recurring concerns.,A low distinct-contributor count concentrates release risk on fewer people's work; consider an additional independent review pass.,test
291155910,kubernetes/kubernetes,0.36577948439076313,Medium,pct_merged (contribution=0.006): The share of this cycle's PRs that were merged (vs. closed unmerged) is unusually high or low.,top_contributor_share (contribution=0.002): This release's commits were unusually concentrated in (or spread across) a small number of contributors.,,A low merge rate paired with elevated risk may indicate churn or disagreement during review; investigate closed-unmerged PRs for recurring concerns.,High concentration in one contributor increases bus-factor risk; consider pairing or review redundancy for that contributor's changes.,,test
291156076,kubernetes/kubernetes,0.3655084010534443,Medium,pct_merged (contribution=0.006): The share of this cycle's PRs that were merged (vs. closed unmerged) is unusually high or low.,top_contributor_share (contribution=0.002): This release's commits were unusually concentrated in (or spread across) a small number of contributors.,,A low merge rate paired with elevated risk may indicate churn or disagreement during review; investigate closed-unmerged PRs for recurring concerns.,High concentration in one contributor increases bus-factor risk; consider pairing or review redundancy for that contributor's changes.,,test
291157965,kubernetes/kubernetes,0.36523790538785694,Medium,pct_merged (contribution=0.006): The share of this cycle's PRs that were merged (vs. closed unmerged) is unusually high or low.,top_contributor_share (contribution=0.002): This release's commits were unusually concentrated in (or spread across) a small number of contributors.,,A low merge rate paired with elevated risk may indicate churn or disagreement during review; investigate closed-unmerged PRs for recurring concerns.,High concentration in one contributor increases bus-factor risk; consider pairing or review redundancy for that contributor's changes.,,test
298764997,kubernetes/kubernetes,0.37375314719418706,Medium,first_time_contributor_count (contribution=0.015): This release involved an unusually high number of first-time contributors.,commit_count (contribution=0.015): The volume of commits before this release is unusually high or low.,distinct_contributors (contribution=0.013): The number of distinct people committing before this release is unusually high or low.,"Consider additional review scrutiny specifically on first-time contributors' changes, given this project's confirmed (though not fully independent of other factors) association between contributor turnover and elevated risk.","A very high commit count (a large release) may warrant proportionally more testing time; a very low count paired with elevated risk may indicate the release was small but touched a disproportionately risky area of the codebase -- review change scope, not just change volume.",A low distinct-contributor count concentrates release risk on fewer people's work; consider an additional independent review pass.,test
298765256,kubernetes/kubernetes,0.3512973048384264,Medium,pct_merged (contribution=0.006): The share of this cycle's PRs that were merged (vs. closed unmerged) is unusually high or low.,,,A low merge rate paired with elevated risk may indicate churn or disagreement during review; investigate closed-unmerged PRs for recurring concerns.,,,test
298765484,kubernetes/kubernetes,0.3630374983308745,Medium,pct_merged (contribution=0.006): The share of this cycle's PRs that were merged (vs. closed unmerged) is unusually high or low.,top_contributor_share (contribution=0.002): This release's commits were unusually concentrated in (or spread across) a small number of contributors.,,A low merge rate paired with elevated risk may indicate churn or disagreement during review; investigate closed-unmerged PRs for recurring concerns.,High concentration in one contributor increases bus-factor risk; consider pairing or review redundancy for that contributor's changes.,,test
309580337,kubernetes/kubernetes,0.3692635460624402,Medium,pct_merged (contribution=0.018): The share of this cycle's PRs that were merged (vs. closed unmerged) is unusually high or low.,first_time_contributor_count (contribution=0.016): This release involved an unusually high number of first-time contributors.,distinct_contributors (contribution=0.008): The number of distinct people committing before this release is unusually high or low.,A low merge rate paired with elevated risk may indicate churn or disagreement during review; investigate closed-unmerged PRs for recurring concerns.,"Consider additional review scrutiny specifically on first-time contributors' changes, given this project's confirmed (though not fully independent of other factors) association between contributor turnover and elevated risk.",A low distinct-contributor count concentrates release risk on fewer people's work; consider an additional independent review pass.,test
309580521,kubernetes/kubernetes,0.361086388947739,Medium,pct_merged (contribution=0.006): The share of this cycle's PRs that were merged (vs. closed unmerged) is unusually high or low.,top_contributor_share (contribution=0.002): This release's commits were unusually concentrated in (or spread across) a small number of contributors.,,A low merge rate paired with elevated risk may indicate churn or disagreement during review; investigate closed-unmerged PRs for recurring concerns.,High concentration in one contributor increases bus-factor risk; consider pairing or review redundancy for that contributor's changes.,,test
309580713,kubernetes/kubernetes,0.3608168075417701,Medium,pct_merged (contribution=0.006): The share of this cycle's PRs that were merged (vs. closed unmerged) is unusually high or low.,top_contributor_share (contribution=0.002): This release's commits were unusually concentrated in (or spread across) a small number of contributors.,,A low merge rate paired with elevated risk may indicate churn or disagreement during review; investigate closed-unmerged PRs for recurring concerns.,High concentration in one contributor increases bus-factor risk; consider pairing or review redundancy for that contributor's changes.,,test
312368266,kubernetes/kubernetes,0.3514180479108725,Medium,pct_merged (contribution=0.017): The share of this cycle's PRs that were merged (vs. closed unmerged) is unusually high or low.,top_contributor_share (contribution=0.002): This release's commits were unusually concentrated in (or spread across) a small number of contributors.,,A low merge rate paired with elevated risk may indicate churn or disagreement during review; investigate closed-unmerged PRs for recurring concerns.,High concentration in one contributor increases bus-factor risk; consider pairing or review redundancy for that contributor's changes.,,test
321191052,kubernetes/kubernetes,0.3663795730524543,Medium,first_time_contributor_count (contribution=0.013): This release involved an unusually high number of first-time contributors.,pct_merged (contribution=0.011): The share of this cycle's PRs that were merged (vs. closed unmerged) is unusually high or low.,distinct_contributors (contribution=0.008): The number of distinct people committing before this release is unusually high or low.,"Consider additional review scrutiny specifically on first-time contributors' changes, given this project's confirmed (though not fully independent of other factors) association between contributor turnover and elevated risk.",A low merge rate paired with elevated risk may indicate churn or disagreement during review; investigate closed-unmerged PRs for recurring concerns.,A low distinct-contributor count concentrates release risk on fewer people's work; consider an additional independent review pass.,test
321243963,kubernetes/kubernetes,0.34519618519211415,Medium,pct_merged (contribution=0.026): The share of this cycle's PRs that were merged (vs. closed unmerged) is unusually high or low.,avg_time_to_merge_hours (contribution=0.006): Pull requests before this release merged unusually quickly or slowly on average.,"median_time_to_merge_hours (contribution=0.003): Same signal as avg_time_to_merge_hours, less sensitive to a few outlier PRs.",A low merge rate paired with elevated risk may indicate churn or disagreement during review; investigate closed-unmerged PRs for recurring concerns.,Very fast merging paired with elevated risk may indicate reduced review scrutiny; consider a second reviewer pass on the highest-impact changes before shipping.,See avg_time_to_merge_hours recommendation.,test
321245106,kubernetes/kubernetes,0.35855490314125205,Medium,pct_merged (contribution=0.006): The share of this cycle's PRs that were merged (vs. closed unmerged) is unusually high or low.,top_contributor_share (contribution=0.002): This release's commits were unusually concentrated in (or spread across) a small number of contributors.,,A low merge rate paired with elevated risk may indicate churn or disagreement during review; investigate closed-unmerged PRs for recurring concerns.,High concentration in one contributor increases bus-factor risk; consider pairing or review redundancy for that contributor's changes.,,test
321280531,kubernetes/kubernetes,0.3353321672370495,Medium,avg_time_to_merge_hours (contribution=0.003): Pull requests before this release merged unusually quickly or slowly on average.,,,Very fast merging paired with elevated risk may indicate reduced review scrutiny; consider a second reviewer pass on the highest-impact changes before shipping.,,,test
338534286,kubernetes/kubernetes,0.3660596936254631,Medium,pct_merged (contribution=0.014): The share of this cycle's PRs that were merged (vs. closed unmerged) is unusually high or low.,first_time_contributor_count (contribution=0.011): This release involved an unusually high number of first-time contributors.,commit_count (contribution=0.011): The volume of commits before this release is unusually high or low.,A low merge rate paired with elevated risk may indicate churn or disagreement during review; investigate closed-unmerged PRs for recurring concerns.,"Consider additional review scrutiny specifically on first-time contributors' changes, given this project's confirmed (though not fully independent of other factors) association between contributor turnover and elevated risk.","A very high commit count (a large release) may warrant proportionally more testing time; a very low count paired with elevated risk may indicate the release was small but touched a disproportionately risky area of the codebase -- review change scope, not just change volume.",test
338534516,kubernetes/kubernetes,0.3563204613428905,Medium,pct_merged (contribution=0.006): The share of this cycle's PRs that were merged (vs. closed unmerged) is unusually high or low.,top_contributor_share (contribution=0.002): This release's commits were unusually concentrated in (or spread across) a small number of contributors.,,A low merge rate paired with elevated risk may indicate churn or disagreement during review; investigate closed-unmerged PRs for recurring concerns.,High concentration in one contributor increases bus-factor risk; consider pairing or review redundancy for that contributor's changes.,,test
338535372,kubernetes/kubernetes,0.356052522435696,Medium,pct_merged (contribution=0.006): The share of this cycle's PRs that were merged (vs. closed unmerged) is unusually high or low.,top_contributor_share (contribution=0.002): This release's commits were unusually concentrated in (or spread across) a small number of contributors.,,A low merge rate paired with elevated risk may indicate churn or disagreement during review; investigate closed-unmerged PRs for recurring concerns.,High concentration in one contributor increases bus-factor risk; consider pairing or review redundancy for that contributor's changes.,,test
338536321,kubernetes/kubernetes,0.3557846158023185,Medium,pct_merged (contribution=0.006): The share of this cycle's PRs that were merged (vs. closed unmerged) is unusually high or low.,top_contributor_share (contribution=0.002): This release's commits were unusually concentrated in (or spread across) a small number of contributors.,,A low merge rate paired with elevated risk may indicate churn or disagreement during review; investigate closed-unmerged PRs for recurring concerns.,High concentration in one contributor increases bus-factor risk; consider pairing or review redundancy for that contributor's changes.,,test
238719377,apache/airflow,0.4974442790148516,High,"open_bugs_at_release_repo_z (contribution=0.063): The pre-release open-bug backlog is unusually high or low relative to THIS REPOSITORY'S OWN typical level (a repo-normalized value, not a raw count -- see the raw open_bugs_at_release column for the actual count). NOTE: this relationship runs in OPPOSITE directions for microsoft/vscode versus kubernetes/kubernetes and apache/airflow -- confirm which repository this release belongs to before interpreting the direction.",first_time_contributor_count (contribution=0.029): This release involved an unusually high number of first-time contributors.,"first_time_contributor_share (contribution=0.017): Same signal as first_time_contributor_count, expressed as a share of all contributors.",For kubernetes/kubernetes or apache/airflow: a high backlog suggests unresolved technical debt risk -- consider prioritizing backlog triage before this release ships. For microsoft/vscode: a LOW backlog was associated with higher risk in this dataset -- investigate whether this reflects under-reporting rather than genuine stability before treating it as reassuring.,"Consider additional review scrutiny specifically on first-time contributors' changes, given this project's confirmed (though not fully independent of other factors) association between contributor turnover and elevated risk.",See first_time_contributor_count recommendation.,test
241324139,apache/airflow,0.4837809250851309,High,"open_bugs_at_release_repo_z (contribution=0.061): The pre-release open-bug backlog is unusually high or low relative to THIS REPOSITORY'S OWN typical level (a repo-normalized value, not a raw count -- see the raw open_bugs_at_release column for the actual count). NOTE: this relationship runs in OPPOSITE directions for microsoft/vscode versus kubernetes/kubernetes and apache/airflow -- confirm which repository this release belongs to before interpreting the direction.","release_sequence (contribution=0.006): This release's position in its repository's history is associated with elevated risk (a project-wide finding, strongest and most consistent signal across every analysis method used).",avg_time_to_merge_hours (contribution=0.004): Pull requests before this release merged unusually quickly or slowly on average.,For kubernetes/kubernetes or apache/airflow: a high backlog suggests unresolved technical debt risk -- consider prioritizing backlog triage before this release ships. For microsoft/vscode: a LOW backlog was associated with higher risk in this dataset -- investigate whether this reflects under-reporting rather than genuine stability before treating it as reassuring.,Cross-check against recent actual bug trends for this repository before relying heavily on this signal alone -- it partly reflects a documented training-period drift pattern that may not hold indefinitely (see the Target-Variable Definition document).,Very fast merging paired with elevated risk may indicate reduced review scrutiny; consider a second reviewer pass on the highest-impact changes before shipping.,test
243522727,apache/airflow,0.4784975906159413,High,"open_bugs_at_release_repo_z (contribution=0.065): The pre-release open-bug backlog is unusually high or low relative to THIS REPOSITORY'S OWN typical level (a repo-normalized value, not a raw count -- see the raw open_bugs_at_release column for the actual count). NOTE: this relationship runs in OPPOSITE directions for microsoft/vscode versus kubernetes/kubernetes and apache/airflow -- confirm which repository this release belongs to before interpreting the direction.","release_sequence (contribution=0.005): This release's position in its repository's history is associated with elevated risk (a project-wide finding, strongest and most consistent signal across every analysis method used).",avg_time_to_merge_hours (contribution=0.004): Pull requests before this release merged unusually quickly or slowly on average.,For kubernetes/kubernetes or apache/airflow: a high backlog suggests unresolved technical debt risk -- consider prioritizing backlog triage before this release ships. For microsoft/vscode: a LOW backlog was associated with higher risk in this dataset -- investigate whether this reflects under-reporting rather than genuine stability before treating it as reassuring.,Cross-check against recent actual bug trends for this repository before relying heavily on this signal alone -- it partly reflects a documented training-period drift pattern that may not hold indefinitely (see the Target-Variable Definition document).,Very fast merging paired with elevated risk may indicate reduced review scrutiny; consider a second reviewer pass on the highest-impact changes before shipping.,test
250088226,apache/airflow,0.506875584484749,High,"open_bugs_at_release_repo_z (contribution=0.074): The pre-release open-bug backlog is unusually high or low relative to THIS REPOSITORY'S OWN typical level (a repo-normalized value, not a raw count -- see the raw open_bugs_at_release column for the actual count). NOTE: this relationship runs in OPPOSITE directions for microsoft/vscode versus kubernetes/kubernetes and apache/airflow -- confirm which repository this release belongs to before interpreting the direction.",first_time_contributor_count (contribution=0.023): This release involved an unusually high number of first-time contributors.,commit_count (contribution=0.017): The volume of commits before this release is unusually high or low.,For kubernetes/kubernetes or apache/airflow: a high backlog suggests unresolved technical debt risk -- consider prioritizing backlog triage before this release ships. For microsoft/vscode: a LOW backlog was associated with higher risk in this dataset -- investigate whether this reflects under-reporting rather than genuine stability before treating it as reassuring.,"Consider additional review scrutiny specifically on first-time contributors' changes, given this project's confirmed (though not fully independent of other factors) association between contributor turnover and elevated risk.","A very high commit count (a large release) may warrant proportionally more testing time; a very low count paired with elevated risk may indicate the release was small but touched a disproportionately risky area of the codebase -- review change scope, not just change volume.",test
257461859,apache/airflow,0.5249213788663488,High,"open_bugs_at_release_repo_z (contribution=0.077): The pre-release open-bug backlog is unusually high or low relative to THIS REPOSITORY'S OWN typical level (a repo-normalized value, not a raw count -- see the raw open_bugs_at_release column for the actual count). NOTE: this relationship runs in OPPOSITE directions for microsoft/vscode versus kubernetes/kubernetes and apache/airflow -- confirm which repository this release belongs to before interpreting the direction.",first_time_contributor_count (contribution=0.051): This release involved an unusually high number of first-time contributors.,"first_time_contributor_share (contribution=0.027): Same signal as first_time_contributor_count, expressed as a share of all contributors.",For kubernetes/kubernetes or apache/airflow: a high backlog suggests unresolved technical debt risk -- consider prioritizing backlog triage before this release ships. For microsoft/vscode: a LOW backlog was associated with higher risk in this dataset -- investigate whether this reflects under-reporting rather than genuine stability before treating it as reassuring.,"Consider additional review scrutiny specifically on first-time contributors' changes, given this project's confirmed (though not fully independent of other factors) association between contributor turnover and elevated risk.",See first_time_contributor_count recommendation.,test
259964514,apache/airflow,0.4941806149754915,High,"open_bugs_at_release_repo_z (contribution=0.083): The pre-release open-bug backlog is unusually high or low relative to THIS REPOSITORY'S OWN typical level (a repo-normalized value, not a raw count -- see the raw open_bugs_at_release column for the actual count). NOTE: this relationship runs in OPPOSITE directions for microsoft/vscode versus kubernetes/kubernetes and apache/airflow -- confirm which repository this release belongs to before interpreting the direction.",avg_time_to_merge_hours (contribution=0.005): Pull requests before this release merged unusually quickly or slowly on average.,distinct_contributors (contribution=0.004): The number of distinct people committing before this release is unusually high or low.,For kubernetes/kubernetes or apache/airflow: a high backlog suggests unresolved technical debt risk -- consider prioritizing backlog triage before this release ships. For microsoft/vscode: a LOW backlog was associated with higher risk in this dataset -- investigate whether this reflects under-reporting rather than genuine stability before treating it as reassuring.,Very fast merging paired with elevated risk may indicate reduced review scrutiny; consider a second reviewer pass on the highest-impact changes before shipping.,A low distinct-contributor count concentrates release risk on fewer people's work; consider an additional independent review pass.,test
262457040,apache/airflow,0.4964789868966115,High,"open_bugs_at_release_repo_z (contribution=0.083): The pre-release open-bug backlog is unusually high or low relative to THIS REPOSITORY'S OWN typical level (a repo-normalized value, not a raw count -- see the raw open_bugs_at_release column for the actual count). NOTE: this relationship runs in OPPOSITE directions for microsoft/vscode versus kubernetes/kubernetes and apache/airflow -- confirm which repository this release belongs to before interpreting the direction.",avg_time_to_merge_hours (contribution=0.005): Pull requests before this release merged unusually quickly or slowly on average.,distinct_contributors (contribution=0.003): The number of distinct people committing before this release is unusually high or low.,For kubernetes/kubernetes or apache/airflow: a high backlog suggests unresolved technical debt risk -- consider prioritizing backlog triage before this release ships. For microsoft/vscode: a LOW backlog was associated with higher risk in this dataset -- investigate whether this reflects under-reporting rather than genuine stability before treating it as reassuring.,Very fast merging paired with elevated risk may indicate reduced review scrutiny; consider a second reviewer pass on the highest-impact changes before shipping.,A low distinct-contributor count concentrates release risk on fewer people's work; consider an additional independent review pass.,test
269035834,apache/airflow,0.5171188875430642,High,"open_bugs_at_release_repo_z (contribution=0.081): The pre-release open-bug backlog is unusually high or low relative to THIS REPOSITORY'S OWN typical level (a repo-normalized value, not a raw count -- see the raw open_bugs_at_release column for the actual count). NOTE: this relationship runs in OPPOSITE directions for microsoft/vscode versus kubernetes/kubernetes and apache/airflow -- confirm which repository this release belongs to before interpreting the direction.",first_time_contributor_count (contribution=0.033): This release involved an unusually high number of first-time contributors.,"first_time_contributor_share (contribution=0.019): Same signal as first_time_contributor_count, expressed as a share of all contributors.",For kubernetes/kubernetes or apache/airflow: a high backlog suggests unresolved technical debt risk -- consider prioritizing backlog triage before this release ships. For microsoft/vscode: a LOW backlog was associated with higher risk in this dataset -- investigate whether this reflects under-reporting rather than genuine stability before treating it as reassuring.,"Consider additional review scrutiny specifically on first-time contributors' changes, given this project's confirmed (though not fully independent of other factors) association between contributor turnover and elevated risk.",See first_time_contributor_count recommendation.,test
276315192,apache/airflow,0.5306467182195149,High,"open_bugs_at_release_repo_z (contribution=0.083): The pre-release open-bug backlog is unusually high or low relative to THIS REPOSITORY'S OWN typical level (a repo-normalized value, not a raw count -- see the raw open_bugs_at_release column for the actual count). NOTE: this relationship runs in OPPOSITE directions for microsoft/vscode versus kubernetes/kubernetes and apache/airflow -- confirm which repository this release belongs to before interpreting the direction.",first_time_contributor_count (contribution=0.056): This release involved an unusually high number of first-time contributors.,"first_time_contributor_share (contribution=0.032): Same signal as first_time_contributor_count, expressed as a share of all contributors.",For kubernetes/kubernetes or apache/airflow: a high backlog suggests unresolved technical debt risk -- consider prioritizing backlog triage before this release ships. For microsoft/vscode: a LOW backlog was associated with higher risk in this dataset -- investigate whether this reflects under-reporting rather than genuine stability before treating it as reassuring.,"Consider additional review scrutiny specifically on first-time contributors' changes, given this project's confirmed (though not fully independent of other factors) association between contributor turnover and elevated risk.",See first_time_contributor_count recommendation.,test
276530798,apache/airflow,0.4846900834554303,High,"open_bugs_at_release_repo_z (contribution=0.081): The pre-release open-bug backlog is unusually high or low relative to THIS REPOSITORY'S OWN typical level (a repo-normalized value, not a raw count -- see the raw open_bugs_at_release column for the actual count). NOTE: this relationship runs in OPPOSITE directions for microsoft/vscode versus kubernetes/kubernetes and apache/airflow -- confirm which repository this release belongs to before interpreting the direction.",avg_time_to_merge_hours (contribution=0.004): Pull requests before this release merged unusually quickly or slowly on average.,"median_time_to_merge_hours (contribution=0.002): Same signal as avg_time_to_merge_hours, less sensitive to a few outlier PRs.",For kubernetes/kubernetes or apache/airflow: a high backlog suggests unresolved technical debt risk -- consider prioritizing backlog triage before this release ships. For microsoft/vscode: a LOW backlog was associated with higher risk in this dataset -- investigate whether this reflects under-reporting rather than genuine stability before treating it as reassuring.,Very fast merging paired with elevated risk may indicate reduced review scrutiny; consider a second reviewer pass on the highest-impact changes before shipping.,See avg_time_to_merge_hours recommendation.,test
282931220,apache/airflow,0.5121538503901932,High,"open_bugs_at_release_repo_z (contribution=0.075): The pre-release open-bug backlog is unusually high or low relative to THIS REPOSITORY'S OWN typical level (a repo-normalized value, not a raw count -- see the raw open_bugs_at_release column for the actual count). NOTE: this relationship runs in OPPOSITE directions for microsoft/vscode versus kubernetes/kubernetes and apache/airflow -- confirm which repository this release belongs to before interpreting the direction.",first_time_contributor_count (contribution=0.028): This release involved an unusually high number of first-time contributors.,"first_time_contributor_share (contribution=0.015): Same signal as first_time_contributor_count, expressed as a share of all contributors.",For kubernetes/kubernetes or apache/airflow: a high backlog suggests unresolved technical debt risk -- consider prioritizing backlog triage before this release ships. For microsoft/vscode: a LOW backlog was associated with higher risk in this dataset -- investigate whether this reflects under-reporting rather than genuine stability before treating it as reassuring.,"Consider additional review scrutiny specifically on first-time contributors' changes, given this project's confirmed (though not fully independent of other factors) association between contributor turnover and elevated risk.",See first_time_contributor_count recommendation.,test
287396789,apache/airflow,0.5038010492986383,High,"open_bugs_at_release_repo_z (contribution=0.073): The pre-release open-bug backlog is unusually high or low relative to THIS REPOSITORY'S OWN typical level (a repo-normalized value, not a raw count -- see the raw open_bugs_at_release column for the actual count). NOTE: this relationship runs in OPPOSITE directions for microsoft/vscode versus kubernetes/kubernetes and apache/airflow -- confirm which repository this release belongs to before interpreting the direction.",first_time_contributor_count (contribution=0.015): This release involved an unusually high number of first-time contributors.,"first_time_contributor_share (contribution=0.010): Same signal as first_time_contributor_count, expressed as a share of all contributors.",For kubernetes/kubernetes or apache/airflow: a high backlog suggests unresolved technical debt risk -- consider prioritizing backlog triage before this release ships. For microsoft/vscode: a LOW backlog was associated with higher risk in this dataset -- investigate whether this reflects under-reporting rather than genuine stability before treating it as reassuring.,"Consider additional review scrutiny specifically on first-time contributors' changes, given this project's confirmed (though not fully independent of other factors) association between contributor turnover and elevated risk.",See first_time_contributor_count recommendation.,test
290595792,apache/airflow,0.5034500364997149,High,"open_bugs_at_release_repo_z (contribution=0.074): The pre-release open-bug backlog is unusually high or low relative to THIS REPOSITORY'S OWN typical level (a repo-normalized value, not a raw count -- see the raw open_bugs_at_release column for the actual count). NOTE: this relationship runs in OPPOSITE directions for microsoft/vscode versus kubernetes/kubernetes and apache/airflow -- confirm which repository this release belongs to before interpreting the direction.","first_time_contributor_share (contribution=0.018): Same signal as first_time_contributor_count, expressed as a share of all contributors.",first_time_contributor_count (contribution=0.016): This release involved an unusually high number of first-time contributors.,For kubernetes/kubernetes or apache/airflow: a high backlog suggests unresolved technical debt risk -- consider prioritizing backlog triage before this release ships. For microsoft/vscode: a LOW backlog was associated with higher risk in this dataset -- investigate whether this reflects under-reporting rather than genuine stability before treating it as reassuring.,See first_time_contributor_count recommendation.,"Consider additional review scrutiny specifically on first-time contributors' changes, given this project's confirmed (though not fully independent of other factors) association between contributor turnover and elevated risk.",test
295900925,apache/airflow,0.5076196629495906,High,"open_bugs_at_release_repo_z (contribution=0.063): The pre-release open-bug backlog is unusually high or low relative to THIS REPOSITORY'S OWN typical level (a repo-normalized value, not a raw count -- see the raw open_bugs_at_release column for the actual count). NOTE: this relationship runs in OPPOSITE directions for microsoft/vscode versus kubernetes/kubernetes and apache/airflow -- confirm which repository this release belongs to before interpreting the direction.",first_time_contributor_count (contribution=0.023): This release involved an unusually high number of first-time contributors.,"first_time_contributor_share (contribution=0.011): Same signal as first_time_contributor_count, expressed as a share of all contributors.",For kubernetes/kubernetes or apache/airflow: a high backlog suggests unresolved technical debt risk -- consider prioritizing backlog triage before this release ships. For microsoft/vscode: a LOW backlog was associated with higher risk in this dataset -- investigate whether this reflects under-reporting rather than genuine stability before treating it as reassuring.,"Consider additional review scrutiny specifically on first-time contributors' changes, given this project's confirmed (though not fully independent of other factors) association between contributor turnover and elevated risk.",See first_time_contributor_count recommendation.,test
298892967,apache/airflow,0.49869549395009066,High,"open_bugs_at_release_repo_z (contribution=0.061): The pre-release open-bug backlog is unusually high or low relative to THIS REPOSITORY'S OWN typical level (a repo-normalized value, not a raw count -- see the raw open_bugs_at_release column for the actual count). NOTE: this relationship runs in OPPOSITE directions for microsoft/vscode versus kubernetes/kubernetes and apache/airflow -- confirm which repository this release belongs to before interpreting the direction.",first_time_contributor_count (contribution=0.013): This release involved an unusually high number of first-time contributors.,distinct_contributors (contribution=0.007): The number of distinct people committing before this release is unusually high or low.,For kubernetes/kubernetes or apache/airflow: a high backlog suggests unresolved technical debt risk -- consider prioritizing backlog triage before this release ships. For microsoft/vscode: a LOW backlog was associated with higher risk in this dataset -- investigate whether this reflects under-reporting rather than genuine stability before treating it as reassuring.,"Consider additional review scrutiny specifically on first-time contributors' changes, given this project's confirmed (though not fully independent of other factors) association between contributor turnover and elevated risk.",A low distinct-contributor count concentrates release risk on fewer people's work; consider an additional independent review pass.,test
299977257,apache/airflow,0.4842676345410027,High,"open_bugs_at_release_repo_z (contribution=0.062): The pre-release open-bug backlog is unusually high or low relative to THIS REPOSITORY'S OWN typical level (a repo-normalized value, not a raw count -- see the raw open_bugs_at_release column for the actual count). NOTE: this relationship runs in OPPOSITE directions for microsoft/vscode versus kubernetes/kubernetes and apache/airflow -- confirm which repository this release belongs to before interpreting the direction.",pct_merged (contribution=0.011): The share of this cycle's PRs that were merged (vs. closed unmerged) is unusually high or low.,avg_time_to_merge_hours (contribution=0.004): Pull requests before this release merged unusually quickly or slowly on average.,For kubernetes/kubernetes or apache/airflow: a high backlog suggests unresolved technical debt risk -- consider prioritizing backlog triage before this release ships. For microsoft/vscode: a LOW backlog was associated with higher risk in this dataset -- investigate whether this reflects under-reporting rather than genuine stability before treating it as reassuring.,A low merge rate paired with elevated risk may indicate churn or disagreement during review; investigate closed-unmerged PRs for recurring concerns.,Very fast merging paired with elevated risk may indicate reduced review scrutiny; consider a second reviewer pass on the highest-impact changes before shipping.,test
306141963,apache/airflow,0.5089742614809614,High,"open_bugs_at_release_repo_z (contribution=0.054): The pre-release open-bug backlog is unusually high or low relative to THIS REPOSITORY'S OWN typical level (a repo-normalized value, not a raw count -- see the raw open_bugs_at_release column for the actual count). NOTE: this relationship runs in OPPOSITE directions for microsoft/vscode versus kubernetes/kubernetes and apache/airflow -- confirm which repository this release belongs to before interpreting the direction.",first_time_contributor_count (contribution=0.027): This release involved an unusually high number of first-time contributors.,"first_time_contributor_share (contribution=0.017): Same signal as first_time_contributor_count, expressed as a share of all contributors.",For kubernetes/kubernetes or apache/airflow: a high backlog suggests unresolved technical debt risk -- consider prioritizing backlog triage before this release ships. For microsoft/vscode: a LOW backlog was associated with higher risk in this dataset -- investigate whether this reflects under-reporting rather than genuine stability before treating it as reassuring.,"Consider additional review scrutiny specifically on first-time contributors' changes, given this project's confirmed (though not fully independent of other factors) association between contributor turnover and elevated risk.",See first_time_contributor_count recommendation.,test
312131648,apache/airflow,0.5016446835759316,High,"open_bugs_at_release_repo_z (contribution=0.058): The pre-release open-bug backlog is unusually high or low relative to THIS REPOSITORY'S OWN typical level (a repo-normalized value, not a raw count -- see the raw open_bugs_at_release column for the actual count). NOTE: this relationship runs in OPPOSITE directions for microsoft/vscode versus kubernetes/kubernetes and apache/airflow -- confirm which repository this release belongs to before interpreting the direction.","prior_releases_avg_bugs_repo_z (contribution=0.015): This repository's historical average post-release bug count (from releases whose own outcome was already known at this release's time), expressed relative to this repository's own typical level (repo-normalized, not a raw count).",first_time_contributor_count (contribution=0.007): This release involved an unusually high number of first-time contributors.,For kubernetes/kubernetes or apache/airflow: a high backlog suggests unresolved technical debt risk -- consider prioritizing backlog triage before this release ships. For microsoft/vscode: a LOW backlog was associated with higher risk in this dataset -- investigate whether this reflects under-reporting rather than genuine stability before treating it as reassuring.,"Review whether recent releases in this repository have been trending toward more or fewer post-release bugs; a persistently high historical average may warrant a broader process review, not just extra scrutiny on this one release.","Consider additional review scrutiny specifically on first-time contributors' changes, given this project's confirmed (though not fully independent of other factors) association between contributor turnover and elevated risk.",test
313416734,apache/airflow,0.4926831882466445,High,"open_bugs_at_release_repo_z (contribution=0.058): The pre-release open-bug backlog is unusually high or low relative to THIS REPOSITORY'S OWN typical level (a repo-normalized value, not a raw count -- see the raw open_bugs_at_release column for the actual count). NOTE: this relationship runs in OPPOSITE directions for microsoft/vscode versus kubernetes/kubernetes and apache/airflow -- confirm which repository this release belongs to before interpreting the direction.","prior_releases_avg_bugs_repo_z (contribution=0.015): This repository's historical average post-release bug count (from releases whose own outcome was already known at this release's time), expressed relative to this repository's own typical level (repo-normalized, not a raw count).","first_time_contributor_share (contribution=0.011): Same signal as first_time_contributor_count, expressed as a share of all contributors.",For kubernetes/kubernetes or apache/airflow: a high backlog suggests unresolved technical debt risk -- consider prioritizing backlog triage before this release ships. For microsoft/vscode: a LOW backlog was associated with higher risk in this dataset -- investigate whether this reflects under-reporting rather than genuine stability before treating it as reassuring.,"Review whether recent releases in this repository have been trending toward more or fewer post-release bugs; a persistently high historical average may warrant a broader process review, not just extra scrutiny on this one release.",See first_time_contributor_count recommendation.,test
331316417,apache/airflow,0.5490680337168176,High,first_time_contributor_count (contribution=0.097): This release involved an unusually high number of first-time contributors.,"open_bugs_at_release_repo_z (contribution=0.048): The pre-release open-bug backlog is unusually high or low relative to THIS REPOSITORY'S OWN typical level (a repo-normalized value, not a raw count -- see the raw open_bugs_at_release column for the actual count). NOTE: this relationship runs in OPPOSITE directions for microsoft/vscode versus kubernetes/kubernetes and apache/airflow -- confirm which repository this release belongs to before interpreting the direction.","first_time_contributor_share (contribution=0.038): Same signal as first_time_contributor_count, expressed as a share of all contributors.","Consider additional review scrutiny specifically on first-time contributors' changes, given this project's confirmed (though not fully independent of other factors) association between contributor turnover and elevated risk.",For kubernetes/kubernetes or apache/airflow: a high backlog suggests unresolved technical debt risk -- consider prioritizing backlog triage before this release ships. For microsoft/vscode: a LOW backlog was associated with higher risk in this dataset -- investigate whether this reflects under-reporting rather than genuine stability before treating it as reassuring.,See first_time_contributor_count recommendation.,test
333981785,apache/airflow,0.4987352467920979,High,"open_bugs_at_release_repo_z (contribution=0.043): The pre-release open-bug backlog is unusually high or low relative to THIS REPOSITORY'S OWN typical level (a repo-normalized value, not a raw count -- see the raw open_bugs_at_release column for the actual count). NOTE: this relationship runs in OPPOSITE directions for microsoft/vscode versus kubernetes/kubernetes and apache/airflow -- confirm which repository this release belongs to before interpreting the direction.","prior_releases_avg_bugs_repo_z (contribution=0.023): This repository's historical average post-release bug count (from releases whose own outcome was already known at this release's time), expressed relative to this repository's own typical level (repo-normalized, not a raw count).","first_time_contributor_share (contribution=0.014): Same signal as first_time_contributor_count, expressed as a share of all contributors.",For kubernetes/kubernetes or apache/airflow: a high backlog suggests unresolved technical debt risk -- consider prioritizing backlog triage before this release ships. For microsoft/vscode: a LOW backlog was associated with higher risk in this dataset -- investigate whether this reflects under-reporting rather than genuine stability before treating it as reassuring.,"Review whether recent releases in this repository have been trending toward more or fewer post-release bugs; a persistently high historical average may warrant a broader process review, not just extra scrutiny on this one release.",See first_time_contributor_count recommendation.,test
334088828,apache/airflow,0.5021354790970279,High,"open_bugs_at_release_repo_z (contribution=0.040): The pre-release open-bug backlog is unusually high or low relative to THIS REPOSITORY'S OWN typical level (a repo-normalized value, not a raw count -- see the raw open_bugs_at_release column for the actual count). NOTE: this relationship runs in OPPOSITE directions for microsoft/vscode versus kubernetes/kubernetes and apache/airflow -- confirm which repository this release belongs to before interpreting the direction.","prior_releases_avg_bugs_repo_z (contribution=0.023): This repository's historical average post-release bug count (from releases whose own outcome was already known at this release's time), expressed relative to this repository's own typical level (repo-normalized, not a raw count).",first_time_contributor_count (contribution=0.014): This release involved an unusually high number of first-time contributors.,For kubernetes/kubernetes or apache/airflow: a high backlog suggests unresolved technical debt risk -- consider prioritizing backlog triage before this release ships. For microsoft/vscode: a LOW backlog was associated with higher risk in this dataset -- investigate whether this reflects under-reporting rather than genuine stability before treating it as reassuring.,"Review whether recent releases in this repository have been trending toward more or fewer post-release bugs; a persistently high historical average may warrant a broader process review, not just extra scrutiny on this one release.","Consider additional review scrutiny specifically on first-time contributors' changes, given this project's confirmed (though not fully independent of other factors) association between contributor turnover and elevated risk.",test
234641159,microsoft/vscode,0.4632413128555824,High,"open_bugs_at_release_repo_z (contribution=0.068): The pre-release open-bug backlog is unusually high or low relative to THIS REPOSITORY'S OWN typical level (a repo-normalized value, not a raw count -- see the raw open_bugs_at_release column for the actual count). NOTE: this relationship runs in OPPOSITE directions for microsoft/vscode versus kubernetes/kubernetes and apache/airflow -- confirm which repository this release belongs to before interpreting the direction.",commit_count (contribution=0.010): The volume of commits before this release is unusually high or low.,avg_time_to_merge_hours (contribution=0.005): Pull requests before this release merged unusually quickly or slowly on average.,For kubernetes/kubernetes or apache/airflow: a high backlog suggests unresolved technical debt risk -- consider prioritizing backlog triage before this release ships. For microsoft/vscode: a LOW backlog was associated with higher risk in this dataset -- investigate whether this reflects under-reporting rather than genuine stability before treating it as reassuring.,"A very high commit count (a large release) may warrant proportionally more testing time; a very low count paired with elevated risk may indicate the release was small but touched a disproportionately risky area of the codebase -- review change scope, not just change volume.",Very fast merging paired with elevated risk may indicate reduced review scrutiny; consider a second reviewer pass on the highest-impact changes before shipping.,test
236028045,microsoft/vscode,0.46164636744373144,High,"open_bugs_at_release_repo_z (contribution=0.069): The pre-release open-bug backlog is unusually high or low relative to THIS REPOSITORY'S OWN typical level (a repo-normalized value, not a raw count -- see the raw open_bugs_at_release column for the actual count). NOTE: this relationship runs in OPPOSITE directions for microsoft/vscode versus kubernetes/kubernetes and apache/airflow -- confirm which repository this release belongs to before interpreting the direction.",avg_time_to_merge_hours (contribution=0.005): Pull requests before this release merged unusually quickly or slowly on average.,commit_count (contribution=0.005): The volume of commits before this release is unusually high or low.,For kubernetes/kubernetes or apache/airflow: a high backlog suggests unresolved technical debt risk -- consider prioritizing backlog triage before this release ships. For microsoft/vscode: a LOW backlog was associated with higher risk in this dataset -- investigate whether this reflects under-reporting rather than genuine stability before treating it as reassuring.,Very fast merging paired with elevated risk may indicate reduced review scrutiny; consider a second reviewer pass on the highest-impact changes before shipping.,"A very high commit count (a large release) may warrant proportionally more testing time; a very low count paired with elevated risk may indicate the release was small but touched a disproportionately risky area of the codebase -- review change scope, not just change volume.",test
238393156,microsoft/vscode,0.46355576556099454,High,"open_bugs_at_release_repo_z (contribution=0.072): The pre-release open-bug backlog is unusually high or low relative to THIS REPOSITORY'S OWN typical level (a repo-normalized value, not a raw count -- see the raw open_bugs_at_release column for the actual count). NOTE: this relationship runs in OPPOSITE directions for microsoft/vscode versus kubernetes/kubernetes and apache/airflow -- confirm which repository this release belongs to before interpreting the direction.",commit_count (contribution=0.016): The volume of commits before this release is unusually high or low.,avg_time_to_merge_hours (contribution=0.005): Pull requests before this release merged unusually quickly or slowly on average.,For kubernetes/kubernetes or apache/airflow: a high backlog suggests unresolved technical debt risk -- consider prioritizing backlog triage before this release ships. For microsoft/vscode: a LOW backlog was associated with higher risk in this dataset -- investigate whether this reflects under-reporting rather than genuine stability before treating it as reassuring.,"A very high commit count (a large release) may warrant proportionally more testing time; a very low count paired with elevated risk may indicate the release was small but touched a disproportionately risky area of the codebase -- review change scope, not just change volume.",Very fast merging paired with elevated risk may indicate reduced review scrutiny; consider a second reviewer pass on the highest-impact changes before shipping.,test
239780431,microsoft/vscode,0.4658963226434469,High,"open_bugs_at_release_repo_z (contribution=0.073): The pre-release open-bug backlog is unusually high or low relative to THIS REPOSITORY'S OWN typical level (a repo-normalized value, not a raw count -- see the raw open_bugs_at_release column for the actual count). NOTE: this relationship runs in OPPOSITE directions for microsoft/vscode versus kubernetes/kubernetes and apache/airflow -- confirm which repository this release belongs to before interpreting the direction.",commit_count (contribution=0.007): The volume of commits before this release is unusually high or low.,avg_time_to_merge_hours (contribution=0.006): Pull requests before this release merged unusually quickly or slowly on average.,For kubernetes/kubernetes or apache/airflow: a high backlog suggests unresolved technical debt risk -- consider prioritizing backlog triage before this release ships. For microsoft/vscode: a LOW backlog was associated with higher risk in this dataset -- investigate whether this reflects under-reporting rather than genuine stability before treating it as reassuring.,"A very high commit count (a large release) may warrant proportionally more testing time; a very low count paired with elevated risk may indicate the release was small but touched a disproportionately risky area of the codebase -- review change scope, not just change volume.",Very fast merging paired with elevated risk may indicate reduced review scrutiny; consider a second reviewer pass on the highest-impact changes before shipping.,test
241618186,microsoft/vscode,0.46736281074787916,High,"open_bugs_at_release_repo_z (contribution=0.075): The pre-release open-bug backlog is unusually high or low relative to THIS REPOSITORY'S OWN typical level (a repo-normalized value, not a raw count -- see the raw open_bugs_at_release column for the actual count). NOTE: this relationship runs in OPPOSITE directions for microsoft/vscode versus kubernetes/kubernetes and apache/airflow -- confirm which repository this release belongs to before interpreting the direction.",commit_count (contribution=0.012): The volume of commits before this release is unusually high or low.,avg_time_to_merge_hours (contribution=0.006): Pull requests before this release merged unusually quickly or slowly on average.,For kubernetes/kubernetes or apache/airflow: a high backlog suggests unresolved technical debt risk -- consider prioritizing backlog triage before this release ships. For microsoft/vscode: a LOW backlog was associated with higher risk in this dataset -- investigate whether this reflects under-reporting rather than genuine stability before treating it as reassuring.,"A very high commit count (a large release) may warrant proportionally more testing time; a very low count paired with elevated risk may indicate the release was small but touched a disproportionately risky area of the codebase -- review change scope, not just change volume.",Very fast merging paired with elevated risk may indicate reduced review scrutiny; consider a second reviewer pass on the highest-impact changes before shipping.,test
246491048,microsoft/vscode,0.4826081359065321,High,"open_bugs_at_release_repo_z (contribution=0.080): The pre-release open-bug backlog is unusually high or low relative to THIS REPOSITORY'S OWN typical level (a repo-normalized value, not a raw count -- see the raw open_bugs_at_release column for the actual count). NOTE: this relationship runs in OPPOSITE directions for microsoft/vscode versus kubernetes/kubernetes and apache/airflow -- confirm which repository this release belongs to before interpreting the direction.",commit_count (contribution=0.044): The volume of commits before this release is unusually high or low.,pr_count (contribution=0.011): The number of pull requests merged before this release is unusually high or low.,For kubernetes/kubernetes or apache/airflow: a high backlog suggests unresolved technical debt risk -- consider prioritizing backlog triage before this release ships. For microsoft/vscode: a LOW backlog was associated with higher risk in this dataset -- investigate whether this reflects under-reporting rather than genuine stability before treating it as reassuring.,"A very high commit count (a large release) may warrant proportionally more testing time; a very low count paired with elevated risk may indicate the release was small but touched a disproportionately risky area of the codebase -- review change scope, not just change volume.",Consider whether review capacity kept pace with PR volume for this release cycle.,test
248155319,microsoft/vscode,0.46577847320445315,High,"open_bugs_at_release_repo_z (contribution=0.081): The pre-release open-bug backlog is unusually high or low relative to THIS REPOSITORY'S OWN typical level (a repo-normalized value, not a raw count -- see the raw open_bugs_at_release column for the actual count). NOTE: this relationship runs in OPPOSITE directions for microsoft/vscode versus kubernetes/kubernetes and apache/airflow -- confirm which repository this release belongs to before interpreting the direction.",avg_time_to_merge_hours (contribution=0.006): Pull requests before this release merged unusually quickly or slowly on average.,"median_time_to_merge_hours (contribution=0.003): Same signal as avg_time_to_merge_hours, less sensitive to a few outlier PRs.",For kubernetes/kubernetes or apache/airflow: a high backlog suggests unresolved technical debt risk -- consider prioritizing backlog triage before this release ships. For microsoft/vscode: a LOW backlog was associated with higher risk in this dataset -- investigate whether this reflects under-reporting rather than genuine stability before treating it as reassuring.,Very fast merging paired with elevated risk may indicate reduced review scrutiny; consider a second reviewer pass on the highest-impact changes before shipping.,See avg_time_to_merge_hours recommendation.,test
250226077,microsoft/vscode,0.4730184604994126,High,"open_bugs_at_release_repo_z (contribution=0.083): The pre-release open-bug backlog is unusually high or low relative to THIS REPOSITORY'S OWN typical level (a repo-normalized value, not a raw count -- see the raw open_bugs_at_release column for the actual count). NOTE: this relationship runs in OPPOSITE directions for microsoft/vscode versus kubernetes/kubernetes and apache/airflow -- confirm which repository this release belongs to before interpreting the direction.",avg_time_to_merge_hours (contribution=0.005): Pull requests before this release merged unusually quickly or slowly on average.,commit_count (contribution=0.004): The volume of commits before this release is unusually high or low.,For kubernetes/kubernetes or apache/airflow: a high backlog suggests unresolved technical debt risk -- consider prioritizing backlog triage before this release ships. For microsoft/vscode: a LOW backlog was associated with higher risk in this dataset -- investigate whether this reflects under-reporting rather than genuine stability before treating it as reassuring.,Very fast merging paired with elevated risk may indicate reduced review scrutiny; consider a second reviewer pass on the highest-impact changes before shipping.,"A very high commit count (a large release) may warrant proportionally more testing time; a very low count paired with elevated risk may indicate the release was small but touched a disproportionately risky area of the codebase -- review change scope, not just change volume.",test
251802178,microsoft/vscode,0.4676152745838546,High,"open_bugs_at_release_repo_z (contribution=0.084): The pre-release open-bug backlog is unusually high or low relative to THIS REPOSITORY'S OWN typical level (a repo-normalized value, not a raw count -- see the raw open_bugs_at_release column for the actual count). NOTE: this relationship runs in OPPOSITE directions for microsoft/vscode versus kubernetes/kubernetes and apache/airflow -- confirm which repository this release belongs to before interpreting the direction.",commit_count (contribution=0.007): The volume of commits before this release is unusually high or low.,avg_time_to_merge_hours (contribution=0.006): Pull requests before this release merged unusually quickly or slowly on average.,For kubernetes/kubernetes or apache/airflow: a high backlog suggests unresolved technical debt risk -- consider prioritizing backlog triage before this release ships. For microsoft/vscode: a LOW backlog was associated with higher risk in this dataset -- investigate whether this reflects under-reporting rather than genuine stability before treating it as reassuring.,"A very high commit count (a large release) may warrant proportionally more testing time; a very low count paired with elevated risk may indicate the release was small but touched a disproportionately risky area of the codebase -- review change scope, not just change volume.",Very fast merging paired with elevated risk may indicate reduced review scrutiny; consider a second reviewer pass on the highest-impact changes before shipping.,test
253418659,microsoft/vscode,0.4755390126029513,High,"open_bugs_at_release_repo_z (contribution=0.085): The pre-release open-bug backlog is unusually high or low relative to THIS REPOSITORY'S OWN typical level (a repo-normalized value, not a raw count -- see the raw open_bugs_at_release column for the actual count). NOTE: this relationship runs in OPPOSITE directions for microsoft/vscode versus kubernetes/kubernetes and apache/airflow -- confirm which repository this release belongs to before interpreting the direction.",commit_count (contribution=0.010): The volume of commits before this release is unusually high or low.,avg_time_to_merge_hours (contribution=0.006): Pull requests before this release merged unusually quickly or slowly on average.,For kubernetes/kubernetes or apache/airflow: a high backlog suggests unresolved technical debt risk -- consider prioritizing backlog triage before this release ships. For microsoft/vscode: a LOW backlog was associated with higher risk in this dataset -- investigate whether this reflects under-reporting rather than genuine stability before treating it as reassuring.,"A very high commit count (a large release) may warrant proportionally more testing time; a very low count paired with elevated risk may indicate the release was small but touched a disproportionately risky area of the codebase -- review change scope, not just change volume.",Very fast merging paired with elevated risk may indicate reduced review scrutiny; consider a second reviewer pass on the highest-impact changes before shipping.,test
254828317,microsoft/vscode,0.4688600355889165,High,"open_bugs_at_release_repo_z (contribution=0.086): The pre-release open-bug backlog is unusually high or low relative to THIS REPOSITORY'S OWN typical level (a repo-normalized value, not a raw count -- see the raw open_bugs_at_release column for the actual count). NOTE: this relationship runs in OPPOSITE directions for microsoft/vscode versus kubernetes/kubernetes and apache/airflow -- confirm which repository this release belongs to before interpreting the direction.",avg_time_to_merge_hours (contribution=0.006): Pull requests before this release merged unusually quickly or slowly on average.,commit_count (contribution=0.003): The volume of commits before this release is unusually high or low.,For kubernetes/kubernetes or apache/airflow: a high backlog suggests unresolved technical debt risk -- consider prioritizing backlog triage before this release ships. For microsoft/vscode: a LOW backlog was associated with higher risk in this dataset -- investigate whether this reflects under-reporting rather than genuine stability before treating it as reassuring.,Very fast merging paired with elevated risk may indicate reduced review scrutiny; consider a second reviewer pass on the highest-impact changes before shipping.,"A very high commit count (a large release) may warrant proportionally more testing time; a very low count paired with elevated risk may indicate the release was small but touched a disproportionately risky area of the codebase -- review change scope, not just change volume.",test
261850326,microsoft/vscode,0.5121955253301727,High,commit_count (contribution=0.107): The volume of commits before this release is unusually high or low.,"open_bugs_at_release_repo_z (contribution=0.094): The pre-release open-bug backlog is unusually high or low relative to THIS REPOSITORY'S OWN typical level (a repo-normalized value, not a raw count -- see the raw open_bugs_at_release column for the actual count). NOTE: this relationship runs in OPPOSITE directions for microsoft/vscode versus kubernetes/kubernetes and apache/airflow -- confirm which repository this release belongs to before interpreting the direction.",pr_count (contribution=0.022): The number of pull requests merged before this release is unusually high or low.,"A very high commit count (a large release) may warrant proportionally more testing time; a very low count paired with elevated risk may indicate the release was small but touched a disproportionately risky area of the codebase -- review change scope, not just change volume.",For kubernetes/kubernetes or apache/airflow: a high backlog suggests unresolved technical debt risk -- consider prioritizing backlog triage before this release ships. For microsoft/vscode: a LOW backlog was associated with higher risk in this dataset -- investigate whether this reflects under-reporting rather than genuine stability before treating it as reassuring.,Consider whether review capacity kept pace with PR volume for this release cycle.,test
263105607,microsoft/vscode,0.4732873174913744,High,"open_bugs_at_release_repo_z (contribution=0.096): The pre-release open-bug backlog is unusually high or low relative to THIS REPOSITORY'S OWN typical level (a repo-normalized value, not a raw count -- see the raw open_bugs_at_release column for the actual count). NOTE: this relationship runs in OPPOSITE directions for microsoft/vscode versus kubernetes/kubernetes and apache/airflow -- confirm which repository this release belongs to before interpreting the direction.",avg_time_to_merge_hours (contribution=0.006): Pull requests before this release merged unusually quickly or slowly on average.,commit_count (contribution=0.005): The volume of commits before this release is unusually high or low.,For kubernetes/kubernetes or apache/airflow: a high backlog suggests unresolved technical debt risk -- consider prioritizing backlog triage before this release ships. For microsoft/vscode: a LOW backlog was associated with higher risk in this dataset -- investigate whether this reflects under-reporting rather than genuine stability before treating it as reassuring.,Very fast merging paired with elevated risk may indicate reduced review scrutiny; consider a second reviewer pass on the highest-impact changes before shipping.,"A very high commit count (a large release) may warrant proportionally more testing time; a very low count paired with elevated risk may indicate the release was small but touched a disproportionately risky area of the codebase -- review change scope, not just change volume.",test
263768428,microsoft/vscode,0.4684454204759264,High,"open_bugs_at_release_repo_z (contribution=0.097): The pre-release open-bug backlog is unusually high or low relative to THIS REPOSITORY'S OWN typical level (a repo-normalized value, not a raw count -- see the raw open_bugs_at_release column for the actual count). NOTE: this relationship runs in OPPOSITE directions for microsoft/vscode versus kubernetes/kubernetes and apache/airflow -- confirm which repository this release belongs to before interpreting the direction.",avg_time_to_merge_hours (contribution=0.006): Pull requests before this release merged unusually quickly or slowly on average.,"median_time_to_merge_hours (contribution=0.003): Same signal as avg_time_to_merge_hours, less sensitive to a few outlier PRs.",For kubernetes/kubernetes or apache/airflow: a high backlog suggests unresolved technical debt risk -- consider prioritizing backlog triage before this release ships. For microsoft/vscode: a LOW backlog was associated with higher risk in this dataset -- investigate whether this reflects under-reporting rather than genuine stability before treating it as reassuring.,Very fast merging paired with elevated risk may indicate reduced review scrutiny; consider a second reviewer pass on the highest-impact changes before shipping.,See avg_time_to_merge_hours recommendation.,test
265439624,microsoft/vscode,0.47847179892775576,High,"open_bugs_at_release_repo_z (contribution=0.099): The pre-release open-bug backlog is unusually high or low relative to THIS REPOSITORY'S OWN typical level (a repo-normalized value, not a raw count -- see the raw open_bugs_at_release column for the actual count). NOTE: this relationship runs in OPPOSITE directions for microsoft/vscode versus kubernetes/kubernetes and apache/airflow -- confirm which repository this release belongs to before interpreting the direction.",commit_count (contribution=0.010): The volume of commits before this release is unusually high or low.,avg_time_to_merge_hours (contribution=0.005): Pull requests before this release merged unusually quickly or slowly on average.,For kubernetes/kubernetes or apache/airflow: a high backlog suggests unresolved technical debt risk -- consider prioritizing backlog triage before this release ships. For microsoft/vscode: a LOW backlog was associated with higher risk in this dataset -- investigate whether this reflects under-reporting rather than genuine stability before treating it as reassuring.,"A very high commit count (a large release) may warrant proportionally more testing time; a very low count paired with elevated risk may indicate the release was small but touched a disproportionately risky area of the codebase -- review change scope, not just change volume.",Very fast merging paired with elevated risk may indicate reduced review scrutiny; consider a second reviewer pass on the highest-impact changes before shipping.,test
269240526,microsoft/vscode,0.49507251660137336,High,"open_bugs_at_release_repo_z (contribution=0.102): The pre-release open-bug backlog is unusually high or low relative to THIS REPOSITORY'S OWN typical level (a repo-normalized value, not a raw count -- see the raw open_bugs_at_release column for the actual count). NOTE: this relationship runs in OPPOSITE directions for microsoft/vscode versus kubernetes/kubernetes and apache/airflow -- confirm which repository this release belongs to before interpreting the direction.",commit_count (contribution=0.033): The volume of commits before this release is unusually high or low.,pr_count (contribution=0.010): The number of pull requests merged before this release is unusually high or low.,For kubernetes/kubernetes or apache/airflow: a high backlog suggests unresolved technical debt risk -- consider prioritizing backlog triage before this release ships. For microsoft/vscode: a LOW backlog was associated with higher risk in this dataset -- investigate whether this reflects under-reporting rather than genuine stability before treating it as reassuring.,"A very high commit count (a large release) may warrant proportionally more testing time; a very low count paired with elevated risk may indicate the release was small but touched a disproportionately risky area of the codebase -- review change scope, not just change volume.",Consider whether review capacity kept pace with PR volume for this release cycle.,test
271252851,microsoft/vscode,0.49191638637026297,High,"open_bugs_at_release_repo_z (contribution=0.096): The pre-release open-bug backlog is unusually high or low relative to THIS REPOSITORY'S OWN typical level (a repo-normalized value, not a raw count -- see the raw open_bugs_at_release column for the actual count). NOTE: this relationship runs in OPPOSITE directions for microsoft/vscode versus kubernetes/kubernetes and apache/airflow -- confirm which repository this release belongs to before interpreting the direction.","prior_releases_avg_bugs_repo_z (contribution=0.022): This repository's historical average post-release bug count (from releases whose own outcome was already known at this release's time), expressed relative to this repository's own typical level (repo-normalized, not a raw count).",commit_count (contribution=0.013): The volume of commits before this release is unusually high or low.,For kubernetes/kubernetes or apache/airflow: a high backlog suggests unresolved technical debt risk -- consider prioritizing backlog triage before this release ships. For microsoft/vscode: a LOW backlog was associated with higher risk in this dataset -- investigate whether this reflects under-reporting rather than genuine stability before treating it as reassuring.,"Review whether recent releases in this repository have been trending toward more or fewer post-release bugs; a persistently high historical average may warrant a broader process review, not just extra scrutiny on this one release.","A very high commit count (a large release) may warrant proportionally more testing time; a very low count paired with elevated risk may indicate the release was small but touched a disproportionately risky area of the codebase -- review change scope, not just change volume.",test
275307407,microsoft/vscode,0.5005768558606072,High,"open_bugs_at_release_repo_z (contribution=0.093): The pre-release open-bug backlog is unusually high or low relative to THIS REPOSITORY'S OWN typical level (a repo-normalized value, not a raw count -- see the raw open_bugs_at_release column for the actual count). NOTE: this relationship runs in OPPOSITE directions for microsoft/vscode versus kubernetes/kubernetes and apache/airflow -- confirm which repository this release belongs to before interpreting the direction.","prior_releases_avg_bugs_repo_z (contribution=0.042): This repository's historical average post-release bug count (from releases whose own outcome was already known at this release's time), expressed relative to this repository's own typical level (repo-normalized, not a raw count).",commit_count (contribution=0.025): The volume of commits before this release is unusually high or low.,For kubernetes/kubernetes or apache/airflow: a high backlog suggests unresolved technical debt risk -- consider prioritizing backlog triage before this release ships. For microsoft/vscode: a LOW backlog was associated with higher risk in this dataset -- investigate whether this reflects under-reporting rather than genuine stability before treating it as reassuring.,"Review whether recent releases in this repository have been trending toward more or fewer post-release bugs; a persistently high historical average may warrant a broader process review, not just extra scrutiny on this one release.","A very high commit count (a large release) may warrant proportionally more testing time; a very low count paired with elevated risk may indicate the release was small but touched a disproportionately risky area of the codebase -- review change scope, not just change volume.",test
277418115,microsoft/vscode,0.4962757263801247,High,"open_bugs_at_release_repo_z (contribution=0.095): The pre-release open-bug backlog is unusually high or low relative to THIS REPOSITORY'S OWN typical level (a repo-normalized value, not a raw count -- see the raw open_bugs_at_release column for the actual count). NOTE: this relationship runs in OPPOSITE directions for microsoft/vscode versus kubernetes/kubernetes and apache/airflow -- confirm which repository this release belongs to before interpreting the direction.","prior_releases_avg_bugs_repo_z (contribution=0.045): This repository's historical average post-release bug count (from releases whose own outcome was already known at this release's time), expressed relative to this repository's own typical level (repo-normalized, not a raw count).",commit_count (contribution=0.019): The volume of commits before this release is unusually high or low.,For kubernetes/kubernetes or apache/airflow: a high backlog suggests unresolved technical debt risk -- consider prioritizing backlog triage before this release ships. For microsoft/vscode: a LOW backlog was associated with higher risk in this dataset -- investigate whether this reflects under-reporting rather than genuine stability before treating it as reassuring.,"Review whether recent releases in this repository have been trending toward more or fewer post-release bugs; a persistently high historical average may warrant a broader process review, not just extra scrutiny on this one release.","A very high commit count (a large release) may warrant proportionally more testing time; a very low count paired with elevated risk may indicate the release was small but touched a disproportionately risky area of the codebase -- review change scope, not just change volume.",test
279512009,microsoft/vscode,0.5009748933350379,High,"open_bugs_at_release_repo_z (contribution=0.096): The pre-release open-bug backlog is unusually high or low relative to THIS REPOSITORY'S OWN typical level (a repo-normalized value, not a raw count -- see the raw open_bugs_at_release column for the actual count). NOTE: this relationship runs in OPPOSITE directions for microsoft/vscode versus kubernetes/kubernetes and apache/airflow -- confirm which repository this release belongs to before interpreting the direction.","prior_releases_avg_bugs_repo_z (contribution=0.046): This repository's historical average post-release bug count (from releases whose own outcome was already known at this release's time), expressed relative to this repository's own typical level (repo-normalized, not a raw count).",commit_count (contribution=0.035): The volume of commits before this release is unusually high or low.,For kubernetes/kubernetes or apache/airflow: a high backlog suggests unresolved technical debt risk -- consider prioritizing backlog triage before this release ships. For microsoft/vscode: a LOW backlog was associated with higher risk in this dataset -- investigate whether this reflects under-reporting rather than genuine stability before treating it as reassuring.,"Review whether recent releases in this repository have been trending toward more or fewer post-release bugs; a persistently high historical average may warrant a broader process review, not just extra scrutiny on this one release.","A very high commit count (a large release) may warrant proportionally more testing time; a very low count paired with elevated risk may indicate the release was small but touched a disproportionately risky area of the codebase -- review change scope, not just change volume.",test
283135054,microsoft/vscode,0.500306327455971,High,"open_bugs_at_release_repo_z (contribution=0.098): The pre-release open-bug backlog is unusually high or low relative to THIS REPOSITORY'S OWN typical level (a repo-normalized value, not a raw count -- see the raw open_bugs_at_release column for the actual count). NOTE: this relationship runs in OPPOSITE directions for microsoft/vscode versus kubernetes/kubernetes and apache/airflow -- confirm which repository this release belongs to before interpreting the direction.",commit_count (contribution=0.048): The volume of commits before this release is unusually high or low.,"prior_releases_avg_bugs_repo_z (contribution=0.046): This repository's historical average post-release bug count (from releases whose own outcome was already known at this release's time), expressed relative to this repository's own typical level (repo-normalized, not a raw count).",For kubernetes/kubernetes or apache/airflow: a high backlog suggests unresolved technical debt risk -- consider prioritizing backlog triage before this release ships. For microsoft/vscode: a LOW backlog was associated with higher risk in this dataset -- investigate whether this reflects under-reporting rather than genuine stability before treating it as reassuring.,"A very high commit count (a large release) may warrant proportionally more testing time; a very low count paired with elevated risk may indicate the release was small but touched a disproportionately risky area of the codebase -- review change scope, not just change volume.","Review whether recent releases in this repository have been trending toward more or fewer post-release bugs; a persistently high historical average may warrant a broader process review, not just extra scrutiny on this one release.",test
284958517,microsoft/vscode,0.4909834480416408,High,"open_bugs_at_release_repo_z (contribution=0.099): The pre-release open-bug backlog is unusually high or low relative to THIS REPOSITORY'S OWN typical level (a repo-normalized value, not a raw count -- see the raw open_bugs_at_release column for the actual count). NOTE: this relationship runs in OPPOSITE directions for microsoft/vscode versus kubernetes/kubernetes and apache/airflow -- confirm which repository this release belongs to before interpreting the direction.","prior_releases_avg_bugs_repo_z (contribution=0.053): This repository's historical average post-release bug count (from releases whose own outcome was already known at this release's time), expressed relative to this repository's own typical level (repo-normalized, not a raw count).",commit_count (contribution=0.012): The volume of commits before this release is unusually high or low.,For kubernetes/kubernetes or apache/airflow: a high backlog suggests unresolved technical debt risk -- consider prioritizing backlog triage before this release ships. For microsoft/vscode: a LOW backlog was associated with higher risk in this dataset -- investigate whether this reflects under-reporting rather than genuine stability before treating it as reassuring.,"Review whether recent releases in this repository have been trending toward more or fewer post-release bugs; a persistently high historical average may warrant a broader process review, not just extra scrutiny on this one release.","A very high commit count (a large release) may warrant proportionally more testing time; a very low count paired with elevated risk may indicate the release was small but touched a disproportionately risky area of the codebase -- review change scope, not just change volume.",test
285081339,microsoft/vscode,0.4792867917568822,High,"open_bugs_at_release_repo_z (contribution=0.099): The pre-release open-bug backlog is unusually high or low relative to THIS REPOSITORY'S OWN typical level (a repo-normalized value, not a raw count -- see the raw open_bugs_at_release column for the actual count). NOTE: this relationship runs in OPPOSITE directions for microsoft/vscode versus kubernetes/kubernetes and apache/airflow -- confirm which repository this release belongs to before interpreting the direction.","prior_releases_avg_bugs_repo_z (contribution=0.053): This repository's historical average post-release bug count (from releases whose own outcome was already known at this release's time), expressed relative to this repository's own typical level (repo-normalized, not a raw count).",avg_time_to_merge_hours (contribution=0.006): Pull requests before this release merged unusually quickly or slowly on average.,For kubernetes/kubernetes or apache/airflow: a high backlog suggests unresolved technical debt risk -- consider prioritizing backlog triage before this release ships. For microsoft/vscode: a LOW backlog was associated with higher risk in this dataset -- investigate whether this reflects under-reporting rather than genuine stability before treating it as reassuring.,"Review whether recent releases in this repository have been trending toward more or fewer post-release bugs; a persistently high historical average may warrant a broader process review, not just extra scrutiny on this one release.",Very fast merging paired with elevated risk may indicate reduced review scrutiny; consider a second reviewer pass on the highest-impact changes before shipping.,test
288512678,microsoft/vscode,0.5061949409695325,High,"open_bugs_at_release_repo_z (contribution=0.100): The pre-release open-bug backlog is unusually high or low relative to THIS REPOSITORY'S OWN typical level (a repo-normalized value, not a raw count -- see the raw open_bugs_at_release column for the actual count). NOTE: this relationship runs in OPPOSITE directions for microsoft/vscode versus kubernetes/kubernetes and apache/airflow -- confirm which repository this release belongs to before interpreting the direction.","prior_releases_avg_bugs_repo_z (contribution=0.060): This repository's historical average post-release bug count (from releases whose own outcome was already known at this release's time), expressed relative to this repository's own typical level (repo-normalized, not a raw count).",commit_count (contribution=0.036): The volume of commits before this release is unusually high or low.,For kubernetes/kubernetes or apache/airflow: a high backlog suggests unresolved technical debt risk -- consider prioritizing backlog triage before this release ships. For microsoft/vscode: a LOW backlog was associated with higher risk in this dataset -- investigate whether this reflects under-reporting rather than genuine stability before treating it as reassuring.,"Review whether recent releases in this repository have been trending toward more or fewer post-release bugs; a persistently high historical average may warrant a broader process review, not just extra scrutiny on this one release.","A very high commit count (a large release) may warrant proportionally more testing time; a very low count paired with elevated risk may indicate the release was small but touched a disproportionately risky area of the codebase -- review change scope, not just change volume.",test
293129552,microsoft/vscode,0.5154410419117957,High,"open_bugs_at_release_repo_z (contribution=0.102): The pre-release open-bug backlog is unusually high or low relative to THIS REPOSITORY'S OWN typical level (a repo-normalized value, not a raw count -- see the raw open_bugs_at_release column for the actual count). NOTE: this relationship runs in OPPOSITE directions for microsoft/vscode versus kubernetes/kubernetes and apache/airflow -- confirm which repository this release belongs to before interpreting the direction.","prior_releases_avg_bugs_repo_z (contribution=0.066): This repository's historical average post-release bug count (from releases whose own outcome was already known at this release's time), expressed relative to this repository's own typical level (repo-normalized, not a raw count).",commit_count (contribution=0.064): The volume of commits before this release is unusually high or low.,For kubernetes/kubernetes or apache/airflow: a high backlog suggests unresolved technical debt risk -- consider prioritizing backlog triage before this release ships. For microsoft/vscode: a LOW backlog was associated with higher risk in this dataset -- investigate whether this reflects under-reporting rather than genuine stability before treating it as reassuring.,"Review whether recent releases in this repository have been trending toward more or fewer post-release bugs; a persistently high historical average may warrant a broader process review, not just extra scrutiny on this one release.","A very high commit count (a large release) may warrant proportionally more testing time; a very low count paired with elevated risk may indicate the release was small but touched a disproportionately risky area of the codebase -- review change scope, not just change volume.",test
294156116,microsoft/vscode,0.48950686052786996,High,"open_bugs_at_release_repo_z (contribution=0.102): The pre-release open-bug backlog is unusually high or low relative to THIS REPOSITORY'S OWN typical level (a repo-normalized value, not a raw count -- see the raw open_bugs_at_release column for the actual count). NOTE: this relationship runs in OPPOSITE directions for microsoft/vscode versus kubernetes/kubernetes and apache/airflow -- confirm which repository this release belongs to before interpreting the direction.","prior_releases_avg_bugs_repo_z (contribution=0.071): This repository's historical average post-release bug count (from releases whose own outcome was already known at this release's time), expressed relative to this repository's own typical level (repo-normalized, not a raw count).",avg_time_to_merge_hours (contribution=0.006): Pull requests before this release merged unusually quickly or slowly on average.,For kubernetes/kubernetes or apache/airflow: a high backlog suggests unresolved technical debt risk -- consider prioritizing backlog triage before this release ships. For microsoft/vscode: a LOW backlog was associated with higher risk in this dataset -- investigate whether this reflects under-reporting rather than genuine stability before treating it as reassuring.,"Review whether recent releases in this repository have been trending toward more or fewer post-release bugs; a persistently high historical average may warrant a broader process review, not just extra scrutiny on this one release.",Very fast merging paired with elevated risk may indicate reduced review scrutiny; consider a second reviewer pass on the highest-impact changes before shipping.,test
294646386,microsoft/vscode,0.4847726575217303,High,"open_bugs_at_release_repo_z (contribution=0.103): The pre-release open-bug backlog is unusually high or low relative to THIS REPOSITORY'S OWN typical level (a repo-normalized value, not a raw count -- see the raw open_bugs_at_release column for the actual count). NOTE: this relationship runs in OPPOSITE directions for microsoft/vscode versus kubernetes/kubernetes and apache/airflow -- confirm which repository this release belongs to before interpreting the direction.","prior_releases_avg_bugs_repo_z (contribution=0.071): This repository's historical average post-release bug count (from releases whose own outcome was already known at this release's time), expressed relative to this repository's own typical level (repo-normalized, not a raw count).",pct_merged (contribution=0.012): The share of this cycle's PRs that were merged (vs. closed unmerged) is unusually high or low.,For kubernetes/kubernetes or apache/airflow: a high backlog suggests unresolved technical debt risk -- consider prioritizing backlog triage before this release ships. For microsoft/vscode: a LOW backlog was associated with higher risk in this dataset -- investigate whether this reflects under-reporting rather than genuine stability before treating it as reassuring.,"Review whether recent releases in this repository have been trending toward more or fewer post-release bugs; a persistently high historical average may warrant a broader process review, not just extra scrutiny on this one release.",A low merge rate paired with elevated risk may indicate churn or disagreement during review; investigate closed-unmerged PRs for recurring concerns.,test
298469024,microsoft/vscode,0.5094079018331503,High,"open_bugs_at_release_repo_z (contribution=0.106): The pre-release open-bug backlog is unusually high or low relative to THIS REPOSITORY'S OWN typical level (a repo-normalized value, not a raw count -- see the raw open_bugs_at_release column for the actual count). NOTE: this relationship runs in OPPOSITE directions for microsoft/vscode versus kubernetes/kubernetes and apache/airflow -- confirm which repository this release belongs to before interpreting the direction.","prior_releases_avg_bugs_repo_z (contribution=0.082): This repository's historical average post-release bug count (from releases whose own outcome was already known at this release's time), expressed relative to this repository's own typical level (repo-normalized, not a raw count).",commit_count (contribution=0.030): The volume of commits before this release is unusually high or low.,For kubernetes/kubernetes or apache/airflow: a high backlog suggests unresolved technical debt risk -- consider prioritizing backlog triage before this release ships. For microsoft/vscode: a LOW backlog was associated with higher risk in this dataset -- investigate whether this reflects under-reporting rather than genuine stability before treating it as reassuring.,"Review whether recent releases in this repository have been trending toward more or fewer post-release bugs; a persistently high historical average may warrant a broader process review, not just extra scrutiny on this one release.","A very high commit count (a large release) may warrant proportionally more testing time; a very low count paired with elevated risk may indicate the release was small but touched a disproportionately risky area of the codebase -- review change scope, not just change volume.",test
301163165,microsoft/vscode,0.5104880620727058,High,"open_bugs_at_release_repo_z (contribution=0.107): The pre-release open-bug backlog is unusually high or low relative to THIS REPOSITORY'S OWN typical level (a repo-normalized value, not a raw count -- see the raw open_bugs_at_release column for the actual count). NOTE: this relationship runs in OPPOSITE directions for microsoft/vscode versus kubernetes/kubernetes and apache/airflow -- confirm which repository this release belongs to before interpreting the direction.","prior_releases_avg_bugs_repo_z (contribution=0.088): This repository's historical average post-release bug count (from releases whose own outcome was already known at this release's time), expressed relative to this repository's own typical level (repo-normalized, not a raw count).",commit_count (contribution=0.030): The volume of commits before this release is unusually high or low.,For kubernetes/kubernetes or apache/airflow: a high backlog suggests unresolved technical debt risk -- consider prioritizing backlog triage before this release ships. For microsoft/vscode: a LOW backlog was associated with higher risk in this dataset -- investigate whether this reflects under-reporting rather than genuine stability before treating it as reassuring.,"Review whether recent releases in this repository have been trending toward more or fewer post-release bugs; a persistently high historical average may warrant a broader process review, not just extra scrutiny on this one release.","A very high commit count (a large release) may warrant proportionally more testing time; a very low count paired with elevated risk may indicate the release was small but touched a disproportionately risky area of the codebase -- review change scope, not just change volume.",test
304148026,microsoft/vscode,0.5111121455650307,High,"open_bugs_at_release_repo_z (contribution=0.107): The pre-release open-bug backlog is unusually high or low relative to THIS REPOSITORY'S OWN typical level (a repo-normalized value, not a raw count -- see the raw open_bugs_at_release column for the actual count). NOTE: this relationship runs in OPPOSITE directions for microsoft/vscode versus kubernetes/kubernetes and apache/airflow -- confirm which repository this release belongs to before interpreting the direction.","prior_releases_avg_bugs_repo_z (contribution=0.088): This repository's historical average post-release bug count (from releases whose own outcome was already known at this release's time), expressed relative to this repository's own typical level (repo-normalized, not a raw count).",commit_count (contribution=0.030): The volume of commits before this release is unusually high or low.,For kubernetes/kubernetes or apache/airflow: a high backlog suggests unresolved technical debt risk -- consider prioritizing backlog triage before this release ships. For microsoft/vscode: a LOW backlog was associated with higher risk in this dataset -- investigate whether this reflects under-reporting rather than genuine stability before treating it as reassuring.,"Review whether recent releases in this repository have been trending toward more or fewer post-release bugs; a persistently high historical average may warrant a broader process review, not just extra scrutiny on this one release.","A very high commit count (a large release) may warrant proportionally more testing time; a very low count paired with elevated risk may indicate the release was small but touched a disproportionately risky area of the codebase -- review change scope, not just change volume.",test
306501291,microsoft/vscode,0.5071435048936436,High,"open_bugs_at_release_repo_z (contribution=0.108): The pre-release open-bug backlog is unusually high or low relative to THIS REPOSITORY'S OWN typical level (a repo-normalized value, not a raw count -- see the raw open_bugs_at_release column for the actual count). NOTE: this relationship runs in OPPOSITE directions for microsoft/vscode versus kubernetes/kubernetes and apache/airflow -- confirm which repository this release belongs to before interpreting the direction.","prior_releases_avg_bugs_repo_z (contribution=0.100): This repository's historical average post-release bug count (from releases whose own outcome was already known at this release's time), expressed relative to this repository's own typical level (repo-normalized, not a raw count).",commit_count (contribution=0.016): The volume of commits before this release is unusually high or low.,For kubernetes/kubernetes or apache/airflow: a high backlog suggests unresolved technical debt risk -- consider prioritizing backlog triage before this release ships. For microsoft/vscode: a LOW backlog was associated with higher risk in this dataset -- investigate whether this reflects under-reporting rather than genuine stability before treating it as reassuring.,"Review whether recent releases in this repository have been trending toward more or fewer post-release bugs; a persistently high historical average may warrant a broader process review, not just extra scrutiny on this one release.","A very high commit count (a large release) may warrant proportionally more testing time; a very low count paired with elevated risk may indicate the release was small but touched a disproportionately risky area of the codebase -- review change scope, not just change volume.",test
309286222,microsoft/vscode,0.5111801544880678,High,"open_bugs_at_release_repo_z (contribution=0.109): The pre-release open-bug backlog is unusually high or low relative to THIS REPOSITORY'S OWN typical level (a repo-normalized value, not a raw count -- see the raw open_bugs_at_release column for the actual count). NOTE: this relationship runs in OPPOSITE directions for microsoft/vscode versus kubernetes/kubernetes and apache/airflow -- confirm which repository this release belongs to before interpreting the direction.","prior_releases_avg_bugs_repo_z (contribution=0.106): This repository's historical average post-release bug count (from releases whose own outcome was already known at this release's time), expressed relative to this repository's own typical level (repo-normalized, not a raw count).",commit_count (contribution=0.022): The volume of commits before this release is unusually high or low.,For kubernetes/kubernetes or apache/airflow: a high backlog suggests unresolved technical debt risk -- consider prioritizing backlog triage before this release ships. For microsoft/vscode: a LOW backlog was associated with higher risk in this dataset -- investigate whether this reflects under-reporting rather than genuine stability before treating it as reassuring.,"Review whether recent releases in this repository have been trending toward more or fewer post-release bugs; a persistently high historical average may warrant a broader process review, not just extra scrutiny on this one release.","A very high commit count (a large release) may warrant proportionally more testing time; a very low count paired with elevated risk may indicate the release was small but touched a disproportionately risky area of the codebase -- review change scope, not just change volume.",test
309915674,microsoft/vscode,0.5041443326370335,High,"open_bugs_at_release_repo_z (contribution=0.108): The pre-release open-bug backlog is unusually high or low relative to THIS REPOSITORY'S OWN typical level (a repo-normalized value, not a raw count -- see the raw open_bugs_at_release column for the actual count). NOTE: this relationship runs in OPPOSITE directions for microsoft/vscode versus kubernetes/kubernetes and apache/airflow -- confirm which repository this release belongs to before interpreting the direction.","prior_releases_avg_bugs_repo_z (contribution=0.106): This repository's historical average post-release bug count (from releases whose own outcome was already known at this release's time), expressed relative to this repository's own typical level (repo-normalized, not a raw count).",pct_merged (contribution=0.032): The share of this cycle's PRs that were merged (vs. closed unmerged) is unusually high or low.,For kubernetes/kubernetes or apache/airflow: a high backlog suggests unresolved technical debt risk -- consider prioritizing backlog triage before this release ships. For microsoft/vscode: a LOW backlog was associated with higher risk in this dataset -- investigate whether this reflects under-reporting rather than genuine stability before treating it as reassuring.,"Review whether recent releases in this repository have been trending toward more or fewer post-release bugs; a persistently high historical average may warrant a broader process review, not just extra scrutiny on this one release.",A low merge rate paired with elevated risk may indicate churn or disagreement during review; investigate closed-unmerged PRs for recurring concerns.,test
311091911,microsoft/vscode,0.49837699704642063,High,"prior_releases_avg_bugs_repo_z (contribution=0.110): This repository's historical average post-release bug count (from releases whose own outcome was already known at this release's time), expressed relative to this repository's own typical level (repo-normalized, not a raw count).","open_bugs_at_release_repo_z (contribution=0.107): The pre-release open-bug backlog is unusually high or low relative to THIS REPOSITORY'S OWN typical level (a repo-normalized value, not a raw count -- see the raw open_bugs_at_release column for the actual count). NOTE: this relationship runs in OPPOSITE directions for microsoft/vscode versus kubernetes/kubernetes and apache/airflow -- confirm which repository this release belongs to before interpreting the direction.",pct_merged (contribution=0.006): The share of this cycle's PRs that were merged (vs. closed unmerged) is unusually high or low.,"Review whether recent releases in this repository have been trending toward more or fewer post-release bugs; a persistently high historical average may warrant a broader process review, not just extra scrutiny on this one release.",For kubernetes/kubernetes or apache/airflow: a high backlog suggests unresolved technical debt risk -- consider prioritizing backlog triage before this release ships. For microsoft/vscode: a LOW backlog was associated with higher risk in this dataset -- investigate whether this reflects under-reporting rather than genuine stability before treating it as reassuring.,A low merge rate paired with elevated risk may indicate churn or disagreement during review; investigate closed-unmerged PRs for recurring concerns.,test
312162617,microsoft/vscode,0.4950128295368993,High,"prior_releases_avg_bugs_repo_z (contribution=0.110): This repository's historical average post-release bug count (from releases whose own outcome was already known at this release's time), expressed relative to this repository's own typical level (repo-normalized, not a raw count).","open_bugs_at_release_repo_z (contribution=0.108): The pre-release open-bug backlog is unusually high or low relative to THIS REPOSITORY'S OWN typical level (a repo-normalized value, not a raw count -- see the raw open_bugs_at_release column for the actual count). NOTE: this relationship runs in OPPOSITE directions for microsoft/vscode versus kubernetes/kubernetes and apache/airflow -- confirm which repository this release belongs to before interpreting the direction.",avg_time_to_merge_hours (contribution=0.006): Pull requests before this release merged unusually quickly or slowly on average.,"Review whether recent releases in this repository have been trending toward more or fewer post-release bugs; a persistently high historical average may warrant a broader process review, not just extra scrutiny on this one release.",For kubernetes/kubernetes or apache/airflow: a high backlog suggests unresolved technical debt risk -- consider prioritizing backlog triage before this release ships. For microsoft/vscode: a LOW backlog was associated with higher risk in this dataset -- investigate whether this reflects under-reporting rather than genuine stability before treating it as reassuring.,Very fast merging paired with elevated risk may indicate reduced review scrutiny; consider a second reviewer pass on the highest-impact changes before shipping.,test
312919206,microsoft/vscode,0.4943442195809289,High,"prior_releases_avg_bugs_repo_z (contribution=0.110): This repository's historical average post-release bug count (from releases whose own outcome was already known at this release's time), expressed relative to this repository's own typical level (repo-normalized, not a raw count).","open_bugs_at_release_repo_z (contribution=0.108): The pre-release open-bug backlog is unusually high or low relative to THIS REPOSITORY'S OWN typical level (a repo-normalized value, not a raw count -- see the raw open_bugs_at_release column for the actual count). NOTE: this relationship runs in OPPOSITE directions for microsoft/vscode versus kubernetes/kubernetes and apache/airflow -- confirm which repository this release belongs to before interpreting the direction.",avg_time_to_merge_hours (contribution=0.006): Pull requests before this release merged unusually quickly or slowly on average.,"Review whether recent releases in this repository have been trending toward more or fewer post-release bugs; a persistently high historical average may warrant a broader process review, not just extra scrutiny on this one release.",For kubernetes/kubernetes or apache/airflow: a high backlog suggests unresolved technical debt risk -- consider prioritizing backlog triage before this release ships. For microsoft/vscode: a LOW backlog was associated with higher risk in this dataset -- investigate whether this reflects under-reporting rather than genuine stability before treating it as reassuring.,Very fast merging paired with elevated risk may indicate reduced review scrutiny; consider a second reviewer pass on the highest-impact changes before shipping.,test
315116361,microsoft/vscode,0.5059385856747308,High,"prior_releases_avg_bugs_repo_z (contribution=0.113): This repository's historical average post-release bug count (from releases whose own outcome was already known at this release's time), expressed relative to this repository's own typical level (repo-normalized, not a raw count).","open_bugs_at_release_repo_z (contribution=0.109): The pre-release open-bug backlog is unusually high or low relative to THIS REPOSITORY'S OWN typical level (a repo-normalized value, not a raw count -- see the raw open_bugs_at_release column for the actual count). NOTE: this relationship runs in OPPOSITE directions for microsoft/vscode versus kubernetes/kubernetes and apache/airflow -- confirm which repository this release belongs to before interpreting the direction.",commit_count (contribution=0.007): The volume of commits before this release is unusually high or low.,"Review whether recent releases in this repository have been trending toward more or fewer post-release bugs; a persistently high historical average may warrant a broader process review, not just extra scrutiny on this one release.",For kubernetes/kubernetes or apache/airflow: a high backlog suggests unresolved technical debt risk -- consider prioritizing backlog triage before this release ships. For microsoft/vscode: a LOW backlog was associated with higher risk in this dataset -- investigate whether this reflects under-reporting rather than genuine stability before treating it as reassuring.,"A very high commit count (a large release) may warrant proportionally more testing time; a very low count paired with elevated risk may indicate the release was small but touched a disproportionately risky area of the codebase -- review change scope, not just change volume.",test
315998060,microsoft/vscode,0.4952257450982587,High,"prior_releases_avg_bugs_repo_z (contribution=0.113): This repository's historical average post-release bug count (from releases whose own outcome was already known at this release's time), expressed relative to this repository's own typical level (repo-normalized, not a raw count).","open_bugs_at_release_repo_z (contribution=0.110): The pre-release open-bug backlog is unusually high or low relative to THIS REPOSITORY'S OWN typical level (a repo-normalized value, not a raw count -- see the raw open_bugs_at_release column for the actual count). NOTE: this relationship runs in OPPOSITE directions for microsoft/vscode versus kubernetes/kubernetes and apache/airflow -- confirm which repository this release belongs to before interpreting the direction.",avg_time_to_merge_hours (contribution=0.006): Pull requests before this release merged unusually quickly or slowly on average.,"Review whether recent releases in this repository have been trending toward more or fewer post-release bugs; a persistently high historical average may warrant a broader process review, not just extra scrutiny on this one release.",For kubernetes/kubernetes or apache/airflow: a high backlog suggests unresolved technical debt risk -- consider prioritizing backlog triage before this release ships. For microsoft/vscode: a LOW backlog was associated with higher risk in this dataset -- investigate whether this reflects under-reporting rather than genuine stability before treating it as reassuring.,Very fast merging paired with elevated risk may indicate reduced review scrutiny; consider a second reviewer pass on the highest-impact changes before shipping.,test
318254349,microsoft/vscode,0.5063653642538338,High,"prior_releases_avg_bugs_repo_z (contribution=0.116): This repository's historical average post-release bug count (from releases whose own outcome was already known at this release's time), expressed relative to this repository's own typical level (repo-normalized, not a raw count).","open_bugs_at_release_repo_z (contribution=0.111): The pre-release open-bug backlog is unusually high or low relative to THIS REPOSITORY'S OWN typical level (a repo-normalized value, not a raw count -- see the raw open_bugs_at_release column for the actual count). NOTE: this relationship runs in OPPOSITE directions for microsoft/vscode versus kubernetes/kubernetes and apache/airflow -- confirm which repository this release belongs to before interpreting the direction.",commit_count (contribution=0.009): The volume of commits before this release is unusually high or low.,"Review whether recent releases in this repository have been trending toward more or fewer post-release bugs; a persistently high historical average may warrant a broader process review, not just extra scrutiny on this one release.",For kubernetes/kubernetes or apache/airflow: a high backlog suggests unresolved technical debt risk -- consider prioritizing backlog triage before this release ships. For microsoft/vscode: a LOW backlog was associated with higher risk in this dataset -- investigate whether this reflects under-reporting rather than genuine stability before treating it as reassuring.,"A very high commit count (a large release) may warrant proportionally more testing time; a very low count paired with elevated risk may indicate the release was small but touched a disproportionately risky area of the codebase -- review change scope, not just change volume.",test
321341220,microsoft/vscode,0.5133509417961013,High,"prior_releases_avg_bugs_repo_z (contribution=0.119): This repository's historical average post-release bug count (from releases whose own outcome was already known at this release's time), expressed relative to this repository's own typical level (repo-normalized, not a raw count).","open_bugs_at_release_repo_z (contribution=0.113): The pre-release open-bug backlog is unusually high or low relative to THIS REPOSITORY'S OWN typical level (a repo-normalized value, not a raw count -- see the raw open_bugs_at_release column for the actual count). NOTE: this relationship runs in OPPOSITE directions for microsoft/vscode versus kubernetes/kubernetes and apache/airflow -- confirm which repository this release belongs to before interpreting the direction.",commit_count (contribution=0.019): The volume of commits before this release is unusually high or low.,"Review whether recent releases in this repository have been trending toward more or fewer post-release bugs; a persistently high historical average may warrant a broader process review, not just extra scrutiny on this one release.",For kubernetes/kubernetes or apache/airflow: a high backlog suggests unresolved technical debt risk -- consider prioritizing backlog triage before this release ships. For microsoft/vscode: a LOW backlog was associated with higher risk in this dataset -- investigate whether this reflects under-reporting rather than genuine stability before treating it as reassuring.,"A very high commit count (a large release) may warrant proportionally more testing time; a very low count paired with elevated risk may indicate the release was small but touched a disproportionately risky area of the codebase -- review change scope, not just change volume.",test
321722534,microsoft/vscode,0.4926788466049241,High,"prior_releases_avg_bugs_repo_z (contribution=0.119): This repository's historical average post-release bug count (from releases whose own outcome was already known at this release's time), expressed relative to this repository's own typical level (repo-normalized, not a raw count).","open_bugs_at_release_repo_z (contribution=0.113): The pre-release open-bug backlog is unusually high or low relative to THIS REPOSITORY'S OWN typical level (a repo-normalized value, not a raw count -- see the raw open_bugs_at_release column for the actual count). NOTE: this relationship runs in OPPOSITE directions for microsoft/vscode versus kubernetes/kubernetes and apache/airflow -- confirm which repository this release belongs to before interpreting the direction.",avg_time_to_merge_hours (contribution=0.006): Pull requests before this release merged unusually quickly or slowly on average.,"Review whether recent releases in this repository have been trending toward more or fewer post-release bugs; a persistently high historical average may warrant a broader process review, not just extra scrutiny on this one release.",For kubernetes/kubernetes or apache/airflow: a high backlog suggests unresolved technical debt risk -- consider prioritizing backlog triage before this release ships. For microsoft/vscode: a LOW backlog was associated with higher risk in this dataset -- investigate whether this reflects under-reporting rather than genuine stability before treating it as reassuring.,Very fast merging paired with elevated risk may indicate reduced review scrutiny; consider a second reviewer pass on the highest-impact changes before shipping.,test
325804905,microsoft/vscode,0.5121368889936725,High,"prior_releases_avg_bugs_repo_z (contribution=0.130): This repository's historical average post-release bug count (from releases whose own outcome was already known at this release's time), expressed relative to this repository's own typical level (repo-normalized, not a raw count).","open_bugs_at_release_repo_z (contribution=0.114): The pre-release open-bug backlog is unusually high or low relative to THIS REPOSITORY'S OWN typical level (a repo-normalized value, not a raw count -- see the raw open_bugs_at_release column for the actual count). NOTE: this relationship runs in OPPOSITE directions for microsoft/vscode versus kubernetes/kubernetes and apache/airflow -- confirm which repository this release belongs to before interpreting the direction.",commit_count (contribution=0.013): The volume of commits before this release is unusually high or low.,"Review whether recent releases in this repository have been trending toward more or fewer post-release bugs; a persistently high historical average may warrant a broader process review, not just extra scrutiny on this one release.",For kubernetes/kubernetes or apache/airflow: a high backlog suggests unresolved technical debt risk -- consider prioritizing backlog triage before this release ships. For microsoft/vscode: a LOW backlog was associated with higher risk in this dataset -- investigate whether this reflects under-reporting rather than genuine stability before treating it as reassuring.,"A very high commit count (a large release) may warrant proportionally more testing time; a very low count paired with elevated risk may indicate the release was small but touched a disproportionately risky area of the codebase -- review change scope, not just change volume.",test
330727311,microsoft/vscode,0.5166823990155964,High,"prior_releases_avg_bugs_repo_z (contribution=0.137): This repository's historical average post-release bug count (from releases whose own outcome was already known at this release's time), expressed relative to this repository's own typical level (repo-normalized, not a raw count).","open_bugs_at_release_repo_z (contribution=0.116): The pre-release open-bug backlog is unusually high or low relative to THIS REPOSITORY'S OWN typical level (a repo-normalized value, not a raw count -- see the raw open_bugs_at_release column for the actual count). NOTE: this relationship runs in OPPOSITE directions for microsoft/vscode versus kubernetes/kubernetes and apache/airflow -- confirm which repository this release belongs to before interpreting the direction.",commit_count (contribution=0.012): The volume of commits before this release is unusually high or low.,"Review whether recent releases in this repository have been trending toward more or fewer post-release bugs; a persistently high historical average may warrant a broader process review, not just extra scrutiny on this one release.",For kubernetes/kubernetes or apache/airflow: a high backlog suggests unresolved technical debt risk -- consider prioritizing backlog triage before this release ships. For microsoft/vscode: a LOW backlog was associated with higher risk in this dataset -- investigate whether this reflects under-reporting rather than genuine stability before treating it as reassuring.,"A very high commit count (a large release) may warrant proportionally more testing time; a very low count paired with elevated risk may indicate the release was small but touched a disproportionately risky area of the codebase -- review change scope, not just change volume.",test
331516246,microsoft/vscode,0.5003376446421312,High,"prior_releases_avg_bugs_repo_z (contribution=0.140): This repository's historical average post-release bug count (from releases whose own outcome was already known at this release's time), expressed relative to this repository's own typical level (repo-normalized, not a raw count).","open_bugs_at_release_repo_z (contribution=0.116): The pre-release open-bug backlog is unusually high or low relative to THIS REPOSITORY'S OWN typical level (a repo-normalized value, not a raw count -- see the raw open_bugs_at_release column for the actual count). NOTE: this relationship runs in OPPOSITE directions for microsoft/vscode versus kubernetes/kubernetes and apache/airflow -- confirm which repository this release belongs to before interpreting the direction.",avg_time_to_merge_hours (contribution=0.006): Pull requests before this release merged unusually quickly or slowly on average.,"Review whether recent releases in this repository have been trending toward more or fewer post-release bugs; a persistently high historical average may warrant a broader process review, not just extra scrutiny on this one release.",For kubernetes/kubernetes or apache/airflow: a high backlog suggests unresolved technical debt risk -- consider prioritizing backlog triage before this release ships. For microsoft/vscode: a LOW backlog was associated with higher risk in this dataset -- investigate whether this reflects under-reporting rather than genuine stability before treating it as reassuring.,Very fast merging paired with elevated risk may indicate reduced review scrutiny; consider a second reviewer pass on the highest-impact changes before shipping.,test
334826672,microsoft/vscode,0.5147838792175442,High,"prior_releases_avg_bugs_repo_z (contribution=0.146): This repository's historical average post-release bug count (from releases whose own outcome was already known at this release's time), expressed relative to this repository's own typical level (repo-normalized, not a raw count).","open_bugs_at_release_repo_z (contribution=0.117): The pre-release open-bug backlog is unusually high or low relative to THIS REPOSITORY'S OWN typical level (a repo-normalized value, not a raw count -- see the raw open_bugs_at_release column for the actual count). NOTE: this relationship runs in OPPOSITE directions for microsoft/vscode versus kubernetes/kubernetes and apache/airflow -- confirm which repository this release belongs to before interpreting the direction.",commit_count (contribution=0.009): The volume of commits before this release is unusually high or low.,"Review whether recent releases in this repository have been trending toward more or fewer post-release bugs; a persistently high historical average may warrant a broader process review, not just extra scrutiny on this one release.",For kubernetes/kubernetes or apache/airflow: a high backlog suggests unresolved technical debt risk -- consider prioritizing backlog triage before this release ships. For microsoft/vscode: a LOW backlog was associated with higher risk in this dataset -- investigate whether this reflects under-reporting rather than genuine stability before treating it as reassuring.,"A very high commit count (a large release) may warrant proportionally more testing time; a very low count paired with elevated risk may indicate the release was small but touched a disproportionately risky area of the codebase -- review change scope, not just change volume.",test
337124757,microsoft/vscode,0.5121552099027354,High,"prior_releases_avg_bugs_repo_z (contribution=0.146): This repository's historical average post-release bug count (from releases whose own outcome was already known at this release's time), expressed relative to this repository's own typical level (repo-normalized, not a raw count).","open_bugs_at_release_repo_z (contribution=0.118): The pre-release open-bug backlog is unusually high or low relative to THIS REPOSITORY'S OWN typical level (a repo-normalized value, not a raw count -- see the raw open_bugs_at_release column for the actual count). NOTE: this relationship runs in OPPOSITE directions for microsoft/vscode versus kubernetes/kubernetes and apache/airflow -- confirm which repository this release belongs to before interpreting the direction.",avg_time_to_merge_hours (contribution=0.006): Pull requests before this release merged unusually quickly or slowly on average.,"Review whether recent releases in this repository have been trending toward more or fewer post-release bugs; a persistently high historical average may warrant a broader process review, not just extra scrutiny on this one release.",For kubernetes/kubernetes or apache/airflow: a high backlog suggests unresolved technical debt risk -- consider prioritizing backlog triage before this release ships. For microsoft/vscode: a LOW backlog was associated with higher risk in this dataset -- investigate whether this reflects under-reporting rather than genuine stability before treating it as reassuring.,Very fast merging paired with elevated risk may indicate reduced review scrutiny; consider a second reviewer pass on the highest-impact changes before shipping.,test
337125364,microsoft/vscode,0.5167139769800069,High,"prior_releases_avg_bugs_repo_z (contribution=0.146): This repository's historical average post-release bug count (from releases whose own outcome was already known at this release's time), expressed relative to this repository's own typical level (repo-normalized, not a raw count).","open_bugs_at_release_repo_z (contribution=0.118): The pre-release open-bug backlog is unusually high or low relative to THIS REPOSITORY'S OWN typical level (a repo-normalized value, not a raw count -- see the raw open_bugs_at_release column for the actual count). NOTE: this relationship runs in OPPOSITE directions for microsoft/vscode versus kubernetes/kubernetes and apache/airflow -- confirm which repository this release belongs to before interpreting the direction.",avg_time_to_merge_hours (contribution=0.005): Pull requests before this release merged unusually quickly or slowly on average.,"Review whether recent releases in this repository have been trending toward more or fewer post-release bugs; a persistently high historical average may warrant a broader process review, not just extra scrutiny on this one release.",For kubernetes/kubernetes or apache/airflow: a high backlog suggests unresolved technical debt risk -- consider prioritizing backlog triage before this release ships. For microsoft/vscode: a LOW backlog was associated with higher risk in this dataset -- investigate whether this reflects under-reporting rather than genuine stability before treating it as reassuring.,Very fast merging paired with elevated risk may indicate reduced review scrutiny; consider a second reviewer pass on the highest-impact changes before shipping.,test
337262896,microsoft/vscode,0.509572219010612,High,"prior_releases_avg_bugs_repo_z (contribution=0.146): This repository's historical average post-release bug count (from releases whose own outcome was already known at this release's time), expressed relative to this repository's own typical level (repo-normalized, not a raw count).","open_bugs_at_release_repo_z (contribution=0.118): The pre-release open-bug backlog is unusually high or low relative to THIS REPOSITORY'S OWN typical level (a repo-normalized value, not a raw count -- see the raw open_bugs_at_release column for the actual count). NOTE: this relationship runs in OPPOSITE directions for microsoft/vscode versus kubernetes/kubernetes and apache/airflow -- confirm which repository this release belongs to before interpreting the direction.",pct_merged (contribution=0.011): The share of this cycle's PRs that were merged (vs. closed unmerged) is unusually high or low.,"Review whether recent releases in this repository have been trending toward more or fewer post-release bugs; a persistently high historical average may warrant a broader process review, not just extra scrutiny on this one release.",For kubernetes/kubernetes or apache/airflow: a high backlog suggests unresolved technical debt risk -- consider prioritizing backlog triage before this release ships. For microsoft/vscode: a LOW backlog was associated with higher risk in this dataset -- investigate whether this reflects under-reporting rather than genuine stability before treating it as reassuring.,A low merge rate paired with elevated risk may indicate churn or disagreement during review; investigate closed-unmerged PRs for recurring concerns.,test
338369768,microsoft/vscode,0.5033180013152597,High,"prior_releases_avg_bugs_repo_z (contribution=0.148): This repository's historical average post-release bug count (from releases whose own outcome was already known at this release's time), expressed relative to this repository's own typical level (repo-normalized, not a raw count).","open_bugs_at_release_repo_z (contribution=0.118): The pre-release open-bug backlog is unusually high or low relative to THIS REPOSITORY'S OWN typical level (a repo-normalized value, not a raw count -- see the raw open_bugs_at_release column for the actual count). NOTE: this relationship runs in OPPOSITE directions for microsoft/vscode versus kubernetes/kubernetes and apache/airflow -- confirm which repository this release belongs to before interpreting the direction.",avg_time_to_merge_hours (contribution=0.006): Pull requests before this release merged unusually quickly or slowly on average.,"Review whether recent releases in this repository have been trending toward more or fewer post-release bugs; a persistently high historical average may warrant a broader process review, not just extra scrutiny on this one release.",For kubernetes/kubernetes or apache/airflow: a high backlog suggests unresolved technical debt risk -- consider prioritizing backlog triage before this release ships. For microsoft/vscode: a LOW backlog was associated with higher risk in this dataset -- investigate whether this reflects under-reporting rather than genuine stability before treating it as reassuring.,Very fast merging paired with elevated risk may indicate reduced review scrutiny; consider a second reviewer pass on the highest-impact changes before shipping.,test
340858462,microsoft/vscode,0.5063858669564786,High,"prior_releases_avg_bugs_repo_z (contribution=0.150): This repository's historical average post-release bug count (from releases whose own outcome was already known at this release's time), expressed relative to this repository's own typical level (repo-normalized, not a raw count).","open_bugs_at_release_repo_z (contribution=0.118): The pre-release open-bug backlog is unusually high or low relative to THIS REPOSITORY'S OWN typical level (a repo-normalized value, not a raw count -- see the raw open_bugs_at_release column for the actual count). NOTE: this relationship runs in OPPOSITE directions for microsoft/vscode versus kubernetes/kubernetes and apache/airflow -- confirm which repository this release belongs to before interpreting the direction.",avg_time_to_merge_hours (contribution=0.006): Pull requests before this release merged unusually quickly or slowly on average.,"Review whether recent releases in this repository have been trending toward more or fewer post-release bugs; a persistently high historical average may warrant a broader process review, not just extra scrutiny on this one release.",For kubernetes/kubernetes or apache/airflow: a high backlog suggests unresolved technical debt risk -- consider prioritizing backlog triage before this release ships. For microsoft/vscode: a LOW backlog was associated with higher risk in this dataset -- investigate whether this reflects under-reporting rather than genuine stability before treating it as reassuring.,Very fast merging paired with elevated risk may indicate reduced review scrutiny; consider a second reviewer pass on the highest-impact changes before shipping.,test
