release_id,repository_name,split,shap_cycle_length_days,shap_release_sequence,shap_commit_count,shap_pr_count,shap_pct_merged,shap_avg_time_to_merge_hours,shap_median_time_to_merge_hours,shap_distinct_contributors,shap_first_time_contributor_count,shap_first_time_contributor_share,shap_top_contributor_share,shap_open_bugs_at_release_repo_z,shap_prior_releases_avg_bugs_repo_z,shap_had_commit_activity,shap_had_pr_activity,shap_has_prior_release_history,shap_has_prior_release,shap_repo_kubernetes/kubernetes,shap_repo_microsoft/vscode,shap_base_value,shap_sum_plus_base
36351013,kubernetes/kubernetes,train,-0.0035251738726465357,0.09460454101623636,-0.011919719644220618,-0.0031035698298465665,0.006039622659986339,-0.0022793327472482084,0.0001699859865338954,-0.005649492188649345,-0.014345471240641647,-0.00741282656803171,0.0015344029505038033,0.012734027946632394,-0.06377356705065915,0.016123186075228207,0.03361497085955178,0.28730050447960015,0.2528394005569995,0.00017405528007958385,0.00018235048415890032,-0.06219391776511934,0.5311139773884479
36351486,kubernetes/kubernetes,train,-0.0035379030657462637,0.09343580378164514,-0.011919719644220618,-0.0031035698298465665,0.006039622659986339,-0.0022793327472482084,0.0001699859865338954,-0.005649492188649345,-0.014345471240641647,-0.00741282656803171,0.0015344029505038033,0.013017912964265233,-0.06377356705065915,0.016123186075228207,0.03361497085955178,0.28730050447960015,-0.002298540005063637,0.00017405528007958385,0.00018235048415890032,-0.06219391776511934,0.27507845541632653
36351831,kubernetes/kubernetes,train,-0.0035381665563322933,0.0922670665470539,-0.011919719644220618,-0.0031035698298465665,0.006039622659986339,-0.0022793327472482084,0.0001699859865338954,-0.005649492188649345,-0.014345471240641647,-0.00741282656803171,0.0015344029505038033,0.013017912964265233,-0.06377356705065915,0.016123186075228207,0.03361497085955178,0.28730050447960015,-0.002298540005063637,0.00017405528007958385,0.00018235048415890032,-0.06219391776511934,0.27390945469114925
36352135,kubernetes/kubernetes,train,-0.003538344690812989,0.09109832931246267,-0.011919719644220618,-0.0031035698298465665,0.006039622659986339,-0.0022793327472482084,0.0001699859865338954,-0.005649492188649345,-0.014345471240641647,-0.00741282656803171,0.0015344029505038033,0.013017912964265233,-0.06377356705065915,0.016123186075228207,0.03361497085955178,0.28730050447960015,-0.002298540005063637,0.00017405528007958385,0.00018235048415890032,-0.06219391776511934,0.2727405393220773
38191304,kubernetes/kubernetes,train,0.0076996178705793835,0.08642338037409773,0.02236889107804172,0.011909080842235738,0.005875656414951915,-0.0006070185553904893,0.00029760436840289606,0.020227066852776147,0.1319690852443767,0.06041253586554842,0.0037015287481259474,0.009895177770303989,0.14213278995464693,-0.0038359996610208376,-0.009771793854520868,-0.008894752460668733,-0.002298540005063637,0.00017405528007958385,0.00018235048415890032,-0.06219391776511934,0.41566679884654206
38191357,kubernetes/kubernetes,train,-0.00353974007757844,0.08525464313950651,-0.011919719644220618,-0.0031035698298465665,0.006039622659986339,-0.0022793327472482084,0.0001699859865338954,-0.005649492188649345,-0.014345471240641647,-0.00741282656803171,0.0015344029505038033,0.009895177770303989,0.14213278995464693,0.016123186075228207,0.03361497085955178,-0.008894752460668733,-0.002298540005063637,0.00017405528007958385,0.00018235048415890032,-0.06219391776511934,0.17348382263343168
38191467,kubernetes/kubernetes,train,-0.003539469164722382,0.08408590590491527,-0.011919719644220618,-0.0031035698298465665,0.006039622659986339,-0.0022793327472482084,0.0001699859865338954,-0.005649492188649345,-0.014345471240641647,-0.00741282656803171,0.0015344029505038033,0.009895177770303989,0.14213278995464693,0.016123186075228207,0.03361497085955178,-0.008894752460668733,-0.002298540005063637,0.00017405528007958385,0.00018235048415890032,-0.06219391776511934,0.1723153563116965
38251599,kubernetes/kubernetes,train,-0.003231333624468616,0.08291716867032405,-0.01037326597245451,-0.002414403483857677,-0.0002892300658809557,0.0009187393387542048,-0.002423972124896024,-0.002621384215716575,-0.005361244088052802,0.01921474767700477,0.002541726451587831,0.009895177770303989,0.14213278995464693,-0.0038359996610208376,-0.009771793854520868,-0.008894752460668733,-0.002298540005063637,0.00017405528007958385,0.00018235048415890032,-0.06219391776511934,0.14426691830513969
40026670,kubernetes/kubernetes,train,0.005434181478924198,0.07941095696655033,0.02978120350478272,0.01276588224535706,0.005882664458344555,-0.003718758505207222,0.00031308714934206165,0.023255174825708918,0.10373294276481176,0.036356134843084975,0.0033357108074205206,0.012166257911366711,0.1453434839567253,-0.0038359996610208376,-0.009771793854520868,-0.008894752460668733,-0.002298540005063637,0.00017405528007958385,0.00018235048415890032,-0.06219391776511934,0.36742032442505695
40026943,kubernetes/kubernetes,train,-0.003538704670909396,0.07824221973195909,-0.011919719644220618,-0.0031035698298465665,0.006039622659986339,-0.0022793327472482084,0.0001699859865338954,-0.005649492188649345,-0.014345471240641647,-0.00741282656803171,0.0015344029505038033,0.012166257911366711,0.1453434839567253,0.016123186075228207,0.03361497085955178,-0.008894752460668733,-0.002298540005063637,0.00017405528007958385,0.00018235048415890032,-0.06219391776511934,0.1719542087756944
40027219,kubernetes/kubernetes,train,-0.0035387269377194826,0.07707348249736787,-0.011919719644220618,-0.0031035698298465665,0.006039622659986339,-0.0022793327472482084,0.0001699859865338954,-0.005649492188649345,-0.014345471240641647,-0.00741282656803171,0.0015344029505038033,0.012166257911366711,0.1453434839567253,0.016123186075228207,0.03361497085955178,-0.008894752460668733,-0.002298540005063637,0.00017405528007958385,0.00018235048415890032,-0.06219391776511934,0.17078544927429312
41140171,kubernetes/kubernetes,train,0.003171699150740556,0.07473600802818539,-0.0003479801003156004,0.004141989861766357,0.013097289425365947,-0.00460179079559393,-0.0014562373795603456,0.009353406404517563,0.025441820435108956,0.014386227892700052,0.0033305936546049538,0.014437338052429435,0.17610816059871306,-0.0038359996610208376,-0.009771793854520868,-0.008894752460668733,-0.002298540005063637,0.00017405528007958385,0.00018235048415890032,-0.06219391776511934,0.24515992724650743
41456484,kubernetes/kubernetes,train,-0.0014663400783834688,0.07356727079359417,-0.006320490832653675,-0.00010476491892193751,0.010097725843905758,-0.0026588766659163994,-0.0008453037109622232,0.0028842666441611896,0.002339522042737637,0.003704257601257335,0.0026762417612332143,0.008759637699772624,0.17610816059871306,-0.0038359996610208376,-0.009771793854520868,-0.008894752460668733,-0.002298540005063637,0.00017405528007958385,0.00018235048415890032,-0.06219391776511934,0.18210270879638238
41456496,kubernetes/kubernetes,train,-0.0035397809000636,0.07239853355900293,-0.011919719644220618,-0.0031035698298465665,0.006039622659986339,-0.0022793327472482084,0.0001699859865338954,-0.005649492188649345,-0.014345471240641647,-0.00741282656803171,0.0015344029505038033,0.008759637699772624,0.17610816059871306,0.016123186075228207,0.03361497085955178,-0.008894752460668733,-0.002298540005063637,0.00017405528007958385,0.00018235048415890032,-0.06219391776511934,0.19346750280397768
41457093,kubernetes/kubernetes,train,-0.003534804268009158,0.07122979632441169,-0.011919719644220618,-0.0031035698298465665,0.006039622659986339,-0.0022793327472482084,0.0001699859865338954,-0.005649492188649345,-0.014345471240641647,-0.00741282656803171,0.0015344029505038033,0.008759637699772624,0.17610816059871306,0.016123186075228207,0.03361497085955178,-0.008894752460668733,-0.002298540005063637,0.00017405528007958385,0.00018235048415890032,-0.06219391776511934,0.19230374220144086
42867664,kubernetes/kubernetes,train,0.005315295268734759,0.06889232185522923,0.00855746000950992,0.007960343940893991,0.006420615217817687,-0.002921291596060543,-4.023078917728218e-05,0.019125936680800593,0.06522911211085955,0.022968938368011498,0.003681953881003782,0.012450142928999553,0.1381698318989416,-0.0038359996610208376,-0.009771793854520868,-0.008894752460668733,-0.002298540005063637,0.00017405528007958385,0.00018235048415890032,-0.06219391776511934,0.26917183179340937
42868108,kubernetes/kubernetes,train,-0.0035379698661765252,0.06772358462063799,-0.011919719644220618,-0.0031035698298465665,0.006039622659986339,-0.0022793327472482084,0.0001699859865338954,-0.005649492188649345,-0.014345471240641647,-0.00741282656803171,0.0015344029505038033,0.012166257911366711,0.1381698318989416,0.016123186075228207,0.03361497085955178,-0.008894752460668733,-0.002298540005063637,0.00017405528007958385,0.00018235048415890032,-0.06219391776511934,0.15426265641132247
42868402,kubernetes/kubernetes,train,-0.0035384671582684673,0.06655484738604675,-0.011919719644220618,-0.0031035698298465665,0.006039622659986339,-0.0022793327472482084,0.0001699859865338954,-0.005649492188649345,-0.014345471240641647,-0.00741282656803171,0.0015344029505038033,0.012166257911366711,0.1381698318989416,0.016123186075228207,0.03361497085955178,-0.008894752460668733,-0.002298540005063637,0.00017405528007958385,0.00018235048415890032,-0.06219391776511934,0.1530934218846393
42868425,kubernetes/kubernetes,train,-0.003539825433683774,0.06538611015145553,-0.011919719644220618,-0.0031035698298465665,0.006039622659986339,-0.0022793327472482084,0.0001699859865338954,-0.005649492188649345,-0.014345471240641647,-0.00741282656803171,0.0015344029505038033,0.012166257911366711,0.1381698318989416,0.016123186075228207,0.03361497085955178,-0.008894752460668733,-0.002298540005063637,0.00017405528007958385,0.00018235048415890032,-0.06219391776511934,0.15192332637463277
44743553,kubernetes/kubernetes,train,0.007638131785659181,0.061879898447681825,0.015223208594708666,0.009245546045575976,0.006247789408213198,-0.0015826688530569974,0.0009047307158695689,0.018162447780321986,0.05239450189287549,0.01669832150239709,0.0034962830300537,0.019547268369820566,0.141155622214884,-0.0038359996610208376,-0.009771793854520868,-0.008894752460668733,-0.002298540005063637,0.00017405528007958385,0.00018235048415890032,-0.06219391776511934,0.2643724829528493
44821176,kubernetes/kubernetes,train,-0.0032019674130988936,0.06071116121309059,-0.01085319987058882,-0.0026379168933675866,0.014823406080787981,-0.002877510934016045,0.002143414127640644,-0.0031719493017043515,-0.007928166131649615,0.013439069690840562,0.0025982228816388907,0.019547268369820566,0.141155622214884,-0.0038359996610208376,-0.009771793854520868,-0.008894752460668733,-0.002298540005063637,0.00017405528007958385,0.00018235048415890032,-0.06219391776511934,0.137108856052123
44821813,kubernetes/kubernetes,train,-0.0035378362653160026,0.059542423978499355,-0.011919719644220618,-0.0031035698298465665,0.006039622659986339,-0.0022793327472482084,0.0001699859865338954,-0.005649492188649345,-0.014345471240641647,-0.00741282656803171,0.0015344029505038033,0.019547268369820566,0.141155622214884,0.016123186075228207,0.03361497085955178,-0.008894752460668733,-0.002298540005063637,0.00017405528007958385,0.00018235048415890032,-0.06219391776511934,0.15644843014444063
44822353,kubernetes/kubernetes,train,-0.0035376507085652783,0.05837368674390812,-0.011866393655539029,-0.0031035698298465665,0.006039622659986339,-0.0022793327472482084,0.0001699859865338954,-0.005511850917152401,-0.014345471240641647,-0.026268716464038378,-0.012147345361688112,0.01983115338745341,0.141155622214884,-0.0038359996610208376,0.03361497085955178,-0.008894752460668733,-0.002298540005063637,0.00017405528007958385,0.00018235048415890032,-0.06219391776511934,0.10325790679996388
46289135,kubernetes/kubernetes,train,0.005494773180305908,0.053698737805543184,0.014636622719211177,0.006935907480640236,0.007944143667420156,-0.003920388090540451,0.00045157906486496943,0.01706131760834643,0.04726065780568186,0.015316165036343928,0.0024271453384320644,0.0025141673118501307,0.14133011645412738,-0.0038359996610208376,-0.009771793854520868,-0.008894752460668733,-0.002298540005063637,0.00017405528007958385,0.00018235048415890032,-0.06219391776511934,0.22451234740007203
46289180,kubernetes/kubernetes,train,-0.0035395953433128746,0.05253000057095195,-0.011866393655539029,-0.0031035698298465665,0.006039622659986339,-0.0022793327472482084,0.0001699859865338954,-0.005511850917152401,-0.014345471240641647,-0.026268716464038378,-0.012147345361688112,0.0025141673118501307,0.14133011645412738,-0.0038359996610208376,0.03361497085955178,-0.008894752460668733,-0.002298540005063637,0.00017405528007958385,0.00018235048415890032,-0.06219391776511934,0.08026978415590019
46289230,kubernetes/kubernetes,train,-0.0035396398769330486,0.051361263336360714,-0.011866393655539029,-0.0031035698298465665,0.006039622659986339,-0.0022793327472482084,0.0001699859865338954,-0.005511850917152401,-0.014345471240641647,-0.026268716464038378,-0.012147345361688112,0.0025141673118501307,0.14133011645412738,-0.0038359996610208376,0.03361497085955178,-0.008894752460668733,-0.002298540005063637,0.00017405528007958385,0.00018235048415890032,-0.06219391776511934,0.07910100238768877
47318163,kubernetes/kubernetes,train,0.0028248861613656942,0.04902378886717825,-0.0023743676702160186,0.0021489952936363244,0.008858562276706552,-0.0009454183551997315,-0.0013230250143387978,0.008114634961045065,0.01645759328252011,0.008038810773777024,0.0027721308869915993,0.004785247452912855,0.12176032313777066,-0.0038359996610208376,-0.009771793854520868,-0.008894752460668733,-0.002298540005063637,0.00017405528007958385,0.00018235048415890032,-0.06219391776511934,0.13350356407199468
47708237,kubernetes/kubernetes,train,-0.0012555958543151726,0.04785505163258702,-0.006693772753424804,-0.0007380529125333499,0.002210197462571292,-0.001938358363465505,0.001685521606213079,0.0019207777436825806,-0.006644705109851209,-0.010674385901395023,0.0020632362787063917,0.005636902505811379,0.1155768196152064,-0.0038359996610208376,-0.009771793854520868,-0.008894752460668733,-0.002298540005063637,0.00017405528007958385,0.00018235048415890032,-0.06219391776511934,0.062365037967638155
47708400,kubernetes/kubernetes,train,-0.003538738071124526,0.04668631439799578,-0.011866393655539029,-0.0031035698298465665,0.006039622659986339,-0.0022793327472482084,0.0001699859865338954,-0.005511850917152401,-0.014345471240641647,-0.026268716464038378,-0.012147345361688112,0.005636902505811379,0.1155768196152064,-0.0038359996610208376,0.03361497085955178,-0.008894752460668733,-0.002298540005063637,0.00017405528007958385,0.00018235048415890032,-0.06219391776511934,0.05179639361017264
47708498,kubernetes/kubernetes,train,-0.003539309585916759,0.04551757716340455,-0.011866393655539029,-0.0031035698298465665,0.006039622659986339,-0.0022793327472482084,0.0001699859865338954,-0.005511850917152401,-0.014345471240641647,-0.026268716464038378,-0.012147345361688112,0.005636902505811379,0.1155768196152064,-0.0038359996610208376,0.03361497085955178,-0.008894752460668733,-0.002298540005063637,0.00017405528007958385,0.00018235048415890032,-0.06219391776511934,0.05062708486078916
48132309,kubernetes/kubernetes,train,-0.0010422501246017135,0.04318010269422208,-0.007546988572330243,-0.0012968364363081255,0.008586282966005906,-0.0015801082055799634,0.001039471371967827,0.00026908248571925136,-0.009211627153448022,-0.012971225286590558,0.002438379323445645,0.0062046725410770595,0.10091174030096206,-0.0038359996610208376,-0.009771793854520868,-0.008894752460668733,-0.002298540005063637,0.00017405528007958385,0.00018235048415890032,-0.06219391776511934,0.04234209792238628
49630995,kubernetes/kubernetes,train,0.005157790987584448,0.04084262822503961,0.005997812552793603,0.004458633858572063,0.005244676057639352,-0.005123937905714375,-0.0007943363070834517,0.011830949291462556,0.028008742478705766,0.010875259876116082,0.0025299563619938597,0.007624097629241263,0.08570703419112521,-0.0038359996610208376,-0.009771793854520868,-0.008894752460668733,-0.002298540005063637,0.00017405528007958385,0.00018235048415890032,-0.06219391776511934,0.11572070931532108
49632055,kubernetes/kubernetes,train,-0.003535487116851826,0.03967389099044838,-0.011813067666857439,-0.0030849437123874075,-0.012676636743478447,0.006119832153103256,0.0026486081048152877,-0.0053742096456554575,-0.014345471240641647,-0.026268716464038378,-0.003955363004284222,0.007907982646874104,0.08570703419112521,-0.0038359996610208376,-0.009771793854520868,-0.008894752460668733,-0.002298540005063637,0.00017405528007958385,0.00018235048415890032,-0.06219391776511934,-0.02563514548998351
49636436,kubernetes/kubernetes,train,-0.0035172877107407276,0.03850515375585714,-0.01165308970081267,-0.00302906536000993,-0.012676636743478447,0.00011851692635400033,0.0022400084484589995,-0.005236568374158513,-0.014345471240641647,-0.026268716464038378,-0.005593759475765,0.007907982646874104,0.08570703419112521,-0.0038359996610208376,-0.009771793854520868,-0.008894752460668733,-0.002298540005063637,0.00017405528007958385,0.00018235048415890032,-0.06219391776511934,-0.03448049708313078
49638691,kubernetes/kubernetes,train,-0.0035282504035735545,0.03733641652126591,-0.011866393655539029,-0.0031035698298465665,0.006039622659986339,-0.0022793327472482084,0.0001699859865338954,-0.005511850917152401,-0.014345471240641647,-0.026268716464038378,-0.012147345361688112,0.007907982646874104,0.08570703419112521,-0.0038359996610208376,0.03361497085955178,-0.008894752460668733,-0.002298540005063637,0.00017405528007958385,0.00018235048415890032,-0.06219391776511934,0.014858278117975278
52193134,kubernetes/kubernetes,train,0.009950588257948055,0.03499894205208344,0.015223208594708666,0.007960343940893991,0.006034812147892508,-0.001689230640725007,-0.00019135365098903664,0.0166483937938556,0.03955989167489142,0.010791883947181957,0.003399717422697268,0.007907982646874104,0.07187442946568999,-0.0038359996610208376,-0.009771793854520868,-0.008894752460668733,-0.002298540005063637,0.00017405528007958385,0.00018235048415890032,-0.06219391776511934,0.13583101167084807
52193186,kubernetes/kubernetes,train,-0.0035395619430977445,0.03383020481749221,-0.011866393655539029,-0.0031035698298465665,0.006039622659986339,-0.0022793327472482084,0.0001699859865338954,-0.005511850917152401,-0.014345471240641647,-0.026268716464038378,-0.012147345361688112,0.007907982646874104,0.07187442946568999,-0.0038359996610208376,0.03361497085955178,-0.008894752460668733,-0.002298540005063637,0.00017405528007958385,0.00018235048415890032,-0.06219391776511934,-0.0024918498507578435
52193237,kubernetes/kubernetes,train,-0.0035397252330383825,0.03266146758290098,-0.011866393655539029,-0.0031035698298465665,0.006039622659986339,-0.0022793327472482084,0.0001699859865338954,-0.005511850917152401,-0.014345471240641647,-0.026268716464038378,-0.012147345361688112,0.007907982646874104,0.07187442946568999,-0.0038359996610208376,0.03361497085955178,-0.008894752460668733,-0.002298540005063637,0.00017405528007958385,0.00018235048415890032,-0.06219391776511934,-0.0036607503752897064
52193302,kubernetes/kubernetes,train,-0.003539535965152643,0.03149273034830974,-0.011866393655539029,-0.0031035698298465665,0.006039622659986339,-0.0022793327472482084,0.0001699859865338954,-0.005511850917152401,-0.014345471240641647,-0.026268716464038378,-0.012147345361688112,0.007907982646874104,0.07187442946568999,-0.0038359996610208376,0.03361497085955178,-0.008894752460668733,-0.002298540005063637,0.00017405528007958385,0.00018235048415890032,-0.06219391776511934,-0.004829298341995206
53592811,kubernetes/kubernetes,train,0.003140800240609846,0.029155255879127272,0.00887741594159946,0.004011607039552243,0.0009713993440447014,-0.0056678428872187145,0.0006696883539075414,0.014446133449904494,0.035709508609496204,0.011916031317776713,0.0030603347069283427,0.0008108572060530878,0.06997565842626831,-0.0038359996610208376,-0.009771793854520868,-0.008894752460668733,-0.002298540005063637,0.00017405528007958385,0.00018235048415890032,-0.06219391776511934,0.09043824964589459
53593301,kubernetes/kubernetes,train,-0.0035381368672521775,0.026817781409944803,-0.01175974167817585,-0.0031035698298465665,0.006039622659986339,-0.0022793327472482084,0.0001699859865338954,-0.0053742096456554575,-0.014345471240641647,-0.026268716464038378,-0.006686023790085519,0.0008108572060530878,0.06997565842626831,-0.0038359996610208376,0.03361497085955178,-0.008894752460668733,-0.002298540005063637,0.00017405528007958385,0.00018235048415890032,-0.06219391776511934,-0.012793129842239653
53593506,kubernetes/kubernetes,train,-0.003539116606896005,0.02564904417535357,-0.011866393655539029,-0.0031035698298465665,0.006039622659986339,-0.0022793327472482084,0.0001699859865338954,-0.005511850917152401,-0.014345471240641647,-0.026268716464038378,-0.012147345361688112,0.0008108572060530878,0.06997565842626831,-0.0038359996610208376,0.03361497085955178,-0.008894752460668733,-0.002298540005063637,0.00017405528007958385,0.00018235048415890032,-0.06219391776511934,-0.01966846163693743
54824547,kubernetes/kubernetes,train,0.0028600157654129293,0.02214283247157987,-0.003440887443847817,0.0009010454238726586,0.006509439645544643,-0.003786995484645558,-0.0029451217513193737,0.0034348317301489658,-0.001510861022657583,-0.004609924015922595,0.002897049911028468,-0.001176337917376795,0.06455265118703761,-0.0038359996610208376,-0.009771793854520868,-0.008894752460668733,-0.002298540005063637,0.00017405528007958385,0.00018235048415890032,-0.06219391776511934,-0.0008108594832995225
55392164,kubernetes/kubernetes,train,-0.0010034798971052532,0.0198053580023974,-0.006747098742106394,-0.0004772872681051213,0.0052016416883732515,-0.0005152599197992295,0.0012759884005652756,0.002196060286676469,-0.004077783066254396,-0.006205835038415342,0.003392085089469784,0.0005269721884202463,0.06455265118703761,-0.0038359996610208376,-0.009771793854520868,-0.008894752460668733,-0.002298540005063637,0.00017405528007958385,0.00018235048415890032,-0.06219391776511934,-0.008714585071000633
55393544,kubernetes/kubernetes,train,-0.0035357728742479422,0.01863662076780617,-0.011919719644220618,-0.0031035698298465665,0.006039622659986339,-0.0022793327472482084,0.0001699859865338954,-0.005649492188649345,-0.014345471240641647,-0.00741282656803171,0.0015344029505038033,0.0005269721884202463,0.06455265118703761,0.016123186075228207,0.03361497085955178,-0.008894752460668733,-0.002298540005063637,0.00017405528007958385,0.00018235048415890032,-0.06219391776511934,0.019921423115568805
55465785,kubernetes/kubernetes,train,-0.0032617612204524846,0.017467883533214934,-0.01127980778004154,-0.0028614303028774973,0.004951595836179522,-0.00017879137001009947,-0.005386872328784212,-0.004273079473679904,-0.013062010218843243,-0.011973913448281958,0.0015059585673183734,0.0005269721884202463,0.06455265118703761,-0.0038359996610208376,-0.009771793854520868,-0.008894752460668733,-0.002298540005063637,0.00017405528007958385,0.00018235048415890032,-0.06219391776511934,-0.04991120281295518
55467689,kubernetes/kubernetes,train,-0.003535390627341449,0.0162991462986237,-0.011866393655539029,-0.0031035698298465665,0.006039622659986339,-0.0022793327472482084,0.0001699859865338954,-0.005511850917152401,-0.014345471240641647,-0.026268716464038378,-0.012147345361688112,0.0005269721884202463,0.06455265118703761,-0.0038359996610208376,0.03361497085955178,-0.008894752460668733,-0.002298540005063637,0.00017405528007958385,0.00018235048415890032,-0.06219391776511934,-0.03472152579097629
57503634,kubernetes/kubernetes,train,0.007428233700374189,0.015130409064032466,0.0031715351526693364,0.0036577108078282186,0.005157986988971662,-0.0037608117432723974,0.0004780767524578017,0.010867460390983947,0.034426047587697794,0.0189981597525236,0.003368211329366608,0.0016625122589516092,0.04329514710038739,-0.0038359996610208376,-0.009771793854520868,-0.008894752460668733,-0.002298540005063637,0.00017405528007958385,0.00018235048415890032,-0.06219391776511934,0.05724208116081731
57503779,kubernetes/kubernetes,train,-0.003539528542882614,0.013961671829441233,-0.011919719644220618,-0.0031035698298465665,0.006039622659986339,-0.0022793327472482084,0.0001699859865338954,-0.005649492188649345,-0.014345471240641647,-0.00741282656803171,0.0015344029505038033,0.0016625122589516092,0.04329514710038739,0.016123186075228207,0.03361497085955178,-0.008894752460668733,-0.002298540005063637,0.00017405528007958385,0.00018235048415890032,-0.06219391776511934,-0.004879245507549673
57504045,kubernetes/kubernetes,train,-0.003539253918891541,0.012792934594849998,-0.011919719644220618,-0.0031035698298465665,0.006039622659986339,-0.0022793327472482084,0.0001699859865338954,-0.005649492188649345,-0.014345471240641647,-0.00741282656803171,0.0015344029505038033,0.0016625122589516092,0.04329514710038739,0.016123186075228207,0.03361497085955178,-0.008894752460668733,-0.002298540005063637,0.00017405528007958385,0.00018235048415890032,-0.06219391776511934,-0.006047708118149836
57516071,kubernetes/kubernetes,train,-0.0035028068619141566,0.011624197360258765,-0.011866393655539029,-0.0030849437123874075,-0.012676636743478447,-0.0022370095757523432,-0.006700495617755324,-0.005511850917152401,-0.014345471240641647,-0.026268716464038378,-0.012147345361688112,0.0013786272413187693,0.04329514710038739,-0.0038359996610208376,-0.009771793854520868,-0.008894752460668733,-0.002298540005063637,0.00017405528007958385,0.00018235048415890032,-0.06219391776511934,-0.12868229643053725
57972287,kubernetes/kubernetes,train,-0.0016145331217824015,0.010455460125667532,-0.008400204391235682,-0.00165073266803215,0.008624144290274931,0.0011835380511416853,0.00022907258803677827,0.0008196475717070277,-0.0027943220444559894,0.0011043105874100748,0.0024989261257915723,-0.0006085678821111136,0.04329514710038739,-0.0038359996610208376,-0.009771793854520868,-0.008894752460668733,-0.002298540005063637,0.00017405528007958385,0.00018235048415890032,-0.06219391776511934,-0.033496711649355276
59818995,kubernetes/kubernetes,train,0.0037285438262609333,0.00694924842189383,0.0007718656619977886,0.002335256468227916,0.007532441530632869,-0.003011233103426785,0.0005777471547536803,0.008802841318529786,0.012607210217124888,0.0023208895674744602,0.003204016534959515,-0.009409003428729173,0.04329514710038739,-0.0038359996610208376,-0.009771793854520868,-0.008894752460668733,-0.002298540005063637,0.00017405528007958385,0.00018235048415890032,-0.06219391776511934,-0.0069336267120678335
59820624,kubernetes/kubernetes,train,-0.0035378177096409306,0.005780511187302595,-0.011919719644220618,-0.0031035698298465665,0.006039622659986339,-0.0022793327472482084,0.0001699859865338954,-0.005649492188649345,-0.014345471240641647,-0.00741282656803171,0.0015344029505038033,-0.009409003428729173,0.04329514710038739,0.016123186075228207,0.03361497085955178,-0.008894752460668733,-0.002298540005063637,0.00017405528007958385,0.00018235048415890032,-0.06219391776511934,-0.024130211004127405
59821299,kubernetes/kubernetes,train,-0.003538392935568178,0.004611773952711362,-0.011919719644220618,-0.0031035698298465665,0.006039622659986339,-0.0022793327472482084,0.0001699859865338954,-0.005649492188649345,-0.014345471240641647,-0.00741282656803171,0.0015344029505038033,-0.009409003428729173,0.04329514710038739,0.016123186075228207,0.03361497085955178,-0.008894752460668733,-0.002298540005063637,0.00017405528007958385,0.00018235048415890032,-0.06219391776511934,-0.025299523464645896
62049233,kubernetes/kubernetes,train,0.0051983277153478105,0.003443036718120127,0.004558010858390675,0.004384129388735426,0.0051379639666858535,-0.0029927685503959413,-0.00013195505390047784,0.010867460390983947,0.019024515326116924,0.004703356736767184,0.003441281260167836,-0.011396198552159056,0.030894127255144427,-0.0038359996610208376,-0.009771793854520868,-0.008894752460668733,-0.002298540005063637,0.00017405528007958385,0.00018235048415890032,-0.06219391776511934,-0.009507310522150217
62049706,kubernetes/kubernetes,train,-0.0035376544197002926,0.0022742994835288936,-0.011919719644220618,-0.0031035698298465665,0.006039622659986339,-0.0022793327472482084,0.0001699859865338954,-0.005649492188649345,-0.014345471240641647,-0.00741282656803171,0.0015344029505038033,-0.011396198552159056,0.030894127255144427,0.016123186075228207,0.03361497085955178,-0.008894752460668733,-0.002298540005063637,0.00017405528007958385,0.00018235048415890032,-0.06219391776511934,-0.04202447438663333
62050650,kubernetes/kubernetes,train,-0.0035376544197002926,0.0011055622489376596,-0.011919719644220618,-0.0031035698298465665,0.006039622659986339,-0.0022793327472482084,0.0001699859865338954,-0.005649492188649345,-0.014345471240641647,-0.00741282656803171,0.0015344029505038033,-0.011396198552159056,0.030894127255144427,0.016123186075228207,0.03361497085955178,-0.008894752460668733,-0.002298540005063637,0.00017405528007958385,0.00018235048415890032,-0.06219391776511934,-0.04319321162122457
64863991,kubernetes/kubernetes,train,0.007592161956234595,-0.003569386689427276,0.013463450968216197,0.006861403010803598,0.010775502580954374,-0.005130881605174766,0.0001699859865338954,0.015134339807389216,0.03185912554410099,0.007811608606639166,0.0031351763470821715,-0.010828428516893376,0.021120819614372063,-0.0038359996610208376,-0.009771793854520868,-0.008894752460668733,-0.002298540005063637,0.00017405528007958385,0.00018235048415890032,-0.06219391776511934,0.011756279628675918
64869495,kubernetes/kubernetes,train,-0.0035251738726465357,-0.00473812392401851,-0.01165308970081267,-0.0030663175949282484,-0.012676636743478447,0.0010267433460125217,-0.0030492161535215154,-0.005511850917152401,-0.014345471240641647,-0.026268716464038378,-0.012147345361688112,-0.011112313534526215,0.021120819614372063,-0.0038359996610208376,-0.009771793854520868,-0.008894752460668733,-0.002298540005063637,0.00017405528007958385,0.00018235048415890032,-0.06219391776511934,-0.17258529052922303
64881287,kubernetes/kubernetes,train,-0.003511561429413357,-0.0059068611586097445,-0.011866393655539029,-0.0030849437123874075,-0.012676636743478447,0.0010385086848333689,-0.003036053839750814,-0.005511850917152401,-0.014345471240641647,-0.026268716464038378,-0.012147345361688112,-0.011963968587424736,0.021120819614372063,-0.0038359996610208376,-0.009771793854520868,-0.008894752460668733,-0.002298540005063637,0.00017405528007958385,0.00018235048415890032,-0.06219391776511934,-0.17479907279307358
65962790,kubernetes/kubernetes,train,0.0006477228271653571,-0.008244335627792213,-0.007120380662877524,-0.0007753051474516683,0.012073401798361343,-0.008401082875632047,-0.0026461471064144347,0.0016454952006886925,-0.0027943220444559894,-0.0019945226636973027,0.0027802669340256454,-0.011680083569791897,0.018656461585563233,-0.0038359996610208376,-0.009771793854520868,-0.008894752460668733,-0.002298540005063637,0.00017405528007958385,0.00018235048415890032,-0.06219391776511934,-0.09449142933446374
67749918,kubernetes/kubernetes,train,0.003244381729999498,-0.009413072862383446,0.003438165096077286,0.002260751998391279,0.004431318138516007,-0.003091207904977351,0.0009429891745630743,0.007701711146554233,0.008756827151729669,0.0002577221219013608,0.0015628473336892334,-0.0065701532524007665,0.01316911193213744,-0.0038359996610208376,-0.009771793854520868,-0.008894752460668733,-0.002298540005063637,0.00017405528007958385,0.00018235048415890032,-0.06219391776511934,-0.05994720617835741
67833798,kubernetes/kubernetes,train,-0.0032917063688844687,-0.01058181009697468,-0.0114931117347679,-0.0028614303028774973,0.018172770270923,0.003213648939512936,0.001992457013483779,-0.0048236445596676805,-0.014345471240641647,-0.026268716464038378,0.00014062817441772363,-0.006002383217135084,0.01316911193213744,-0.0038359996610208376,-0.009771793854520868,-0.008894752460668733,-0.002298540005063637,0.00017405528007958385,0.00018235048415890032,-0.06219391776511934,-0.12961825563666737
67872434,kubernetes/kubernetes,train,-0.0035039498914986224,-0.011750547331565912,-0.011919719644220618,-0.0030849437123874075,0.04461511914040995,-0.0022793327472482084,0.0001699859865338954,-0.005649492188649345,-0.014345471240641647,-0.00741282656803171,0.0015344029505038033,-0.006002383217135084,0.01316911193213744,0.016123186075228207,-0.009771793854520868,-0.008894752460668733,-0.002298540005063637,0.00017405528007958385,0.00018235048415890032,-0.06219391776511934,-0.07313945877769935
67885314,kubernetes/kubernetes,train,-0.003463773143831667,-0.012919284566157147,-0.011866393655539029,-0.0030663175949282484,0.015969241198465753,-0.10354595423403992,-0.12003850803506128,-0.005511850917152401,-0.014345471240641647,-0.026268716464038378,-0.012147345361688112,-0.006286268234767926,0.01316911193213744,-0.0038359996610208376,-0.009771793854520868,-0.008894752460668733,-0.002298540005063637,0.00017405528007958385,0.00018235048415890032,-0.06219391776511934,-0.3769601282993975
69652729,kubernetes/kubernetes,train,0.003410124730881993,-0.015256759035339617,0.00013195379781870916,0.002298004233309598,0.005103563358417948,-0.0057084347807487565,-0.0001754930628953421,0.007151146060566457,0.015174132260721703,0.009084022177079638,0.0024242338758179247,-0.012247853605057578,0.010006536243326983,-0.0038359996610208376,-0.009771793854520868,-0.008894752460668733,-0.002298540005063637,0.00017405528007958385,0.00018235048415890032,-0.06219391776511934,-0.06524342172825527
69661314,kubernetes/kubernetes,train,-0.003531679492326951,-0.01642549626993085,-0.011919719644220618,-0.0031035698298465665,0.006039622659986339,-0.0022793327472482084,0.0001699859865338954,-0.005649492188649345,-0.014345471240641647,-0.00741282656803171,0.0015344029505038033,-0.012247853605057578,0.010006536243326983,0.016123186075228207,0.03361497085955178,-0.008894752460668733,-0.002298540005063637,0.00017405528007958385,0.00018235048415890032,-0.06219391776511934,-0.0824575412774357
69680319,kubernetes/kubernetes,train,-0.0034423598947980133,-0.01759423350452208,-0.011813067666857439,-0.0030663175949282484,0.015969241198465753,0.003640940626544208,-0.00012461828270606844,-0.005511850917152401,-0.014345471240641647,-0.026268716464038378,-0.012147345361688112,-0.011680083569791897,0.010006536243326983,-0.0038359996610208376,-0.009771793854520868,-0.008894752460668733,-0.002298540005063637,0.00017405528007958385,0.00018235048415890032,-0.06219391776511934,-0.16301594441094228
69680447,kubernetes/kubernetes,train,-0.0035390089839805842,-0.018762970739113316,-0.011919719644220618,-0.0031035698298465665,0.006039622659986339,-0.0022793327472482084,0.0001699859865338954,-0.005649492188649345,-0.014345471240641647,-0.00741282656803171,0.0015344029505038033,-0.011680083569791897,0.010006536243326983,0.016123186075228207,0.03361497085955178,-0.008894752460668733,-0.002298540005063637,0.00017405528007958385,0.00018235048415890032,-0.06219391776511934,-0.0842345752030061
71926822,kubernetes/kubernetes,train,0.0049836459770291296,-0.021100445208295786,0.0009851696167241482,0.002949918344380169,0.007948395374721374,-0.005352807600683776,-1.479583654815862e-05,0.007976993689548122,0.017741054304318514,0.009829270949487925,0.0033564890172002432,-0.014518933746120302,0.0015152000487575535,-0.0038359996610208376,-0.009771793854520868,-0.008894752460668733,-0.002298540005063637,0.00017405528007958385,0.00018235048415890032,-0.06219391776511934,-0.07033944305163578
71933950,kubernetes/kubernetes,train,-0.0035197370598502964,-0.022269182442887017,-0.011866393655539029,-0.0030849437123874075,-0.012676636743478447,-0.009448029314378534,-0.014767726477128372,-0.005511850917152401,-0.014345471240641647,-0.026268716464038378,-0.012147345361688112,-0.014518933746120302,0.0015152000487575535,-0.0038359996610208376,-0.009771793854520868,-0.008894752460668733,-0.002298540005063637,0.00017405528007958385,0.00018235048415890032,-0.06219391776511934,-0.23554836506868734
71937344,kubernetes/kubernetes,train,-0.0035301319490259053,-0.023437919677478252,-0.011919719644220618,-0.0031035698298465665,0.006039622659986339,-0.0022793327472482084,0.0001699859865338954,-0.005649492188649345,-0.014345471240641647,-0.00741282656803171,0.0015344029505038033,-0.014235048728487461,0.0015152000487575535,0.016123186075228207,0.03361497085955178,-0.008894752460668733,-0.002298540005063637,0.00017405528007958385,0.00018235048415890032,-0.06219391776511934,-0.09994694845968138
74666225,kubernetes/kubernetes,train,0.007700590187953182,-0.02928160585043442,0.013250147013489836,0.006973159715558553,0.007656112109953297,-0.00364748008357356,-1.9920607789578177e-08,0.014859057264395325,0.02672528145690736,0.0044315316234921805,0.0036812307187194062,-0.011963968587424736,-0.012987798694783174,-0.0038359996610208376,-0.009771793854520868,-0.008894752460668733,-0.002298540005063637,0.00017405528007958385,0.00018235048415890032,-0.06219391776511934,-0.05924236102850947
74669757,kubernetes/kubernetes,train,-0.003526331746771059,-0.030450343085025658,-0.011919719644220618,-0.0031035698298465665,0.006039622659986339,-0.0022793327472482084,0.0001699859865338954,-0.005649492188649345,-0.014345471240641647,-0.00741282656803171,0.0015344029505038033,-0.011963968587424736,-0.012987798694783174,0.016123186075228207,0.03361497085955178,-0.008894752460668733,-0.002298540005063637,0.00017405528007958385,0.00018235048415890032,-0.06219391776511934,-0.11918749026745193
74671731,kubernetes/kubernetes,train,-0.003529397144293035,-0.03161908031961689,-0.011919719644220618,-0.0031035698298465665,0.006039622659986339,-0.0022793327472482084,0.0001699859865338954,-0.005649492188649345,-0.014345471240641647,-0.00741282656803171,0.0015344029505038033,-0.011963968587424736,-0.012987798694783174,0.016123186075228207,0.03361497085955178,-0.008894752460668733,-0.002298540005063637,0.00017405528007958385,0.00018235048415890032,-0.06219391776511934,-0.12035929289956512
75156399,kubernetes/kubernetes,train,-0.001638421697870725,-0.03278781755420812,-0.009413398176185892,-0.0022095161918069257,0.005227036970236677,-0.0030081793385041103,-0.002122540514753887,-0.0020708191297287987,-0.007928166131649615,0.0012212893354931935,0.001796454395595107,-0.014235048728487461,-0.012961755770060859,-0.0038359996610208376,-0.009771793854520868,-0.008894752460668733,-0.002298540005063637,0.00017405528007958385,0.00018235048415890032,-0.06219391776511934,-0.16676948051408635
77194312,kubernetes/kubernetes,train,0.003504628784026184,-0.03395655478879936,0.002371645322445487,0.0034528235157774674,0.0073429256818575575,-0.003420066037613336,0.00041376909982587383,0.00825227623254201,0.013890671238923296,0.004868478223747876,0.001791251485237912,-0.01281562364032326,-0.01309728527626915,-0.0038359996610208376,-0.009771793854520868,-0.008894752460668733,-0.002298540005063637,0.00017405528007958385,0.00018235048415890032,-0.06219391776511934,-0.10403965814077637
77213823,kubernetes/kubernetes,train,-0.0034894727538070654,-0.03512529202339059,-0.01175974167817585,-0.0030849437123874075,-0.012676636743478447,0.0013029717138615298,-0.0027401894008405817,-0.0053742096456554575,-0.014345471240641647,-0.026268716464038378,-0.006686023790085519,-0.0130995086579561,-0.01309728527626915,-0.0038359996610208376,-0.009771793854520868,-0.008894752460668733,-0.002298540005063637,0.00017405528007958385,0.00018235048415890032,-0.06219391776511934,-0.2330831176550196
77303540,kubernetes/kubernetes,train,-0.0033505538368093627,-0.03629402925798182,-0.011439785746086308,-0.0029359347727141343,0.006420615217817687,0.005135123405426659,0.00173003460141318,-0.004410720745176848,-0.01049508817524643,0.021380626921816345,0.002416178829252138,-0.013667278693221782,-0.01309728527626915,-0.0038359996610208376,-0.009771793854520868,-0.008894752460668733,-0.002298540005063637,0.00017405528007958385,0.00018235048415890032,-0.06219391776511934,-0.14524669550993474
77303985,kubernetes/kubernetes,train,-0.0035391128957609906,-0.03746276649257306,-0.011919719644220618,-0.0030849437123874075,-0.012676636743478447,0.006046534092249378,0.0025666068900238198,-0.005649492188649345,-0.014345471240641647,-0.00741282656803171,0.0015344029505038033,-0.013667278693221782,-0.01309728527626915,0.016123186075228207,-0.009771793854520868,-0.008894752460668733,-0.002298540005063637,0.00017405528007958385,0.00018235048415890032,-0.06219391776511934,-0.17938740176836301
77795569,kubernetes/kubernetes,train,-0.001588354775390133,-0.03980024096175552,-0.007493662583648654,-0.0007380529125333499,0.004465778402881862,-0.0007515521689628294,0.0013742377604670211,0.00026908248571925136,-0.006644705109851209,-0.006322479697866634,0.0026574420312104855,-0.012531738622690419,-0.014474028815253765,-0.0038359996610208376,-0.009771793854520868,-0.008894752460668733,-0.002298540005063637,0.00017405528007958385,0.00018235048415890032,-0.06219391776511934,-0.16821687294982882
77802321,kubernetes/kubernetes,train,-0.0035223534100355175,-0.040968978196346754,-0.011919719644220618,-0.0030849437123874075,-0.012676636743478447,-0.0015878373974140675,-0.005974243018267267,-0.005649492188649345,-0.014345471240641647,-0.00741282656803171,0.0015344029505038033,-0.01281562364032326,-0.014474028815253765,0.016123186075228207,-0.009771793854520868,-0.008894752460668733,-0.002298540005063637,0.00017405528007958385,0.00018235048415890032,-0.06219391776511934,-0.19957716387045188
77807233,kubernetes/kubernetes,train,-0.0035278978457471775,-0.042137715430938,-0.01175974167817585,-0.0030476914774690894,-0.012676636743478447,-0.00982768808306148,-0.015136529634052395,-0.0053742096456554575,-0.013062010218843243,0.04520529861474371,-0.006686023790085519,-0.01281562364032326,-0.014474028815253765,-0.0038359996610208376,-0.009771793854520868,-0.008894752460668733,-0.002298540005063637,0.00017405528007958385,0.00018235048415890032,-0.06219391776511934,-0.1919590963704949
77813556,kubernetes/kubernetes,train,-0.003523466750539867,-0.04330645266552923,-0.01175974167817585,-0.0030663175949282484,-0.012676636743478447,0.0059536118819956164,0.002462651423355924,-0.005236568374158513,-0.014345471240641647,-0.026268716464038378,-0.0012247022184829247,-0.012531738622690419,-0.014474028815253765,-0.0038359996610208376,-0.009771793854520868,-0.008894752460668733,-0.002298540005063637,0.00017405528007958385,0.00018235048415890032,-0.06219391776511934,-0.22663617584472065
79809601,kubernetes/kubernetes,train,0.0034735999841699664,-0.045643927134711694,0.002105015379037537,0.00201861247142221,0.004823390508327461,-0.0018246070500973126,0.0013915340157479275,0.008114634961045065,0.01645759328252011,0.008038810773777024,0.0026792082585561923,-0.014802818763753143,-0.014613798846420814,-0.0038359996610208376,-0.009771793854520868,-0.008894752460668733,-0.002298540005063637,0.00017405528007958385,0.00018235048415890032,-0.06219391776511934,-0.11442135014253439
79809812,kubernetes/kubernetes,train,-0.003539435764507252,-0.046812664369302925,-0.011919719644220618,-0.0031035698298465665,0.006039622659986339,-0.0022793327472482084,0.0001699859865338954,-0.005649492188649345,-0.014345471240641647,-0.00741282656803171,0.0015344029505038033,-0.014802818763753143,-0.014613798846420814,0.016123186075228207,0.03361497085955178,-0.008894752460668733,-0.002298540005063637,0.00017405528007958385,0.00018235048415890032,-0.06219391776511934,-0.14002776589743143
79809886,kubernetes/kubernetes,train,-0.003539758633253513,-0.04798140160389417,-0.011919719644220618,-0.0031035698298465665,0.006039622659986339,-0.0022793327472482084,0.0001699859865338954,-0.005649492188649345,-0.014345471240641647,-0.00741282656803171,0.0015344029505038033,-0.014802818763753143,-0.014613798846420814,0.016123186075228207,0.03361497085955178,-0.008894752460668733,-0.002298540005063637,0.00017405528007958385,0.00018235048415890032,-0.06219391776511934,-0.14119682600076894
82710116,kubernetes/kubernetes,train,0.005434274257299561,-0.050318876073076634,0.019595939666599043,0.007643699944088284,0.005990347842606508,-0.0022780083705693016,0.0013313578671606922,0.014170850906910608,0.029292203500504172,0.007482901767608719,0.003238611350187216,-0.021048289151675635,-0.028411720861629852,-0.0038359996610208376,-0.009771793854520868,-0.008894752460668733,-0.002298540005063637,0.00017405528007958385,0.00018235048415890032,-0.06219391776511934,-0.09451530533614155
82714136,kubernetes/kubernetes,train,-0.003531412290605907,-0.051487613307667865,-0.011813067666857439,-0.0030849437123874075,-0.012676636743478447,-0.12195324514241336,-0.14063141592270187,-0.005511850917152401,-0.014345471240641647,-0.026268716464038378,-0.012147345361688112,-0.021616059186941317,-0.028411720861629852,-0.0038359996610208376,-0.009771793854520868,-0.008894752460668733,-0.002298540005063637,0.00017405528007958385,0.00018235048415890032,-0.06219391776511934,-0.5401180968003589
82714305,kubernetes/kubernetes,train,-0.003539580498772817,-0.052656350542259096,-0.011866393655539029,-0.0031035698298465665,0.006039622659986339,-0.0022793327472482084,0.0001699859865338954,-0.005511850917152401,-0.014345471240641647,-0.026268716464038378,-0.012147345361688112,-0.021616059186941317,-0.028411720861629852,-0.0038359996610208376,0.03361497085955178,-0.008894752460668733,-0.002298540005063637,0.00017405528007958385,0.00018235048415890032,-0.06219391776511934,-0.21878861592731946
82714385,kubernetes/kubernetes,train,-0.003539766055523542,-0.05382508777685033,-0.011919719644220618,-0.0031035698298465665,0.006039622659986339,-0.0022793327472482084,0.0001699859865338954,-0.005649492188649345,-0.014345471240641647,-0.00741282656803171,0.0015344029505038033,-0.021616059186941317,-0.028411720861629852,0.016123186075228207,0.03361497085955178,-0.008894752460668733,-0.002298540005063637,0.00017405528007958385,0.00018235048415890032,-0.06219391776511934,-0.16765168203439235
85466097,kubernetes/kubernetes,train,0.005437328521416491,-0.05850003671521527,0.0010384956054057383,0.003545954103073263,0.008025426307002237,-0.006950305256895823,-0.0032441963323103493,0.008114634961045065,0.006189905108132858,-0.0033970316388281076,0.0035623821220576207,-0.016222243851917343,-0.034813374792429984,-0.0038359996610208376,-0.009771793854520868,-0.008894752460668733,-0.002298540005063637,0.00017405528007958385,0.00018235048415890032,-0.06219391776511934,-0.17385165984161852
85470423,kubernetes/kubernetes,train,-0.0035323883191147203,-0.0596687739498065,-0.011919719644220618,-0.0030849437123874075,-0.012676636743478447,-0.006699524154907534,-0.011692873482223832,-0.005649492188649345,-0.014345471240641647,-0.00741282656803171,0.0015344029505038033,-0.016506128869550187,-0.034813374792429984,0.016123186075228207,-0.009771793854520868,-0.008894752460668733,-0.002298540005063637,0.00017405528007958385,0.00018235048415890032,-0.06219391776511934,-0.25314716296084405
85475750,kubernetes/kubernetes,train,-0.0035275193099756985,-0.060837511184397744,-0.011919719644220618,-0.0030849437123874075,-0.012676636743478447,-0.02834644468293022,-0.03591007321593726,-0.005649492188649345,-0.014345471240641647,-0.00741282656803171,0.0015344029505038033,-0.016506128869550187,-0.034813374792429984,0.016123186075228207,-0.009771793854520868,-0.008894752460668733,-0.002298540005063637,0.00017405528007958385,0.00018235048415890032,-0.06219391776511934,-0.30017515144803236
85487731,kubernetes/kubernetes,train,-0.003510143775837819,-0.062006248418988975,-0.011866393655539029,-0.0031035698298465665,0.006039622659986339,-0.0022793327472482084,0.0001699859865338954,-0.005511850917152401,-0.014345471240641647,-0.026268716464038378,-0.012147345361688112,-0.016506128869550187,-0.034813374792429984,-0.0038359996610208376,0.03361497085955178,-0.008894752460668733,-0.002298540005063637,0.00017405528007958385,0.00018235048415890032,-0.06219391776511934,-0.22940080069452334
85515657,kubernetes/kubernetes,train,-0.0034516154655241716,-0.0631749856535802,-0.011813067666857439,-0.0030476914774690894,0.006420615217817687,-0.005579398536169434,-0.010439748087287681,-0.0053742096456554575,-0.013062010218843243,0.04520529861474371,-0.003955363004284222,-0.016506128869550187,-0.034813374792429984,-0.0038359996610208376,-0.009771793854520868,-0.008894752460668733,-0.002298540005063637,0.00017405528007958385,0.00018235048415890032,-0.06219391776511934,-0.20623027756724463
89461411,kubernetes/kubernetes,train,0.00951591414710495,-0.06434372288817145,0.017249596164609086,0.00820248346786306,0.004123911110445991,-0.003194589435852064,0.0007189446569961209,0.014583774721401438,0.04212681371848824,0.01651844902530055,0.002649141967589848,-0.024171024345636883,-0.050469845575396785,-0.0038359996610208376,-0.009771793854520868,-0.008894752460668733,-0.002298540005063637,0.00017405528007958385,0.00018235048415890032,-0.06219391776511934,-0.11312875124741283
89465459,kubernetes/kubernetes,train,-0.0035320691615034734,-0.06551246012276267,-0.011919719644220618,-0.0031035698298465665,0.006039622659986339,-0.0022793327472482084,0.0001699859865338954,-0.005649492188649345,-0.014345471240641647,-0.00741282656803171,0.0015344029505038033,-0.024454909363269717,-0.050469845575396785,0.016123186075228207,0.03361497085955178,-0.008894752460668733,-0.002298540005063637,0.00017405528007958385,0.00018235048415890032,-0.06219391776511934,-0.20422833237637994
89478326,kubernetes/kubernetes,train,-0.0034977263180793086,-0.06668119735735391,-0.011866393655539029,-0.0030104392425507704,-0.0012182855667007709,0.004073449732963688,0.0025261693371616094,-0.005511850917152401,-0.014345471240641647,-0.026268716464038378,-0.012147345361688112,-0.024738794380902564,-0.050469845575396785,-0.0038359996610208376,-0.009771793854520868,-0.008894752460668733,-0.002298540005063637,0.00017405528007958385,0.00018235048415890032,-0.06219391776511934,-0.29979504499207327
89577865,kubernetes/kubernetes,train,-0.0033224419890745408,-0.06784993459194515,-0.01117315580267836,-0.0028800564203366567,-0.0031280107628303836,0.0019234325436973327,0.0020068234352179485,-0.004548362016673793,-0.013062010218843243,-0.008400212694342853,-0.001614796616454538,-0.024738794380902564,-0.050469845575396785,-0.0038359996610208376,-0.009771793854520868,-0.008894752460668733,-0.002298540005063637,0.00017405528007958385,0.00018235048415890032,-0.06219391776511934,-0.27389596307271846
93991288,kubernetes/kubernetes,train,0.009329752481372688,-0.07135614629571885,0.019969221587370172,0.008928902048770268,0.0049720620504747895,-0.0013701111215878822,-2.0021762608229695e-05,0.016373111250861713,0.036992969631294614,0.009468291075352667,0.0023735598203321637,-0.025022679398535405,-0.055317465886392324,-0.0038359996610208376,-0.009771793854520868,-0.008894752460668733,-0.002298540005063637,0.00017405528007958385,0.00018235048415890032,-0.06219391776511934,-0.13131715250116854
94000681,kubernetes/kubernetes,train,-0.0035296791905541367,-0.07252488353031007,-0.011919719644220618,-0.0031035698298465665,0.006039622659986339,-0.0022793327472482084,0.0001699859865338954,-0.005649492188649345,-0.014345471240641647,-0.00741282656803171,0.0015344029505038033,-0.024738794380902564,-0.055317465886392324,0.016123186075228207,0.03361497085955178,-0.008894752460668733,-0.002298540005063637,0.00017405528007958385,0.00018235048415890032,-0.06219391776511934,-0.2163698711416064
94006526,kubernetes/kubernetes,train,-0.00352991299206005,-0.07369362076490131,-0.01170641568949426,-0.0030476914774690894,-0.012676636743478447,0.0050239954227308615,0.0019126885171023035,-0.005236568374158513,-0.014345471240641647,-0.026268716464038378,-0.003955363004284222,-0.024738794380902564,-0.055317465886392324,-0.0038359996610208376,-0.009771793854520868,-0.008894752460668733,-0.002298540005063637,0.00017405528007958385,0.00018235048415890032,-0.06219391776511934,-0.3142185710601426
94012442,kubernetes/kubernetes,train,-0.0035257008538185945,-0.07486235799949253,-0.011919719644220618,-0.0030663175949282484,0.015969241198465753,0.000987054936390197,-0.0030936170253080143,-0.005649492188649345,-0.014345471240641647,-0.00741282656803171,0.0015344029505038033,-0.025306564416168246,-0.055317465886392324,0.016123186075228207,-0.009771793854520868,-0.008894752460668733,-0.002298540005063637,0.00017405528007958385,0.00018235048415890032,-0.06219391776511934,-0.2526882465781974
96018281,kubernetes/kubernetes,train,0.0018337644664487625,-0.07836856970326625,0.013143495036126657,0.0042164943316029945,0.005400151372557588,-0.0023631346882701217,0.0018263144891803467,0.011693308019965612,0.006189905108132858,-0.008116585650379446,0.0032605533701098454,-0.023603254310371198,-0.05544777444024143,-0.0038359996610208376,-0.009771793854520868,-0.008894752460668733,-0.002298540005063637,0.00017405528007958385,0.00018235048415890032,-0.06219391776511934,-0.2069739305805587
96021741,kubernetes/kubernetes,train,-0.003531616403031705,-0.07953730693785749,-0.011813067666857439,-0.0031035698298465665,0.006039622659986339,-0.0022793327472482084,0.0001699859865338954,-0.0053742096456554575,-0.014345471240641647,-0.026268716464038378,-0.003955363004284222,-0.023887139328004042,-0.05544777444024143,-0.0038359996610208376,0.03361497085955178,-0.008894752460668733,-0.002298540005063637,0.00017405528007958385,0.00018235048415890032,-0.06219391776511934,-0.2665857923292686
96029525,kubernetes/kubernetes,train,-0.0035222272314450248,-0.08070604417244871,-0.011919719644220618,-0.0030663175949282484,-0.012676636743478447,-0.0033491652668225435,-0.007944704763844582,-0.005649492188649345,-0.014345471240641647,-0.00741282656803171,0.0015344029505038033,-0.023887139328004042,-0.05544777444024143,0.016123186075228207,-0.009771793854520868,-0.008894752460668733,-0.002298540005063637,0.00017405528007958385,0.00018235048415890032,-0.06219391776511934,-0.2950725284781584
98968195,kubernetes/kubernetes,train,0.004477729207312711,-0.08421225587622241,0.00013195379781870916,0.0029871705792984876,0.012202352050136697,-0.012317002851863452,-0.003352163867212796,0.006600580974578681,-0.00022740000085917615,-0.008600982399620335,0.003149188066738622,-0.019061094028245754,-0.05348023778688148,-0.0038359996610208376,-0.009771793854520868,-0.008894752460668733,-0.002298540005063637,0.00017405528007958385,0.00018235048415890032,-0.06219391776511934,-0.23834076011717642
99183057,kubernetes/kubernetes,train,-0.0032397764566265983,-0.08538099311081365,-0.01053324393849928,-0.0024889079536943135,0.008156729032480969,-0.005520532831770697,-0.006273310286861704,-0.002621384215716575,-0.01049508817524643,-0.006775803260734179,0.0023461618860264647,-0.021899944204574154,-0.05348023778688148,-0.0038359996610208376,-0.009771793854520868,-0.008894752460668733,-0.002298540005063637,0.00017405528007958385,0.00018235048415890032,-0.06219391776511934,-0.28484492928506655
99187893,kubernetes/kubernetes,train,-0.0035305884186326883,-0.08654973034540488,-0.011866393655539029,-0.0030663175949282484,-0.012676636743478447,0.001660727343439664,-0.0023399551261252273,-0.005511850917152401,-0.014345471240641647,-0.026268716464038378,-0.012147345361688112,-0.021899944204574154,-0.05348023778688148,-0.0038359996610208376,-0.009771793854520868,-0.008894752460668733,-0.002298540005063637,0.00017405528007958385,0.00018235048415890032,-0.06219391776511934,-0.3386610584978
99192787,kubernetes/kubernetes,train,-0.0035305104847973843,-0.08771846757999611,-0.011919719644220618,-0.0031035698298465665,0.006039622659986339,-0.0022793327472482084,0.0001699859865338954,-0.005649492188649345,-0.014345471240641647,-0.00741282656803171,0.0015344029505038033,-0.021899944204574154,-0.05348023778688148,0.016123186075228207,0.03361497085955178,-0.008894752460668733,-0.002298540005063637,0.00017405528007958385,0.00018235048415890032,-0.06219391776511934,-0.22688820820969646
99571135,kubernetes/kubernetes,train,-0.0029385696054449,-0.08888720481458735,-0.009733354108275432,-0.0014644714934405581,0.0035994302689898454,-0.0019235273449936272,-0.0034837187558854426,-0.002759025487213519,-0.01049508817524643,-0.005847569298672074,0.00183896598022097,-0.021332174169308476,-0.05348023778688148,-0.0038359996610208376,-0.009771793854520868,-0.008894752460668733,-0.002298540005063637,0.00017405528007958385,0.00018235048415890032,-0.06219391776511934,-0.2835451427728934
103386457,kubernetes/kubernetes,train,0.007115600264482852,-0.09005594204917858,0.01005058769259444,0.007122168655231827,0.006629328354006714,-0.0025594093565893183,0.0004608097467630523,0.013345003277928943,0.025441820435108956,0.00584279755686372,0.003123146022987103,-0.018209438975347228,-0.05950391776365583,-0.0038359996610208376,-0.009771793854520868,-0.008894752460668733,-0.002298540005063637,0.00017405528007958385,0.00018235048415890032,-0.06219391776511934,-0.17783604412095827
103386495,kubernetes/kubernetes,train,-0.0035398885229790205,-0.09122467928376983,-0.011919719644220618,-0.0031035698298465665,0.006039622659986339,-0.0022793327472482084,0.0001699859865338954,-0.005649492188649345,-0.014345471240641647,-0.00741282656803171,0.0015344029505038033,-0.018209438975347228,-0.05950391776365583,0.016123186075228207,0.03361497085955178,-0.008894752460668733,-0.002298540005063637,0.00017405528007958385,0.00018235048415890032,-0.06219391776511934,-0.23273697269919918
103393064,kubernetes/kubernetes,train,-0.003513773265881998,-0.09239341651836105,-0.01170641568949426,-0.0030849437123874075,-0.012676636743478447,0.00584698087324912,0.0023433594236796484,-0.0053742096456554575,-0.014345471240641647,-0.026268716464038378,-0.008051354182986168,-0.018209438975347228,-0.05950391776365583,-0.0038359996610208376,-0.009771793854520868,-0.008894752460668733,-0.002298540005063637,0.00017405528007958385,0.00018235048415890032,-0.06219391776511934,-0.33357655188715407
103395497,kubernetes/kubernetes,train,-0.003527845889856974,-0.09356215375295229,-0.01175974167817585,-0.0031035698298465665,0.006039622659986339,-0.0022793327472482084,0.0001699859865338954,-0.005511850917152401,-0.014345471240641647,-0.026268716464038378,-0.012147345361688112,-0.018209438975347228,-0.05950391776365583,-0.0038359996610208376,0.03361497085955178,-0.008894752460668733,-0.002298540005063637,0.00017405528007958385,0.00018235048415890032,-0.06219391776511934,-0.2872616092421655
108620995,kubernetes/kubernetes,train,0.0053499980922553265,-0.097068365456726,0.0037047950394852357,0.004440007741112904,0.007976687599849222,-0.005180076812489594,0.0005169128904779095,0.008527558775535899,0.008756827151729669,-0.0012875073102893038,0.003230095923541034,-0.014802818763753143,-0.05950391776365583,-0.0038359996610208376,-0.009771793854520868,-0.008894752460668733,-0.002298540005063637,0.00017405528007958385,0.00018235048415890032,-0.06219391776511934,-0.22197840087508158
108627351,kubernetes/kubernetes,train,-0.003527960935042424,-0.09823710269131722,-0.011866393655539029,-0.0030663175949282484,0.015969241198465753,0.006042233207280425,0.0025617953331009743,-0.005511850917152401,-0.014345471240641647,-0.026268716464038378,-0.012147345361688112,-0.014802818763753143,-0.05950391776365583,-0.0038359996610208376,-0.009771793854520868,-0.008894752460668733,-0.002298540005063637,0.00017405528007958385,0.00018235048415890032,-0.06219391776511934,-0.3113432236310642
108637771,kubernetes/kubernetes,train,-0.003521084201860559,-0.09940583992590846,-0.011866393655539029,-0.0030849437123874075,-0.012676636743478447,0.00606303606932884,0.0025850682538199844,-0.005511850917152401,-0.014345471240641647,-0.026268716464038378,-0.012147345361688112,-0.014802818763753143,-0.05950391776365583,-0.0038359996610208376,-0.009771793854520868,-0.008894752460668733,-0.002298540005063637,0.00017405528007958385,0.00018235048415890032,-0.06219391776511934,-0.34112551240910954
108644552,kubernetes/kubernetes,train,-0.0035253631405322756,-0.10057457716049968,-0.011919719644220618,-0.0031035698298465665,0.006039622659986339,-0.0022793327472482084,0.0001699859865338954,-0.005649492188649345,-0.014345471240641647,-0.00741282656803171,0.0015344029505038033,-0.014518933746120302,-0.05950391776365583,0.016123186075228207,0.03361497085955178,-0.008894752460668733,-0.002298540005063637,0.00017405528007958385,0.00018235048415890032,-0.06219391776511934,-0.23838183996425538
112862724,kubernetes/kubernetes,train,0.007648140716793281,-0.10408078886427338,0.016289728368340466,0.006786898540966962,0.006420615217817687,-0.0037478029130636388,0.0008797686315499854,0.014308492178407552,0.015174132260721703,-0.003594201335597164,0.00299775623668808,-0.0077056933229321285,-0.061315860053858307,-0.0038359996610208376,-0.009771793854520868,-0.008894752460668733,-0.002298540005063637,0.00017405528007958385,0.00018235048415890032,-0.06219391776511934,-0.19657741232059386
112870721,kubernetes/kubernetes,train,-0.0035283097817337865,-0.10524952609886463,-0.011919719644220618,-0.0031035698298465665,0.006039622659986339,-0.0022793327472482084,0.0001699859865338954,-0.005649492188649345,-0.014345471240641647,-0.00741282656803171,0.0015344029505038033,-0.0077056933229321285,-0.061315860053858307,0.016123186075228207,0.03361497085955178,-0.008894752460668733,-0.002298540005063637,0.00017405528007958385,0.00018235048415890032,-0.06219391776511934,-0.23805843741083615
112875833,kubernetes/kubernetes,train,-0.0035299835036253255,-0.10641826333345586,-0.011919719644220618,-0.0031035698298465665,0.006039622659986339,-0.0022793327472482084,0.0001699859865338954,-0.005649492188649345,-0.014345471240641647,-0.00741282656803171,0.0015344029505038033,-0.0077056933229321285,-0.061315860053858307,0.016123186075228207,0.03361497085955178,-0.008894752460668733,-0.002298540005063637,0.00017405528007958385,0.00018235048415890032,-0.06219391776511934,-0.23922884836731892
112879656,kubernetes/kubernetes,train,-0.0035308927317038775,-0.1075870005680471,-0.011866393655539029,-0.0031035698298465665,0.006039622659986339,-0.0022793327472482084,0.0001699859865338954,-0.005511850917152401,-0.014345471240641647,-0.026268716464038378,-0.012147345361688112,-0.007421808305299288,-0.061315860053858307,-0.0038359996610208376,0.03361497085955178,-0.008894752460668733,-0.002298540005063637,0.00017405528007958385,0.00018235048415890032,-0.06219391776511934,-0.2924204664966249
117338250,kubernetes/kubernetes,train,0.005059449620835266,-0.11226194950641202,-0.0012545219079026294,0.0026146482301153038,0.008411208256128684,-0.005860848913041817,-0.003754469987614279,0.007013504789069513,0.012607210217124888,0.006360725202362128,0.0033355012938052417,0.005353017488178538,-0.06126180105424947,-0.0038359996610208376,-0.009771793854520868,-0.008894752460668733,-0.002298540005063637,0.00017405528007958385,0.00018235048415890032,-0.06219391776511934,-0.22027692425375558
118493643,kubernetes/kubernetes,train,-0.0008267853367949759,-0.11343068674100326,-0.007067054674195934,-0.0004400350331868029,0.004150312537104161,0.0005847776813332117,-0.00020251480557348915,0.0005443650287131396,-0.0027943220444559894,0.0023208895674744602,0.0029763143750575326,0.0033658223647486532,-0.06284908276934346,-0.0038359996610208376,-0.009771793854520868,-0.008894752460668733,-0.002298540005063637,0.00017405528007958385,0.00018235048415890032,-0.06219391776511934,-0.26030659783227766
118493759,kubernetes/kubernetes,train,-0.0035394468979122956,-0.1145994239755945,-0.011919719644220618,-0.0031035698298465665,0.006039622659986339,-0.0022793327472482084,0.0001699859865338954,-0.005649492188649345,-0.014345471240641647,-0.00741282656803171,0.0015344029505038033,0.0033658223647486532,-0.06284908276934346,0.016123186075228207,0.03361497085955178,-0.008894752460668733,-0.002298540005063637,0.00017405528007958385,0.00018235048415890032,-0.06219391776511934,-0.2378811794315489
118498412,kubernetes/kubernetes,train,-0.003520241774212268,-0.11576816121018572,-0.011866393655539029,-0.0030663175949282484,0.015969241198465753,-0.011860315950612899,-0.017466439543914483,-0.005511850917152401,-0.014345471240641647,-0.026268716464038378,-0.012147345361688112,0.0033658223647486532,-0.06284908276934346,-0.0038359996610208376,-0.009771793854520868,-0.008894752460668733,-0.002298540005063637,0.00017405528007958385,0.00018235048415890032,-0.06219391776511934,-0.3519738709011972
118524649,kubernetes/kubernetes,train,-0.0034882295235772087,-0.11693689844477698,-0.011919719644220618,-0.0031035698298465665,0.006039622659986339,-0.0022793327472482084,0.0001699859865338954,-0.005649492188649345,-0.014345471240641647,-0.00741282656803171,0.0015344029505038033,0.0036497073823814935,-0.06284908276934346,0.016123186075228207,0.03361497085955178,-0.008894752460668733,-0.002298540005063637,0.00017405528007958385,0.00018235048415890032,-0.06219391776511934,-0.23988355150876345
118562913,kubernetes/kubernetes,train,-0.0034797829802842117,-0.1181056356793682,-0.011599763712131079,-0.0030104392425507704,-0.012676636743478447,0.0015643957994475946,0.0022485810146685467,-0.0048236445596676805,-0.014345471240641647,-0.026268716464038378,0.0015059585673183734,0.0033658223647486532,-0.06284908276934346,-0.0038359996610208376,-0.009771793854520868,-0.008894752460668733,-0.002298540005063637,0.00017405528007958385,0.00018235048415890032,-0.06219391776511934,-0.3351130136274757
121009496,kubernetes/kubernetes,train,0.0029281262263340115,-0.11927437291395944,0.0028515792205797965,0.003285188458645035,0.004861655874038409,-0.003934383271391481,0.0008483935754654543,0.009353406404517563,0.017741054304318514,0.00651752898494423,0.0030536616119783136,0.007907982646874104,-0.06377356705065915,-0.0038359996610208376,-0.009771793854520868,-0.008894752460668733,-0.002298540005063637,0.00017405528007958385,0.00018235048415890032,-0.06219391776511934,-0.21427234391046954
121011208,kubernetes/kubernetes,train,-0.0035368194143220308,-0.12044311014855066,-0.011919719644220618,-0.0031035698298465665,0.006039622659986339,-0.0022793327472482084,0.0001699859865338954,-0.005649492188649345,-0.014345471240641647,-0.00741282656803171,0.0015344029505038033,0.007907982646874104,-0.06377356705065915,0.016123186075228207,0.03361497085955178,-0.008894752460668733,-0.002298540005063637,0.00017405528007958385,0.00018235048415890032,-0.06219391776511934,-0.24010456212010503
121027792,kubernetes/kubernetes,train,-0.0035139848005778245,-0.1216118473831419,-0.011866393655539029,-0.0030104392425507704,-0.0012182855667007709,-0.018977824122661063,-0.014121600681452216,-0.005511850917152401,-0.014345471240641647,-0.026268716464038378,-0.012147345361688112,0.007624097629241263,-0.06377356705065915,-0.0038359996610208376,-0.009771793854520868,-0.008894752460668733,-0.002298540005063637,0.00017405528007958385,0.00018235048415890032,-0.06219391776511934,-0.37538182683971694
121033600,kubernetes/kubernetes,train,-0.0035297571243894407,-0.12278058461773314,-0.011919719644220618,-0.0031035698298465665,0.006039622659986339,-0.0022793327472482084,0.0001699859865338954,-0.005649492188649345,-0.014345471240641647,-0.00741282656803171,0.0015344029505038033,0.007624097629241263,-0.06377356705065915,0.016123186075228207,0.03361497085955178,-0.008894752460668733,-0.002298540005063637,0.00017405528007958385,0.00018235048415890032,-0.06219391776511934,-0.24271885931698775
125627999,kubernetes/kubernetes,train,0.007596392650151123,-0.12628679632150683,0.008770763964236282,0.005576200906121615,0.004658422440273193,-0.0010976674916882707,0.001061116065724091,0.01128038420547478,0.011323749195326483,-0.003025134324597055,0.003265404949922301,0.015572878122960798,-0.06935348150891764,-0.0038359996610208376,-0.009771793854520868,-0.008894752460668733,-0.002298540005063637,0.00017405528007958385,0.00018235048415890032,-0.06219391776511934,-0.21729636512867406
125636180,kubernetes/kubernetes,train,-0.0035311376666148342,-0.12745553355609807,-0.011919719644220618,-0.0030849437123874075,-0.012676636743478447,0.004298422620116321,0.0006109308102489257,-0.005649492188649345,-0.014345471240641647,-0.00741282656803171,0.0015344029505038033,0.015572878122960798,-0.06935348150891764,0.016123186075228207,-0.009771793854520868,-0.008894752460668733,-0.002298540005063637,0.00017405528007958385,0.00018235048415890032,-0.06219391776511934,-0.3000920205711158
125643604,kubernetes/kubernetes,train,-0.0035330340566072423,-0.1286242707906893,-0.011866393655539029,-0.0031035698298465665,0.006039622659986339,-0.0022793327472482084,0.0001699859865338954,-0.005511850917152401,-0.014345471240641647,-0.026268716464038378,-0.012147345361688112,0.015572878122960798,-0.06935348150891764,-0.0038359996610208376,0.03361497085955178,-0.008894752460668733,-0.002298540005063637,0.00017405528007958385,0.00018235048415890032,-0.06219391776511934,-0.2985028130709697
125649052,kubernetes/kubernetes,train,-0.0035326184094856185,-0.12979300802528054,-0.011919719644220618,-0.0031035698298465665,0.006039622659986339,-0.0022793327472482084,0.0001699859865338954,-0.005649492188649345,-0.014345471240641647,-0.00741282656803171,0.0015344029505038033,0.015572878122960798,-0.06935348150891764,0.016123186075228207,0.03361497085955178,-0.008894752460668733,-0.002298540005063637,0.00017405528007958385,0.00018235048415890032,-0.06219391776511934,-0.2473652779741703
129613920,kubernetes/kubernetes,train,0.005483205572465718,-0.132130482494463,0.00802420012269402,0.004365503271276268,0.006039622659986339,-0.005908026011154029,0.00061261266145296,0.008389917504038955,0.002339522042737637,-0.008049849875329225,0.0032290493305512772,0.01926338335218773,-0.07022799175447422,-0.0038359996610208376,-0.009771793854520868,-0.008894752460668733,-0.002298540005063637,0.00017405528007958385,0.00018235048415890032,-0.06219391776511934,-0.24520793160018448
129616500,kubernetes/kubernetes,train,-0.0035348636461693906,-0.13329921972905423,-0.011813067666857439,-0.0031035698298465665,0.006039622659986339,-0.0022793327472482084,0.0001699859865338954,-0.005511850917152401,-0.014345471240641647,-0.026268716464038378,-0.012147345361688112,0.01926338335218773,-0.07022799175447422,-0.0038359996610208376,0.03361497085955178,-0.008894752460668733,-0.002298540005063637,0.00017405528007958385,0.00018235048415890032,-0.06219391776511934,-0.30031027062654486
129622209,kubernetes/kubernetes,train,-0.0035314976467112403,-0.13446795696364547,-0.01175974167817585,-0.0030849437123874075,-0.012676636743478447,-0.00439480321822599,-0.009114498087819115,-0.0053742096456554575,-0.014345471240641647,-0.026268716464038378,-0.006686023790085519,0.01926338335218773,-0.07022799175447422,-0.0038359996610208376,-0.009771793854520868,-0.008894752460668733,-0.002298540005063637,0.00017405528007958385,0.00018235048415890032,-0.06219391776511934,-0.36930770557530596
129714744,kubernetes/kubernetes,train,-0.003342530362908018,-0.1356366941982367,-0.01170641568949426,-0.002991813125091612,-0.012676636743478447,-0.0038340097958412755,-0.009083045032838168,-0.005098927102661569,-0.014345471240641647,-0.026268716464038378,0.00014062817441772363,0.01983115338745341,-0.07022799175447422,-0.0038359996610208376,-0.009771793854520868,-0.008894752460668733,-0.002298540005063637,0.00017405528007958385,0.00018235048415890032,-0.06219391776511934,-0.3618790679299881
133777858,kubernetes/kubernetes,train,0.005184997318375733,-0.14031164313660166,-0.0010412179531762698,0.0012363155381375241,0.007486127129821331,-0.013136942536479752,-0.00567953393801024,0.003985396816136743,0.00490644408633445,0.004363004284011076,0.0018272127774126435,0.028347703916438625,-0.07324203161506687,-0.0038359996610208376,-0.009771793854520868,-0.008894752460668733,-0.002298540005063637,0.00017405528007958385,0.00018235048415890032,-0.06219391776511934,-0.26271276529482157
134607215,kubernetes/kubernetes,train,-0.0013666738364341113,-0.14148038037119287,-0.008880138289369992,-0.001632106550572991,0.0018276052524426663,-0.003041584302069445,-0.00023727306379019275,-0.001520254043741022,-0.011778549197044835,-0.01673884778686744,0.0022245535109502936,0.02863158893407147,-0.07596808844608316,-0.0038359996610208376,-0.009771793854520868,-0.008894752460668733,-0.002298540005063637,0.00017405528007958385,0.00018235048415890032,-0.06219391776511934,-0.31659874617185657
134624427,kubernetes/kubernetes,train,-0.0035112237161270383,-0.1426491176057841,-0.011919719644220618,-0.0031035698298465665,0.006039622659986339,-0.0022793327472482084,0.0001699859865338954,-0.005649492188649345,-0.014345471240641647,-0.00741282656803171,0.0015344029505038033,0.028915473951704303,-0.07596808844608316,0.016123186075228207,0.03361497085955178,-0.008894752460668733,-0.002298540005063637,0.00017405528007958385,0.00018235048415890032,-0.06219391776511934,-0.2534720039697373
134624945,kubernetes/kubernetes,train,-0.003539209385271367,-0.14381785484037535,-0.011919719644220618,-0.0031035698298465665,0.006039622659986339,-0.0022793327472482084,0.0001699859865338954,-0.005649492188649345,-0.014345471240641647,-0.00741282656803171,0.0015344029505038033,0.028915473951704303,-0.07596808844608316,0.016123186075228207,0.03361497085955178,-0.008894752460668733,-0.002298540005063637,0.00017405528007958385,0.00018235048415890032,-0.06219391776511934,-0.25466872687347286
137446153,kubernetes/kubernetes,train,0.00552050990163145,-0.14498659207496659,0.0033848391073956962,0.0024283870555237117,0.010471547452032019,-0.0075530652169487405,-0.0007713461323639601,0.004673603173621463,0.002339522042737637,-0.001491057903393922,-0.001243731213505931,0.031186554092767035,-0.07938436419993485,-0.0038359996610208376,-0.009771793854520868,-0.008894752460668733,-0.002298540005063637,0.00017405528007958385,0.00018235048415890032,-0.06219391776511934,-0.2620637918975599
137446434,kubernetes/kubernetes,train,-0.003539394942022092,-0.14615532930955782,-0.011919719644220618,-0.0031035698298465665,0.006039622659986339,-0.0022793327472482084,0.0001699859865338954,-0.005649492188649345,-0.014345471240641647,-0.00741282656803171,0.0015344029505038033,0.031186554092767035,-0.07938436419993485,0.016123186075228207,0.03361497085955178,-0.008894752460668733,-0.002298540005063637,0.00017405528007958385,0.00018235048415890032,-0.06219391776511934,-0.258151582512195
137446444,kubernetes/kubernetes,train,-0.003539936767734209,-0.14732406654414903,-0.011919719644220618,-0.0031035698298465665,0.006039622659986339,-0.0022793327472482084,0.0001699859865338954,-0.005649492188649345,-0.014345471240641647,-0.00741282656803171,0.0015344029505038033,0.031186554092767035,-0.07938436419993485,0.016123186075228207,0.03361497085955178,-0.008894752460668733,-0.002298540005063637,0.00017405528007958385,0.00018235048415890032,-0.06219391776511934,-0.25932086157249834
137446709,kubernetes/kubernetes,train,-0.003539487720397455,-0.14849280377874027,-0.011919719644220618,-0.0031035698298465665,0.006039622659986339,-0.0022793327472482084,0.0001699859865338954,-0.005649492188649345,-0.014345471240641647,-0.00741282656803171,0.0015344029505038033,0.031186554092767035,-0.07938436419993485,0.016123186075228207,0.03361497085955178,-0.008894752460668733,-0.002298540005063637,0.00017405528007958385,0.00018235048415890032,-0.06219391776511934,-0.2604891497597528
142006393,kubernetes/kubernetes,train,0.005386218769996828,-0.15199901548251402,0.003224861141350926,0.002949918344380169,0.008124677700517955,-0.0030410621984122235,0.00031882006822885577,0.007701711146554233,0.008756827151729669,0.0002577221219013608,0.003140509037692389,0.025224968722477377,-0.08278262370737904,-0.0038359996610208376,-0.009771793854520868,-0.008894752460668733,-0.002298540005063637,0.00017405528007958385,0.00018235048415890032,-0.06219391776511934,-0.2593750651656304
142007294,kubernetes/kubernetes,train,-0.003539454320182324,-0.15316775271710525,-0.011919719644220618,-0.0031035698298465665,0.006039622659986339,-0.0022793327472482084,0.0001699859865338954,-0.005649492188649345,-0.014345471240641647,-0.00741282656803171,0.0015344029505038033,0.025224968722477377,-0.08278262370737904,0.016123186075228207,0.03361497085955178,-0.008894752460668733,-0.002298540005063637,0.00017405528007958385,0.00018235048415890032,-0.06219391776511934,-0.27452391017563654
142009935,kubernetes/kubernetes,train,-0.0035364149006054503,-0.15433648995169647,-0.011919719644220618,-0.0031035698298465665,0.006039622659986339,-0.0022793327472482084,0.0001699859865338954,-0.005649492188649345,-0.014345471240641647,-0.00741282656803171,0.0015344029505038033,0.025224968722477377,-0.08278262370737904,0.016123186075228207,0.03361497085955178,-0.008894752460668733,-0.002298540005063637,0.00017405528007958385,0.00018235048415890032,-0.06219391776511934,-0.2756896079906509
142028094,kubernetes/kubernetes,train,-0.0035145637376400862,-0.1555052271862877,-0.011813067666857439,-0.0030849437123874075,0.04461511914040995,-0.0022793327472482084,0.0001699859865338954,-0.0053742096456554575,-0.014345471240641647,-0.026268716464038378,-0.003955363004284222,0.025224968722477377,-0.08278262370737904,-0.0038359996610208376,-0.009771793854520868,-0.008894752460668733,-0.002298540005063637,0.00017405528007958385,0.00018235048415890032,-0.06219391776511934,-0.32555204324515336
146625039,kubernetes/kubernetes,train,0.005737058340862422,-0.15901143889006142,0.012343605205902808,0.005240930791856749,0.004843386819228494,-0.0016638991009082218,0.0016242583480070038,0.009766330219008395,0.015174132260721703,0.0030866825861756864,0.0031203492296932056,0.025224968722477377,-0.08833920123801733,-0.0038359996610208376,-0.009771793854520868,-0.008894752460668733,-0.002298540005063637,0.00017405528007958385,0.00018235048415890032,-0.06219391776511934,-0.24949143468720808
146834793,kubernetes/kubernetes,train,-0.003186232200637422,-0.16018017612465263,-0.01133313376872313,-0.0028986825377958153,0.008156729032480969,-0.006078253882210952,0.0010009301672748033,-0.004548362016673793,-0.014345471240641647,-0.026268716464038378,-0.00023173466000972565,0.025224968722477377,-0.091660272991431,-0.0038359996610208376,-0.009771793854520868,-0.008894752460668733,-0.002298540005063637,0.00017405528007958385,0.00018235048415890032,-0.06219391776511934,-0.37298700594673634
146839948,kubernetes/kubernetes,train,-0.0035325998538105466,-0.16134891335924387,-0.011919719644220618,-0.0031035698298465665,0.006039622659986339,-0.0022793327472482084,0.0001699859865338954,-0.005649492188649345,-0.014345471240641647,-0.00741282656803171,0.0015344029505038033,0.025792738757743062,-0.091660272991431,0.016123186075228207,0.03361497085955178,-0.008894752460668733,-0.002298540005063637,0.00017405528007958385,0.00018235048415890032,-0.06219391776511934,-0.2910080956001896
146845361,kubernetes/kubernetes,train,-0.003529044586466657,-0.1625176505938351,-0.011866393655539029,-0.0030849437123874075,-0.012676636743478447,0.005029372618325278,0.0014286712403054102,-0.005511850917152401,-0.014345471240641647,-0.026268716464038378,-0.012147345361688112,0.025792738757743062,-0.091660272991431,-0.0038359996610208376,-0.009771793854520868,-0.008894752460668733,-0.002298540005063637,0.00017405528007958385,0.00018235048415890032,-0.06219391776511934,-0.39799614163243935
151435050,kubernetes/kubernetes,train,0.006711145926062806,-0.16719259953220003,-0.0025876716249423784,0.0014039505952699565,0.009340442997024122,-0.013488405057391465,-0.006006095817592364,0.0054994508026031275,0.015174132260721703,0.014321464938726757,0.002645034209395486,0.012166257911366711,-0.0956638535394338,-0.0038359996610208376,-0.009771793854520868,-0.008894752460668733,-0.002298540005063637,0.00017405528007958385,0.00018235048415890032,-0.06219391776511934,-0.3043153439125442
151445084,kubernetes/kubernetes,train,-0.003524012287386998,-0.16836133676679127,-0.011919719644220618,-0.0031035698298465665,0.006039622659986339,-0.0022793327472482084,0.0001699859865338954,-0.005649492188649345,-0.014345471240641647,-0.00741282656803171,0.0015344029505038033,0.012166257911366711,-0.0956638535394338,0.016123186075228207,0.03361497085955178,-0.008894752460668733,-0.002298540005063637,0.00017405528007958385,0.00018235048415890032,-0.06219391776511934,-0.3156419928356926
151451712,kubernetes/kubernetes,train,-0.0035274302427353507,-0.1695300740013825,-0.011919719644220618,-0.0031035698298465665,0.006039622659986339,-0.0022793327472482084,0.0001699859865338954,-0.005649492188649345,-0.014345471240641647,-0.00741282656803171,0.0015344029505038033,0.012166257911366711,-0.0956638535394338,0.016123186075228207,0.03361497085955178,-0.008894752460668733,-0.002298540005063637,0.00017405528007958385,0.00018235048415890032,-0.06219391776511934,-0.31681414802563224
151633234,kubernetes/kubernetes,train,-0.0032317715384003265,-0.17069881123597372,-0.0114931117347679,-0.002954560890173293,-0.005515167257992398,-0.0033368701765024078,-0.00023113552562822496,-0.0048236445596676805,-0.011778549197044835,0.021380626921816345,0.00014062817441772363,0.012734027946632394,-0.0956638535394338,-0.0038359996610208376,-0.009771793854520868,-0.008894752460668733,-0.002298540005063637,0.00017405528007958385,0.00018235048415890032,-0.06219391776511934,-0.362110790594873
155777868,kubernetes/kubernetes,train,0.005133330896703894,-0.17186754847056496,0.004451358881027495,0.003955728687174765,0.004858570862144385,-0.002493067420879929,0.00045557163337541537,0.006187657160087848,0.00490644408633445,-0.0013359205063236937,0.0027956843456284322,0.009895177770303989,-0.09731256749110848,-0.0038359996610208376,-0.009771793854520868,-0.008894752460668733,-0.002298540005063637,0.00017405528007958385,0.00018235048415890032,-0.06219391776511934,-0.31700817754825134
155813961,kubernetes/kubernetes,train,-0.0034231584822330017,-0.1730362857051562,-0.011866393655539029,-0.00302906536000993,0.015969241198465753,0.003470199415056336,-0.0003156327051051008,-0.005511850917152401,-0.014345471240641647,-0.026268716464038378,-0.012147345361688112,0.009895177770303989,-0.09731256749110848,-0.0038359996610208376,-0.009771793854520868,-0.008894752460668733,-0.002298540005063637,0.00017405528007958385,0.00018235048415890032,-0.06219391776511934,-0.4045604669810012
155816403,kubernetes/kubernetes,train,-0.0035351790926456228,-0.17420502293974746,-0.011919719644220618,-0.0031035698298465665,0.006039622659986339,-0.0022793327472482084,0.0001699859865338954,-0.005649492188649345,-0.014345471240641647,-0.00741282656803171,0.0015344029505038033,0.009895177770303989,-0.09731256749110848,0.016123186075228207,0.03361497085955178,-0.008894752460668733,-0.002298540005063637,0.00017405528007958385,0.00018235048415890032,-0.06219391776511934,-0.3254166399066448
155824760,kubernetes/kubernetes,train,-0.003526754816162712,-0.1753737601743387,-0.01175974167817585,-0.0031035698298465665,0.006039622659986339,-0.0022793327472482084,0.0001699859865338954,-0.005511850917152401,-0.014345471240641647,-0.026268716464038378,-0.012147345361688112,0.009895177770303989,-0.09731256749110848,-0.0038359996610208376,0.03361497085955178,-0.008894752460668733,-0.002298540005063637,0.00017405528007958385,0.00018235048415890032,-0.06219391776511934,-0.3787761575716591
159979764,kubernetes/kubernetes,validation,0.005317521949743456,-0.17654249740892988,0.006424420462246323,0.0037135891602056957,0.00501180154854174,-0.005731928704839512,0.0003451739453564153,0.009628688947511451,0.006189905108132858,-0.005663594999884989,0.002950668634224873,0.012734027946632394,-0.10000766162924686,-0.0038359996610208376,-0.009771793854520868,-0.008894752460668733,-0.002298540005063637,0.00017405528007958385,0.00018235048415890032,-0.06219391776511934,-0.32226848302246097
159982712,kubernetes/kubernetes,validation,-0.0035295159006134987,-0.17771123464352115,-0.011919719644220618,-0.0031035698298465665,0.006039622659986339,-0.0022793327472482084,0.0001699859865338954,-0.005649492188649345,-0.014345471240641647,-0.00741282656803171,0.0015344029505038033,0.012734027946632394,-0.10000766162924686,0.016123186075228207,0.03361497085955178,-0.008894752460668733,-0.002298540005063637,0.00017405528007958385,0.00018235048415890032,-0.06219391776511934,-0.3287734323801964
160002003,kubernetes/kubernetes,validation,-0.003487721098080223,-0.1788799718781124,-0.011813067666857439,-0.0030476914774690894,0.006420615217817687,-0.04578897345046132,-0.05542366649944933,-0.0053742096456554575,-0.014345471240641647,-0.026268716464038378,-0.003955363004284222,0.013017912964265233,-0.10000766162924686,-0.0038359996610208376,-0.009771793854520868,-0.008894752460668733,-0.002298540005063637,0.00017405528007958385,0.00018235048415890032,-0.06219391776511934,-0.5155925838543683
160003381,kubernetes/kubernetes,validation,-0.0035348710684394193,-0.18004870911270363,-0.011866393655539029,-0.0030849437123874075,-0.012676636743478447,0.00609871990621918,0.002624989063993419,-0.005511850917152401,-0.014345471240641647,-0.026268716464038378,-0.012147345361688112,0.013017912964265233,-0.10000766162924686,-0.0038359996610208376,-0.009771793854520868,-0.008894752460668733,-0.002298540005063637,0.00017405528007958385,0.00018235048415890032,-0.06219391776511934,-0.4343895759529924
165784293,kubernetes/kubernetes,validation,0.007727176759197044,-0.1858923952856598,0.011170433454907829,0.005855592668009002,0.005785363593325503,-0.00041629045776288065,0.0012620997220716729,0.011693308019965612,0.020307976347915327,0.004363004284011076,0.0032149864494249577,0.008191867664506943,-0.10488861774441872,-0.0038359996610208376,-0.009771793854520868,-0.008894752460668733,-0.002298540005063637,0.00017405528007958385,0.00018235048415890032,-0.06219391776511934,-0.2982640925066613
165788281,kubernetes/kubernetes,validation,-0.0035350009581649267,-0.18706113252025103,-0.011919719644220618,-0.0030849437123874075,0.04461511914040995,-0.0022793327472482084,0.0001699859865338954,-0.005649492188649345,-0.014345471240641647,-0.00741282656803171,0.0015344029505038033,0.008191867664506943,-0.10488861774441872,0.016123186075228207,-0.009771793854520868,-0.008894752460668733,-0.002298540005063637,0.00017405528007958385,0.00018235048415890032,-0.06219391776511934,-0.3523445738279649
165818269,kubernetes/kubernetes,validation,-0.0034990771712245863,-0.18822986975484224,-0.01170641568949426,-0.0029359347727141343,5.486456405230654e-05,0.0010621271356376948,-0.0023300468288145054,-0.005236568374158513,-0.014345471240641647,-0.026268716464038378,-0.003955363004284222,0.008191867664506943,-0.10488861774441872,-0.0038359996610208376,-0.009771793854520868,-0.008894752460668733,-0.002298540005063637,0.00017405528007958385,0.00018235048415890032,-0.06219391776511934,-0.4407258196625893
165829199,kubernetes/kubernetes,validation,-0.003526814194322944,-0.18939860698943348,-0.011866393655539029,-0.0031035698298465665,0.006039622659986339,-0.0022793327472482084,0.0001699859865338954,-0.005511850917152401,-0.014345471240641647,-0.026268716464038378,-0.012147345361688112,0.008191867664506943,-0.10488861774441872,-0.0038359996610208376,0.03361497085955178,-0.008894752460668733,-0.002298540005063637,0.00017405528007958385,0.00018235048415890032,-0.06219391776511934,-0.4021870761013845
169974073,kubernetes/kubernetes,validation,0.00514325447173266,-0.1929048186932072,0.003864773005530006,0.00293129222692101,0.00907301132355326,-0.0025955037637979176,-0.0006286422764344283,0.008665200047032843,0.011323749195326483,0.0012212893354931935,0.0032956484066611145,0.008191867664506943,-0.10577343905283178,-0.0038359996610208376,-0.009771793854520868,-0.008894752460668733,-0.002298540005063637,0.00017405528007958385,0.00018235048415890032,-0.06219391776511934,-0.33483091609166876
170265603,kubernetes/kubernetes,validation,-0.003107192447098644,-0.1940735559277984,-0.01085319987058882,-0.002544786306071791,0.006420615217817687,0.001980544112853463,0.001866062239302351,-0.003997796930686016,-0.011778549197044835,-0.0024440447711110225,0.001779024645898502,0.007624097629241263,-0.10577343905283178,-0.0038359996610208376,-0.009771793854520868,-0.008894752460668733,-0.002298540005063637,0.00017405528007958385,0.00018235048415890032,-0.06219391776511934,-0.401540818640273
170275415,kubernetes/kubernetes,validation,-0.00349886563652876,-0.19524229316238964,-0.011866393655539029,-0.0030849437123874075,0.04461511914040995,-0.0022793327472482084,0.0001699859865338954,-0.005511850917152401,-0.014345471240641647,-0.026268716464038378,-0.012147345361688112,0.007907982646874104,-0.10577343905283178,-0.0038359996610208376,-0.009771793854520868,-0.008894752460668733,-0.002298540005063637,0.00017405528007958385,0.00018235048415890032,-0.06219391776511934,-0.41396416215878235
170278324,kubernetes/kubernetes,validation,-0.00352913736484202,-0.19641103039698088,-0.011919719644220618,-0.0031035698298465665,0.006039622659986339,-0.0022793327472482084,0.0001699859865338954,-0.005649492188649345,-0.014345471240641647,-0.00741282656803171,0.0015344029505038033,0.007907982646874104,-0.10577343905283178,0.016123186075228207,0.03361497085955178,-0.008894752460668733,-0.002298540005063637,0.00017405528007958385,0.00018235048415890032,-0.06219391776511934,-0.35806467232122785
174563931,kubernetes/kubernetes,validation,0.005276042593686413,-0.19757976763157212,0.007650918201922891,0.004700773385541133,0.006602927885705953,-0.0023844196783353567,0.0009308871582905681,0.010316895304996172,0.02287489839151214,0.009468291075352667,0.00307590250683901,0.010462947805569668,-0.10820090162096924,-0.0038359996610208376,-0.009771793854520868,-0.008894752460668733,-0.002298540005063637,0.00017405528007958385,0.00018235048415890032,-0.06219391776511934,-0.3134432026036151
174658124,kubernetes/kubernetes,validation,-0.0034007580712854912,-0.19874850486616336,-0.011599763712131079,-0.0029359347727141343,0.019152116525348442,-0.0021044490675045696,-0.0034787463262387327,-0.004961285831164625,-0.013062010218843243,0.0023208895674744602,-0.0012247022184829247,0.009895177770303989,-0.10820090162096924,-0.0038359996610208376,-0.009771793854520868,-0.008894752460668733,-0.002298540005063637,0.00017405528007958385,0.00018235048415890032,-0.06219391776511934,-0.4049874708245254
174660375,kubernetes/kubernetes,validation,-0.003530785108788457,-0.19991724210075457,-0.011866393655539029,-0.0031035698298465665,0.006039622659986339,-0.0022793327472482084,0.0001699859865338954,-0.005511850917152401,-0.014345471240641647,-0.026268716464038378,-0.012147345361688112,0.009895177770303989,-0.10820090162096924,-0.0038359996610208376,0.03361497085955178,-0.008894752460668733,-0.002298540005063637,0.00017405528007958385,0.00018235048415890032,-0.06219391776511934,-0.41431865589792466
174668094,kubernetes/kubernetes,validation,-0.00351497938476171,-0.2010859793353458,-0.011919719644220618,-0.0030849437123874075,-0.012676636743478447,0.0027877792607169244,-0.0010790810283229555,-0.005649492188649345,-0.014345471240641647,-0.00741282656803171,0.0015344029505038033,0.009895177770303989,-0.10820090162096924,0.016123186075228207,-0.009771793854520868,-0.008894752460668733,-0.002298540005063637,0.00017405528007958385,0.00018235048415890032,-0.06219391776511934,-0.4214320837311901
181359779,kubernetes/kubernetes,validation,0.009628573072740064,-0.20459219103911955,0.01948928768923586,0.009431807220167567,0.0068178834606975455,-0.00018004458273119622,0.0013849041095523153,0.013620285820922829,0.019024515326116924,0.00027877485093782484,0.0030961396361296536,0.007056327593975582,-0.10958023384437204,-0.0038359996610208376,-0.009771793854520868,-0.008894752460668733,-0.002298540005063637,0.00017405528007958385,0.00018235048415890032,-0.06219391776511934,-0.31116256866790154
181359964,kubernetes/kubernetes,validation,-0.0035393986531571065,-0.20576092827371076,-0.011919719644220618,-0.0031035698298465665,0.006039622659986339,-0.0022793327472482084,0.0001699859865338954,-0.005649492188649345,-0.014345471240641647,-0.00741282656803171,0.0015344029505038033,0.007056327593975582,-0.10958023384437204,0.016123186075228207,0.03361497085955178,-0.008894752460668733,-0.002298540005063637,0.00017405528007958385,0.00018235048415890032,-0.06219391776511934,-0.3720832813307116
181360153,kubernetes/kubernetes,validation,-0.0035393578306719474,-0.206929665508302,-0.011919719644220618,-0.0031035698298465665,0.006039622659986339,-0.0022793327472482084,0.0001699859865338954,-0.005649492188649345,-0.014345471240641647,-0.00741282656803171,0.0015344029505038033,0.007056327593975582,-0.10958023384437204,0.016123186075228207,0.03361497085955178,-0.008894752460668733,-0.002298540005063637,0.00017405528007958385,0.00018235048415890032,-0.06219391776511934,-0.3732519777428177
181442196,kubernetes/kubernetes,validation,-0.003437910243915631,-0.20809840274289323,-0.0114931117347679,-0.0030104392425507704,0.02169841678685459,-0.0012978152591808412,-0.005649784671422945,-0.0048236445596676805,-0.013062010218843243,-0.0024440447711110225,0.00014062817441772363,0.007056327593975582,-0.10958023384437204,-0.0038359996610208376,-0.009771793854520868,-0.008894752460668733,-0.002298540005063637,0.00017405528007958385,0.00018235048415890032,-0.06219391776511934,-0.42064062271563235
186527464,kubernetes/kubernetes,validation,0.005588920964488706,-0.21160461444666692,0.018102811983514523,0.004272372683980471,0.006854643671483507,-0.003919372070516569,0.0015772396382594436,0.009491047676014507,0.0010560610209392304,-0.010674385901395023,0.0028106615004987435,0.0039335924000143355,-0.1106940944630856,-0.0038359996610208376,-0.009771793854520868,-0.008894752460668733,-0.002298540005063637,0.00017405528007958385,0.00018235048415890032,-0.06219391776511934,-0.3698437133246256
186532670,kubernetes/kubernetes,validation,-0.003524246088892911,-0.21277335168125816,-0.011866393655539029,-0.0031035698298465665,0.006039622659986339,-0.0022793327472482084,0.0001699859865338954,-0.005511850917152401,-0.014345471240641647,-0.026268716464038378,-0.012147345361688112,0.0039335924000143355,-0.1106940944630856,-0.0038359996610208376,0.03361497085955178,-0.008894752460668733,-0.002298540005063637,0.00017405528007958385,0.00018235048415890032,-0.06219391776511934,-0.4356230046709387
186534409,kubernetes/kubernetes,validation,-0.0035341770861917077,-0.2139420889158494,-0.011919719644220618,-0.0031035698298465665,0.006039622659986339,-0.0022793327472482084,0.0001699859865338954,-0.005649492188649345,-0.014345471240641647,-0.00741282656803171,0.0015344029505038033,0.0039335924000143355,-0.1106940944630856,0.016123186075228207,0.03361497085955178,-0.008894752460668733,-0.002298540005063637,0.00017405528007958385,0.00018235048415890032,-0.06219391776511934,-0.38449581621855966
190042097,kubernetes/kubernetes,validation,0.0027975350963088423,-0.21861703785421432,-0.005200645070340286,-0.0001233910363810967,0.011672359507174124,-0.009386510043860097,-0.003989314914869746,0.002058419015179525,-0.005361244088052802,-0.008400212694342853,0.0013759271013278345,0.008759637699772624,-0.1138031056102919,-0.0038359996610208376,-0.009771793854520868,-0.008894752460668733,-0.002298540005063637,0.00017405528007958385,0.00018235048415890032,-0.06219391776511934,-0.42485618087474514
190042332,kubernetes/kubernetes,validation,-0.0035396510103380924,-0.21978577508880556,-0.011919719644220618,-0.0031035698298465665,0.006039622659986339,-0.0022793327472482084,0.0001699859865338954,-0.005649492188649345,-0.014345471240641647,-0.00741282656803171,0.0015344029505038033,0.008759637699772624,-0.1138031056102919,0.016123186075228207,0.03361497085955178,-0.008894752460668733,-0.002298540005063637,0.00017405528007958385,0.00018235048415890032,-0.06219391776511934,-0.38862794216311025
190045272,kubernetes/kubernetes,validation,-0.00353615883228945,-0.2209545123233968,-0.011919719644220618,-0.0031035698298465665,0.006039622659986339,-0.0022793327472482084,0.0001699859865338954,-0.005649492188649345,-0.014345471240641647,-0.00741282656803171,0.0015344029505038033,0.008759637699772624,-0.1138031056102919,0.016123186075228207,0.03361497085955178,-0.008894752460668733,-0.002298540005063637,0.00017405528007958385,0.00018235048415890032,-0.06219391776511934,-0.38979318721965284
190303378,kubernetes/kubernetes,validation,-0.0032014626987369216,-0.22212324955798804,-0.011386459757404719,-0.0028986825377958153,0.01857341192046068,-0.01602998950350405,0.0003489861414188927,-0.004548362016673793,-0.014345471240641647,-0.026268716464038378,0.0009598264101581125,0.006488557558709899,-0.1138031056102919,-0.0038359996610208376,-0.009771793854520868,-0.008894752460668733,-0.002298540005063637,0.00017405528007958385,0.00018235048415890032,-0.06219391776511934,-0.4748733153384826
194998161,kubernetes/kubernetes,validation,0.007674552864691464,-0.22329198679257925,0.0010384956054057383,0.003024422814216806,0.0076976351058070935,-0.005875137223148604,-0.00039664187143274057,0.006187657160087848,-0.001510861022657583,-0.009646852492228596,0.0029555686141017772,0.005636902505811379,-0.12070377687085967,-0.0038359996610208376,-0.009771793854520868,-0.008894752460668733,-0.002298540005063637,0.00017405528007958385,0.00018235048415890032,-0.06219391776511934,-0.4138486195849393
195004244,kubernetes/kubernetes,validation,-0.003532317807549445,-0.2244607240271705,-0.011813067666857439,-0.0030849437123874075,-0.012676636743478447,-0.004662861211893855,-0.00941438434482595,-0.005511850917152401,-0.014345471240641647,-0.026268716464038378,-0.012147345361688112,0.005636902505811379,-0.12070377687085967,-0.0038359996610208376,-0.009771793854520868,-0.008894752460668733,-0.002298540005063637,0.00017405528007958385,0.00018235048415890032,-0.06219391776511934,-0.5296237918448867
195009621,kubernetes/kubernetes,validation,-0.0035316683589219073,-0.22562946126176173,-0.011919719644220618,-0.0031035698298465665,0.006039622659986339,-0.0022793327472482084,0.0001699859865338954,-0.005649492188649345,-0.014345471240641647,-0.00741282656803171,0.0015344029505038033,0.005636902505811379,-0.12070377687085967,0.016123186075228207,0.03361497085955178,-0.008894752460668733,-0.002298540005063637,0.00017405528007958385,0.00018235048415890032,-0.06219391776511934,-0.40448705213917924
195009966,kubernetes/kubernetes,validation,-0.0035394023642921213,-0.226798198496353,-0.011919719644220618,-0.0031035698298465665,0.006039622659986339,-0.0022793327472482084,0.0001699859865338954,-0.005649492188649345,-0.014345471240641647,-0.00741282656803171,0.0015344029505038033,0.005636902505811379,-0.12070377687085967,0.016123186075228207,0.03361497085955178,-0.008894752460668733,-0.002298540005063637,0.00017405528007958385,0.00018235048415890032,-0.06219391776511934,-0.4056635233791407
200050412,kubernetes/kubernetes,validation,0.005579398192041504,-0.22913567296553544,0.004824640801798625,0.003061675049135124,0.0058436589652105485,-0.0019897932728635288,0.0004999286307826785,0.007151146060566457,0.010040288173528075,0.0029357198047112922,0.0030365200268757876,0.0036497073823814935,-0.12070377687085967,-0.0038359996610208376,-0.009771793854520868,-0.008894752460668733,-0.002298540005063637,0.00017405528007958385,0.00018235048415890032,-0.06219391776511934,-0.39184515800438197
200050943,kubernetes/kubernetes,validation,-0.003539328141591831,-0.23030441020012668,-0.011919719644220618,-0.0031035698298465665,0.006039622659986339,-0.0022793327472482084,0.0001699859865338954,-0.005649492188649345,-0.014345471240641647,-0.00741282656803171,0.0015344029505038033,0.0036497073823814935,-0.12070377687085967,0.016123186075228207,0.03361497085955178,-0.008894752460668733,-0.002298540005063637,0.00017405528007958385,0.00018235048415890032,-0.06219391776511934,-0.41115685598364404
200050980,kubernetes/kubernetes,validation,-0.0035399182120591363,-0.23147314743471792,-0.011919719644220618,-0.0031035698298465665,0.006039622659986339,-0.0022793327472482084,0.0001699859865338954,-0.005649492188649345,-0.014345471240641647,-0.00741282656803171,0.0015344029505038033,0.0036497073823814935,-0.12070377687085967,0.016123186075228207,0.03361497085955178,-0.008894752460668733,-0.002298540005063637,0.00017405528007958385,0.00018235048415890032,-0.06219391776511934,-0.4123261832887025
200066707,kubernetes/kubernetes,validation,-0.003524487312668854,-0.23264188466930916,-0.011866393655539029,-0.0031035698298465665,0.006039622659986339,-0.0022793327472482084,0.0001699859865338954,-0.005511850917152401,-0.014345471240641647,-0.026268716464038378,-0.012147345361688112,0.0036497073823814935,-0.12070377687085967,-0.0038359996610208376,0.03361497085955178,-0.008894752460668733,-0.002298540005063637,0.00017405528007958385,0.00018235048415890032,-0.06219391776511934,-0.46578534630817253
205164533,kubernetes/kubernetes,validation,0.004996464237369207,-0.23731683360767408,0.012770213115355528,0.004980165147428521,0.004088462328534978,-0.003052679594366208,0.0005503305426624119,0.011005101662480891,0.013890671238923296,-0.00027816552629943836,0.0034935021630311965,0.0002430871707874063,-0.12509612926024063,-0.0038359996610208376,-0.009771793854520868,-0.008894752460668733,-0.002298540005063637,0.00017405528007958385,0.00018235048415890032,-0.06219391776511934,-0.39636440836416187
205171531,kubernetes/kubernetes,validation,-0.0035260348559698995,-0.23848557084226532,-0.011919719644220618,-0.0030849437123874075,-0.012676636743478447,0.00612496968438836,0.002654355648495161,-0.005649492188649345,-0.014345471240641647,-0.00741282656803171,0.0015344029505038033,0.0002430871707874063,-0.12509612926024063,0.016123186075228207,-0.009771793854520868,-0.008894752460668733,-0.002298540005063637,0.00017405528007958385,0.00018235048415890032,-0.06219391776511934,-0.47831942184761633
205178168,kubernetes/kubernetes,validation,-0.0035226317451616048,-0.23965430807685653,-0.011866393655539029,-0.0030849437123874075,-0.012676636743478447,0.004126478729548984,0.00041857090688666656,-0.005511850917152401,-0.014345471240641647,-0.026268716464038378,-0.012147345361688112,0.0002430871707874063,-0.12509612926024063,-0.0038359996610208376,-0.009771793854520868,-0.008894752460668733,-0.002298540005063637,0.00017405528007958385,0.00018235048415890032,-0.06219391776511934,-0.536024888352116
205181589,kubernetes/kubernetes,validation,-0.0035318539156726325,-0.24082304531144777,-0.011919719644220618,-0.0031035698298465665,0.006039622659986339,-0.0022793327472482084,0.0001699859865338954,-0.005649492188649345,-0.014345471240641647,-0.00741282656803171,0.0015344029505038033,0.0002430871707874063,-0.12509612926024063,0.016123186075228207,0.03361497085955178,-0.008894752460668733,-0.002298540005063637,0.00017405528007958385,0.00018235048415890032,-0.06219391776511934,-0.42946698947002093
214087468,kubernetes/kubernetes,validation,0.00991103869209855,-0.24432925701522148,0.010690499556773519,0.0047193995030002924,0.010649292437818971,-0.004687486435298674,-0.0003924616180777863,0.01128038420547478,0.019024515326116924,0.00394794031723535,0.0031160179929087604,0.004217477417647176,-0.13078880258373202,-0.0038359996610208376,-0.009771793854520868,-0.008894752460668733,-0.002298540005063637,0.00017405528007958385,0.00018235048415890032,-0.06219391776511934,-0.38928004018541057
214087582,kubernetes/kubernetes,validation,-0.0035396213212579766,-0.2454979942498127,-0.011919719644220618,-0.0031035698298465665,0.006039622659986339,-0.0022793327472482084,0.0001699859865338954,-0.005649492188649345,-0.014345471240641647,-0.00741282656803171,0.0015344029505038033,0.004217477417647176,-0.13078880258373202,0.016123186075228207,0.03361497085955178,-0.008894752460668733,-0.002298540005063637,0.00017405528007958385,0.00018235048415890032,-0.06219391776511934,-0.43586798889060285
214087590,kubernetes/kubernetes,validation,-0.0035399404788692235,-0.24666673148440393,-0.011919719644220618,-0.0031035698298465665,0.006039622659986339,-0.0022793327472482084,0.0001699859865338954,-0.005649492188649345,-0.014345471240641647,-0.00741282656803171,0.0015344029505038033,0.004217477417647176,-0.13078880258373202,0.016123186075228207,0.03361497085955178,-0.008894752460668733,-0.002298540005063637,0.00017405528007958385,0.00018235048415890032,-0.06219391776511934,-0.4370370452828054
214300334,kubernetes/kubernetes,validation,-0.003334655334407254,-0.24783546871899517,-0.01175974167817585,-0.0030104392425507704,0.02169841678685459,0.006000753851637593,0.0025153908646627136,-0.005236568374158513,-0.014345471240641647,-0.026268716464038378,-0.0012247022184829247,0.004501362435280014,-0.13078880258373202,-0.0038359996610208376,-0.009771793854520868,-0.008894752460668733,-0.002298540005063637,0.00017405528007958385,0.00018235048415890032,-0.06219391776511934,-0.4957272398989026
218918759,kubernetes/kubernetes,validation,0.0035150978959020826,-0.2490042059535864,0.0028515792205797965,0.0018882296492080957,0.001218751810449707,-0.0022793327472482084,0.0010861488365435542,0.006187657160087848,0.006189905108132858,0.00032626589085727213,0.0029945137249212457,-0.0017441079526424764,-0.13138626589443625,-0.0038359996610208376,-0.009771793854520868,-0.008894752460668733,-0.002298540005063637,0.00017405528007958385,0.00018235048415890032,-0.06219391776511934,-0.44479436123338584
218919244,kubernetes/kubernetes,validation,-0.0035393615418069617,-0.2501729431881777,-0.011919719644220618,-0.0031035698298465665,0.006039622659986339,-0.0022793327472482084,0.0001699859865338954,-0.005649492188649345,-0.014345471240641647,-0.00741282656803171,0.0015344029505038033,-0.0017441079526424764,-0.13138626589443625,0.016123186075228207,0.03361497085955178,-0.008894752460668733,-0.002298540005063637,0.00017405528007958385,0.00018235048415890032,-0.06219391776511934,-0.4471017267305107
218919439,kubernetes/kubernetes,validation,-0.003539751210983484,-0.2513416804227689,-0.011919719644220618,-0.0031035698298465665,0.006039622659986339,-0.0022793327472482084,0.0001699859865338954,-0.005649492188649345,-0.014345471240641647,-0.00741282656803171,0.0015344029505038033,-0.0017441079526424764,-0.13138626589443625,0.016123186075228207,0.03361497085955178,-0.008894752460668733,-0.002298540005063637,0.00017405528007958385,0.00018235048415890032,-0.06219391776511934,-0.44827085363427843
218920135,kubernetes/kubernetes,validation,-0.003539094340085918,-0.2525104176573601,-0.011919719644220618,-0.0031035698298465665,0.006039622659986339,-0.0022793327472482084,0.0001699859865338954,-0.005649492188649345,-0.014345471240641647,-0.00741282656803171,0.0015344029505038033,-0.0017441079526424764,-0.13138626589443625,0.016123186075228207,0.03361497085955178,-0.008894752460668733,-0.002298540005063637,0.00017405528007958385,0.00018235048415890032,-0.06219391776511934,-0.4494389339979721
226247533,kubernetes/kubernetes,validation,0.007361496359408475,-0.2548478921265426,0.008824089952917872,0.004440007741112904,0.004440159458868454,-0.00100295157968754,0.0009272285225554155,0.009491047676014507,0.021591437369713733,0.010118054848796137,0.0025518929042962473,-0.003731303076072361,-0.13733718361756012,-0.0038359996610208376,-0.009771793854520868,-0.008894752460668733,-0.002298540005063637,0.00017405528007958385,0.00018235048415890032,-0.06219391776511934,-0.41381251354833387
226251309,kubernetes/kubernetes,validation,-0.0035361699656944936,-0.25601662936113384,-0.011866393655539029,-0.0031035698298465665,0.006039622659986339,-0.0022793327472482084,0.0001699859865338954,-0.005511850917152401,-0.014345471240641647,-0.026268716464038378,-0.012147345361688112,-0.003731303076072361,-0.13733718361756012,-0.0038359996610208376,0.03361497085955178,-0.008894752460668733,-0.002298540005063637,0.00017405528007958385,0.00018235048415890032,-0.06219391776511934,-0.5131861908581772
226256128,kubernetes/kubernetes,validation,-0.0035345444885581437,-0.25718536659572505,-0.011919719644220618,-0.0031035698298465665,0.006039622659986339,-0.0022793327472482084,0.0001699859865338954,-0.005649492188649345,-0.014345471240641647,-0.00741282656803171,0.0015344029505038033,-0.003731303076072361,-0.13733718361756012,0.016123186075228207,0.03361497085955178,-0.008894752460668733,-0.002298540005063637,0.00017405528007958385,0.00018235048415890032,-0.06219391776511934,-0.46204744593136304
226260786,kubernetes/kubernetes,validation,-0.003534852512764347,-0.25835410383031626,-0.011919719644220618,-0.0031035698298465665,0.006039622659986339,-0.0022793327472482084,0.0001699859865338954,-0.005649492188649345,-0.014345471240641647,-0.00741282656803171,0.0015344029505038033,-0.003731303076072361,-0.13733718361756012,0.016123186075228207,0.03361497085955178,-0.008894752460668733,-0.002298540005063637,0.00017405528007958385,0.00018235048415890032,-0.06219391776511934,-0.4632164911901604
232684167,kubernetes/kubernetes,validation,0.00516173592410486,-0.26186031553409,0.012823539104037116,0.004887034560132724,0.005485784702229764,-0.0008652644959366382,0.0007137772301083643,0.011005101662480891,0.019024515326116924,0.004447389189653092,0.0027535880642793106,-0.010828428516893376,-0.13733718361756012,-0.0038359996610208376,-0.009771793854520868,-0.008894752460668733,-0.002298540005063637,0.00017405528007958385,0.00018235048415890032,-0.06219391776511934,-0.43122732438349204
232684297,kubernetes/kubernetes,validation,-0.0035397252330383825,-0.2630290527686812,-0.011919719644220618,-0.0031035698298465665,0.006039622659986339,-0.0022793327472482084,0.0001699859865338954,-0.005649492188649345,-0.014345471240641647,-0.00741282656803171,0.0015344029505038033,-0.010828428516893376,-0.13733718361756012,0.016123186075228207,0.03361497085955178,-0.008894752460668733,-0.002298540005063637,0.00017405528007958385,0.00018235048415890032,-0.06219391776511934,-0.4749934382896204
232691011,kubernetes/kubernetes,validation,-0.0035283988489741348,-0.2641977900032724,-0.01175974167817585,-0.0030663175949282484,0.015969241198465753,0.005653894233067433,0.0021273463549783362,-0.0053742096456554575,-0.014345471240641647,-0.026268716464038378,-0.006686023790085519,-0.010828428516893376,-0.13733718361756012,-0.0038359996610208376,-0.009771793854520868,-0.008894752460668733,-0.002298540005063637,0.00017405528007958385,0.00018235048415890032,-0.06219391776511934,-0.5462803975958685
239793305,kubernetes/kubernetes,test,0.005712739273112417,-0.2688727389416374,0.008237504077420382,0.003639084690369059,0.007422957171587374,-0.0020035159595023343,0.0012312511585379701,0.009628688947511451,0.012607210217124888,0.0007755054576629558,0.002936304693214291,-0.013383393675588941,-0.1415982757286576,-0.0038359996610208376,-0.009771793854520868,-0.008894752460668733,-0.002298540005063637,0.00017405528007958385,0.00018235048415890032,-0.06219391776511934,-0.46030527660100046
239793520,kubernetes/kubernetes,test,-0.0035396955439582667,-0.27004147617622865,-0.011919719644220618,-0.0031035698298465665,0.006039622659986339,-0.0022793327472482084,0.0001699859865338954,-0.005649492188649345,-0.014345471240641647,-0.00741282656803171,0.0015344029505038033,-0.013383393675588941,-0.1415982757286576,0.016123186075228207,0.03361497085955178,-0.008894752460668733,-0.002298540005063637,0.00017405528007958385,0.00018235048415890032,-0.06219391776511934,-0.48882188927788084
239794276,kubernetes/kubernetes,test,-0.003539168562786208,-0.27121021341081986,-0.011919719644220618,-0.0031035698298465665,0.006039622659986339,-0.0022793327472482084,0.0001699859865338954,-0.005649492188649345,-0.014345471240641647,-0.00741282656803171,0.0015344029505038033,-0.013383393675588941,-0.1415982757286576,0.016123186075228207,0.03361497085955178,-0.008894752460668733,-0.002298540005063637,0.00017405528007958385,0.00018235048415890032,-0.06219391776511934,-0.4899900995312999
242938306,kubernetes/kubernetes,test,0.0009154663739213275,-0.27354768788000233,-0.005253971059021876,-0.0008311834998291458,0.008455568295660713,-0.0022807966129076165,-0.001550325985831243,0.0016454952006886925,0.0010560610209392304,0.006096875269749732,0.00030446782156580155,-0.012531738622690419,-0.14377257633735827,-0.0038359996610208376,-0.009771793854520868,-0.008894752460668733,-0.002298540005063637,0.00017405528007958385,0.00018235048415890032,-0.06219391776511934,-0.5079329439972704
246021679,kubernetes/kubernetes,test,0.0007219269717802442,-0.27471642511459354,-0.0035475394212109972,0.0002863835477204054,0.00904386411360012,-0.00210527865693116,0.0006375040592726639,0.003297190458652022,0.007473366129931262,0.011117691423324555,0.0017320642374802641,-0.014235048728487461,-0.144579536158247,-0.0038359996610208376,-0.009771793854520868,-0.008894752460668733,-0.002298540005063637,0.00017405528007958385,0.00018235048415890032,-0.06219391776511934,-0.4915124351198636
246030338,kubernetes/kubernetes,test,-0.0035222717650651983,-0.2758851623491848,-0.011919719644220618,-0.0031035698298465665,0.006039622659986339,-0.0022793327472482084,0.0001699859865338954,-0.005649492188649345,-0.014345471240641647,-0.00741282656803171,0.0015344029505038033,-0.014235048728487461,-0.144579536158247,0.016123186075228207,0.03361497085955178,-0.008894752460668733,-0.002298540005063637,0.00017405528007958385,0.00018235048415890032,-0.06219391776511934,-0.49848106715443186
246044335,kubernetes/kubernetes,test,-0.003515621411119218,-0.277053899583776,-0.011866393655539029,-0.0031035698298465665,0.006039622659986339,-0.0022793327472482084,0.0001699859865338954,-0.005511850917152401,-0.014345471240641647,-0.026268716464038378,-0.012147345361688112,-0.014235048728487461,-0.144579536158247,-0.0038359996610208376,0.03361497085955178,-0.008894752460668733,-0.002298540005063637,0.00017405528007958385,0.00018235048415890032,-0.06219391776511934,-0.5519490107193462
246050093,kubernetes/kubernetes,test,-0.0035320209167482844,-0.2782226368183673,-0.011866393655539029,-0.0031035698298465665,0.006039622659986339,-0.0022793327472482084,0.0001699859865338954,-0.005511850917152401,-0.014345471240641647,-0.026268716464038378,-0.012147345361688112,-0.014235048728487461,-0.144579536158247,-0.0038359996610208376,0.03361497085955178,-0.008894752460668733,-0.002298540005063637,0.00017405528007958385,0.00018235048415890032,-0.06219391776511934,-0.5531341474595665
261684284,kubernetes/kubernetes,test,0.01673225700528141,-0.2828975857567322,0.04375261253935929,0.014740250696027935,0.006041859698752316,-0.0010077237719938396,0.0010382916386594899,0.01967650176678837,0.04597719678388346,0.010245182543600302,0.00296544967697079,-0.014518933746120302,-0.14829607415695784,-0.0038359996610208376,-0.009771793854520868,-0.008894752460668733,-0.002298540005063637,0.00017405528007958385,0.00018235048415890032,-0.06219391776511934,-0.37218931306463576
261690420,kubernetes/kubernetes,test,-0.003534915602059593,-0.28406632299132345,-0.011919719644220618,-0.0031035698298465665,0.006039622659986339,-0.0022793327472482084,0.0001699859865338954,-0.005649492188649345,-0.014345471240641647,-0.00741282656803171,0.0015344029505038033,-0.014518933746120302,-0.14829607415695784,0.016123186075228207,0.03361497085955178,-0.008894752460668733,-0.002298540005063637,0.00017405528007958385,0.00018235048415890032,-0.06219391776511934,-0.5106752946499085
261719477,kubernetes/kubernetes,test,-0.003516671662328321,-0.28523506022591466,-0.011866393655539029,-0.0030849437123874075,-0.012676636743478447,-0.003563385941552791,-0.008184361248022895,-0.005511850917152401,-0.014345471240641647,-0.026268716464038378,-0.012147345361688112,-0.014518933746120302,-0.14829607415695784,-0.0038359996610208376,-0.009771793854520868,-0.008894752460668733,-0.002298540005063637,0.00017405528007958385,0.00018235048415890032,-0.06219391776511934,-0.6358544430579772
261726406,kubernetes/kubernetes,test,-0.0035338096838252726,-0.28640379746050587,-0.011919719644220618,-0.0031035698298465665,0.006039622659986339,-0.0022793327472482084,0.0001699859865338954,-0.005649492188649345,-0.014345471240641647,-0.00741282656803171,0.0015344029505038033,-0.014518933746120302,-0.14829607415695784,0.016123186075228207,0.03361497085955178,-0.008894752460668733,-0.002298540005063637,0.00017405528007958385,0.00018235048415890032,-0.06219391776511934,-0.5130116632008566
268945625,kubernetes/kubernetes,test,0.005293915419916235,-0.2910787463988708,-0.0010945439418578596,0.002298004233309598,0.014191221188276114,-0.0051424008879097614,-0.006479317559631771,0.004811244445118407,0.010040288173528075,0.009468291075352667,0.0024610172658005997,-0.010828428516893376,-0.14931732061279646,-0.0038359996610208376,-0.009771793854520868,-0.008894752460668733,-0.002298540005063637,0.00017405528007958385,0.00018235048415890032,-0.06219391776511934,-0.5020153740988132
268945810,kubernetes/kubernetes,test,-0.0035396138989879475,-0.29224748363346204,-0.011919719644220618,-0.0031035698298465665,0.006039622659986339,-0.0022793327472482084,0.0001699859865338954,-0.005649492188649345,-0.014345471240641647,-0.00741282656803171,0.0015344029505038033,-0.010828428516893376,-0.14931732061279646,0.016123186075228207,0.03361497085955178,-0.008894752460668733,-0.002298540005063637,0.00017405528007958385,0.00018235048415890032,-0.06219391776511934,-0.5161918948155871
270894952,kubernetes/kubernetes,test,-0.0013459285917030673,-0.2934162208680533,-0.008613508345962043,-0.0018742460775420604,0.009892842847144253,-0.007717146111120481,-0.008796594085739497,-0.001382612772244078,-0.006644705109851209,0.0013986442116192056,-0.0005200155640825905,-0.011112313534526215,-0.1515613990342931,-0.0038359996610208376,-0.009771793854520868,-0.008894752460668733,-0.002298540005063637,0.00017405528007958385,0.00018235048415890032,-0.06219391776511934,-0.568331801018509
271217654,kubernetes/kubernetes,test,-0.003238674249527293,-0.29458495810264457,-0.01133313376872313,-0.002842804185418338,0.024153777753306953,-0.006863706407879429,-0.016037124391829933,-0.004686003288170737,-0.013062010218843243,-0.005847569298672074,-0.0032106373354293216,-0.011112313534526215,-0.1515613990342931,-0.0038359996610208376,-0.009771793854520868,-0.008894752460668733,-0.002298540005063637,0.00017405528007958385,0.00018235048415890032,-0.06219391776511934,-0.5868651540448053
284969517,kubernetes/kubernetes,test,0.014082373004069339,-0.296922432571827,0.023328758874310337,0.012244350956500604,0.010059290652190855,-0.0006945856592820089,0.00016040918453295362,0.018024806508825042,0.05881180700186752,0.021103595855619512,0.0028981411464636645,-0.02275159925747268,-0.15562250808917244,-0.0038359996610208376,-0.009771793854520868,-0.008894752460668733,-0.002298540005063637,0.00017405528007958385,0.00018235048415890032,-0.06219391776511934,-0.4019161903755292
284969888,kubernetes/kubernetes,test,-0.0035396732771481795,-0.29809116980641825,-0.011919719644220618,-0.0031035698298465665,0.006039622659986339,-0.0022793327472482084,0.0001699859865338954,-0.005649492188649345,-0.014345471240641647,-0.00741282656803171,0.0015344029505038033,-0.02275159925747268,-0.15562250808917244,0.016123186075228207,0.03361497085955178,-0.008894752460668733,-0.002298540005063637,0.00017405528007958385,0.00018235048415890032,-0.06219391776511934,-0.5402639985836589
284970046,kubernetes/kubernetes,test,-0.003539832855953803,-0.29925990704100947,-0.011919719644220618,-0.0031035698298465665,0.006039622659986339,-0.0022793327472482084,0.0001699859865338954,-0.005649492188649345,-0.014345471240641647,-0.00741282656803171,0.0015344029505038033,-0.02275159925747268,-0.15562250808917244,0.016123186075228207,0.03361497085955178,-0.008894752460668733,-0.002298540005063637,0.00017405528007958385,0.00018235048415890032,-0.06219391776511934,-0.5414328953970557
284970301,kubernetes/kubernetes,test,-0.003539769766658556,-0.30042864427560073,-0.011919719644220618,-0.0031035698298465665,0.006039622659986339,-0.0022793327472482084,0.0001699859865338954,-0.005649492188649345,-0.014345471240641647,-0.00741282656803171,0.0015344029505038033,-0.02275159925747268,-0.15562250808917244,0.016123186075228207,0.03361497085955178,-0.008894752460668733,-0.002298540005063637,0.00017405528007958385,0.00018235048415890032,-0.06219391776511934,-0.5426015695423517
291155487,kubernetes/kubernetes,test,0.0016549397146401643,-0.3027661187447832,0.0037581210281668253,0.00224212588093212,0.009281875964632084,-0.0010909058722521113,-0.0006652773830962134,0.008389917504038955,0.010040288173528075,0.0003588577809980766,0.003177791701482432,-0.027009874521965287,-0.15562250808917244,-0.0038359996610208376,-0.009771793854520868,-0.008894752460668733,-0.002298540005063637,0.00017405528007958385,0.00018235048415890032,-0.06219391776511934,-0.5348893648450055
291155910,kubernetes/kubernetes,test,-0.0035397734777935707,-0.3039348559793744,-0.011919719644220618,-0.0031035698298465665,0.006039622659986339,-0.0022793327472482084,0.0001699859865338954,-0.005649492188649345,-0.014345471240641647,-0.00741282656803171,0.0015344029505038033,-0.027009874521965287,-0.15562250808917244,0.016123186075228207,0.03361497085955178,-0.008894752460668733,-0.002298540005063637,0.00017405528007958385,0.00018235048415890032,-0.06219391776511934,-0.550366060221753
291156076,kubernetes/kubernetes,test,-0.003539758633253513,-0.3051035932139657,-0.011919719644220618,-0.0031035698298465665,0.006039622659986339,-0.0022793327472482084,0.0001699859865338954,-0.005649492188649345,-0.014345471240641647,-0.00741282656803171,0.0015344029505038033,-0.027009874521965287,-0.15562250808917244,0.016123186075228207,0.03361497085955178,-0.008894752460668733,-0.002298540005063637,0.00017405528007958385,0.00018235048415890032,-0.06219391776511934,-0.5515347826118043
291157965,kubernetes/kubernetes,test,-0.003537576485864988,-0.30627233044855684,-0.011919719644220618,-0.0031035698298465665,0.006039622659986339,-0.0022793327472482084,0.0001699859865338954,-0.005649492188649345,-0.014345471240641647,-0.00741282656803171,0.0015344029505038033,-0.027009874521965287,-0.15562250808917244,0.016123186075228207,0.03361497085955178,-0.008894752460668733,-0.002298540005063637,0.00017405528007958385,0.00018235048415890032,-0.06219391776511934,-0.552701337699007
298764997,kubernetes/kubernetes,test,0.002914936852492485,-0.3074410676831481,0.014529970741847996,0.005166426322020113,0.011969141125491564,0.0007673736873431918,0.001431430451266231,0.012794438191941164,0.015174132260721703,-0.0017328605414713954,0.0035429434276943407,-0.030132609715926538,-0.15849473880888792,-0.0038359996610208376,-0.009771793854520868,-0.008894752460668733,-0.002298540005063637,0.00017405528007958385,0.00018235048415890032,-0.06219391776511934,-0.51614908167077
298765256,kubernetes/kubernetes,test,-0.0035395693653677736,-0.3086098049177393,-0.011866393655539029,-0.0031035698298465665,0.006039622659986339,-0.0022793327472482084,0.0001699859865338954,-0.005511850917152401,-0.014345471240641647,-0.026268716464038378,-0.012147345361688112,-0.030132609715926538,-0.15849473880888792,-0.0038359996610208376,0.03361497085955178,-0.008894752460668733,-0.002298540005063637,0.00017405528007958385,0.00018235048415890032,-0.06219391776511934,-0.6133416276456378
298765484,kubernetes/kubernetes,test,-0.0035397178107683534,-0.3097785421523306,-0.011919719644220618,-0.0031035698298465665,0.006039622659986339,-0.0022793327472482084,0.0001699859865338954,-0.005649492188649345,-0.014345471240641647,-0.00741282656803171,0.0015344029505038033,-0.030132609715926538,-0.15849473880888792,0.016123186075228207,0.03361497085955178,-0.008894752460668733,-0.002298540005063637,0.00017405528007958385,0.00018235048415890032,-0.06219391776511934,-0.5622046566413605
309580337,kubernetes/kubernetes,test,0.005365236012624857,-0.31445349109069554,0.0015184295035400477,0.003937102569715606,0.01824272357481053,-0.0030836794196417183,-0.004841716104522411,0.008114634961045065,0.01645759328252011,0.008038810773777024,0.003196367625195367,-0.030984264768825057,-0.16024665402799113,-0.0038359996610208376,-0.009771793854520868,-0.008894752460668733,-0.002298540005063637,0.00017405528007958385,0.00018235048415890032,-0.06219391776511934,-0.535377505090602
309580521,kubernetes/kubernetes,test,-0.0035398217225487594,-0.31562222832528675,-0.011919719644220618,-0.0031035698298465665,0.006039622659986339,-0.0022793327472482084,0.0001699859865338954,-0.005649492188649345,-0.014345471240641647,-0.00741282656803171,0.0015344029505038033,-0.030984264768825057,-0.16024665402799113,0.016123186075228207,0.03361497085955178,-0.008894752460668733,-0.002298540005063637,0.00017405528007958385,0.00018235048415890032,-0.06219391776511934,-0.5706520169980989
309580713,kubernetes/kubernetes,test,-0.003539795744603658,-0.31679096555987796,-0.011919719644220618,-0.0031035698298465665,0.006039622659986339,-0.0022793327472482084,0.0001699859865338954,-0.005649492188649345,-0.014345471240641647,-0.00741282656803171,0.0015344029505038033,-0.030984264768825057,-0.16024665402799113,0.016123186075228207,0.03361497085955178,-0.008894752460668733,-0.002298540005063637,0.00017405528007958385,0.00018235048415890032,-0.06219391776511934,-0.5718207282547451
312368266,kubernetes/kubernetes,test,-0.001348500408268115,-0.31795970279446917,-0.008933464278051582,-0.0015389759632771951,0.016651285911369187,-0.002115566409299303,-0.0022850902148910217,-0.0008320476862563015,-0.009211627153448022,-0.00993179873174534,0.0018960529652899871,-0.028713184627762338,-0.1618506157098896,-0.0038359996610208376,-0.009771793854520868,-0.008894752460668733,-0.002298540005063637,0.00017405528007958385,0.00018235048415890032,-0.06219391776511934,-0.6128118330828537
321191052,kubernetes/kubernetes,test,0.0028222252775602966,-0.31912844002906043,0.005891160575430423,0.0035645802205324225,0.011488321743859954,0.0019014017478244456,0.001164966721374924,0.008114634961045065,0.012607210217124888,0.003750369869050099,0.00305932847540893,-0.0341069999627863,-0.1622703604731165,-0.0038359996610208376,-0.009771793854520868,-0.008894752460668733,-0.002298540005063637,0.00017405528007958385,0.00018235048415890032,-0.06219391776511934,-0.5477801986379067
321243963,kubernetes/kubernetes,test,-0.003520928334189951,-0.32029717726365164,-0.01175974167817585,-0.0030476914774690894,0.025517867179113817,0.006028668207373277,0.0025466196728164583,-0.0053742096456554575,-0.014345471240641647,-0.026268716464038378,-0.006686023790085519,-0.0341069999627863,-0.1622703604731165,-0.0038359996610208376,-0.009771793854520868,-0.008894752460668733,-0.002298540005063637,0.00017405528007958385,0.00018235048415890032,-0.06219391776511934,-0.6402227632526617
321245106,kubernetes/kubernetes,test,-0.003539476586992411,-0.3214659144982429,-0.011919719644220618,-0.0031035698298465665,0.006039622659986339,-0.0022793327472482084,0.0001699859865338954,-0.005649492188649345,-0.014345471240641647,-0.00741282656803171,0.0015344029505038033,-0.0341069999627863,-0.1622703604731165,0.016123186075228207,0.03361497085955178,-0.008894752460668733,-0.002298540005063637,0.00017405528007958385,0.00018235048415890032,-0.06219391776511934,-0.5816417996745853
321280531,kubernetes/kubernetes,test,-0.0035261573234253774,-0.3226346517328342,-0.011813067666857439,-0.0030849437123874075,-0.012676636743478447,0.003175107287297903,-0.0006457630341983923,-0.0053742096456554575,-0.014345471240641647,-0.026268716464038378,-0.003955363004284222,-0.0341069999627863,-0.1622703604731165,-0.0038359996610208376,-0.009771793854520868,-0.008894752460668733,-0.002298540005063637,0.00017405528007958385,0.00018235048415890032,-0.06219391776511934,-0.6841658316985608
338534286,kubernetes/kubernetes,test,0.00633108116695804,-0.32497212620201665,0.011277085432271008,0.006190862782273868,0.014189637558785852,0.0027551061666312546,0.0007595577073752735,0.01059217784799006,0.011323749195326483,-0.0020402367763156354,0.0025040621648871227,-0.035242540033317664,-0.16618819761000284,-0.0038359996610208376,-0.009771793854520868,-0.008894752460668733,-0.002298540005063637,0.00017405528007958385,0.00018235048415890032,-0.06219391776511934,-0.5491583785813088
338534516,kubernetes/kubernetes,test,-0.003539843989358846,-0.32614086343660786,-0.011919719644220618,-0.0031035698298465665,0.006039622659986339,-0.0022793327472482084,0.0001699859865338954,-0.005649492188649345,-0.014345471240641647,-0.00741282656803171,0.0015344029505038033,-0.035242540033317664,-0.16618819761000284,0.016123186075228207,0.03361497085955178,-0.008894752460668733,-0.002298540005063637,0.00017405528007958385,0.00018235048415890032,-0.06219391776511934,-0.5913704932227345
338535372,kubernetes/kubernetes,test,-0.0035395248317475992,-0.32730960067119913,-0.011919719644220618,-0.0031035698298465665,0.006039622659986339,-0.0022793327472482084,0.0001699859865338954,-0.005649492188649345,-0.014345471240641647,-0.00741282656803171,0.0015344029505038033,-0.035242540033317664,-0.16618819761000284,0.016123186075228207,0.03361497085955178,-0.008894752460668733,-0.002298540005063637,0.00017405528007958385,0.00018235048415890032,-0.06219391776511934,-0.5925389112997145
338536321,kubernetes/kubernetes,test,-0.003539458031317338,-0.3284783379057903,-0.011919719644220618,-0.0031035698298465665,0.006039622659986339,-0.0022793327472482084,0.0001699859865338954,-0.005649492188649345,-0.014345471240641647,-0.00741282656803171,0.0015344029505038033,-0.035242540033317664,-0.16618819761000284,0.016123186075228207,0.03361497085955178,-0.008894752460668733,-0.002298540005063637,0.00017405528007958385,0.00018235048415890032,-0.06219391776511934,-0.5937075817338754
37768119,apache/airflow,train,0.001967732729337125,0.09460454101623636,-0.011919719644220618,-0.0031035698298465665,-0.003862520453649463,0.004201703909936686,0.0024990293774060776,-0.005649492188649345,-0.014345471240641647,0.020038391896862694,0.0015584712747376288,0.019158131258872887,-0.02646365800525855,0.016123186075228207,0.03361497085955178,0.28730050447960015,0.2528394005569995,-0.0001751038058631958,0.00018235048415890032,-0.06219391776511934,0.6063749609856793
39957389,apache/airflow,train,0.008252439675744044,0.09343580378164514,0.004558010858390675,0.0042164943316029945,-0.0033466815868146878,0.0037129482616455518,0.002500307828067695,0.007976993689548122,0.07678026130704521,0.07624956779037634,0.0016915374556738005,0.03048641756846729,0.16816975820289984,-0.0038359996610208376,-0.009771793854520868,-0.008894752460668733,-0.002298540005063637,-0.0001751038058631958,0.00018235048415890032,-0.06219391776511934,0.38769610209619426
41671752,apache/airflow,train,0.007090713393075629,0.0922670665470539,0.002371645322445487,0.0032479362237267163,-0.0012518877695652164,0.002566821872051836,0.0024246683982653986,0.005637092074100071,0.04982757984927868,0.06089471655886661,0.0014244463050556474,0.021823610390542158,0.07765982815873208,-0.0038359996610208376,-0.009771793854520868,-0.008894752460668733,-0.002298540005063637,-0.0001751038058631958,0.00018235048415890032,-0.06219391776511934,0.23899648025553122
43255616,apache/airflow,train,0.006135025615277124,0.09109832931246267,0.0016784074695848175,0.002335256468227916,-0.005613269579711382,0.003823983749155661,0.002551540915687393,0.0034348317301489658,0.025441820435108956,0.04087354012512056,0.0016665856723655074,0.02482227441367009,0.029742806370643287,-0.0038359996610208376,-0.009771793854520868,-0.008894752460668733,-0.002298540005063637,-0.0001751038058631958,0.00018235048415890032,-0.06219391776511934,0.14100337562964385
45275500,apache/airflow,train,0.008501189633495812,0.08992959207787143,0.0049846187678433945,0.0037508413951240142,-0.004269694303994825,0.0038608826031927713,0.002485346664748331,0.007013504789069513,0.053677962914673895,0.05608177917021055,0.001962504376931838,0.02382271973929411,0.06701160109471237,-0.0038359996610208376,-0.009771793854520868,-0.008894752460668733,-0.002298540005063637,-0.0001751038058631958,0.00018235048415890032,-0.06219391776511934,0.2318250918550755
45643358,apache/airflow,train,-0.001541835697983401,0.0887608548432802,-0.009466724164867482,-0.002041881134674493,-0.0016203329764122633,0.004339759598108205,0.002599527299243651,-0.0022084604012257425,-0.004077783066254396,0.01947465318638216,0.0013872341853270124,0.023156349956376793,0.06701160109471237,-0.0038359996610208376,-0.009771793854520868,-0.008894752460668733,-0.002298540005063637,-0.0001751038058631958,0.00018235048415890032,-0.06219391776511934,0.09878520565391494
46212130,apache/airflow,train,0.00030830241873937227,0.08759211760868897,-0.008026922470464553,-0.0008684357347474642,0.0026011648255584614,0.0026895816626827857,0.0025370379958844906,-0.0008320476862563015,0.006189905108132858,0.039078954465133806,0.0010944891338414647,0.02382271973929411,0.06701160109471237,-0.0038359996610208376,-0.009771793854520868,-0.008894752460668733,-0.002298540005063637,-0.0001751038058631958,0.00018235048415890032,-0.06219391776511934,0.13621071109310268
46932862,apache/airflow,train,0.0009539953776418448,0.08642338037409773,-0.004560733206161206,2.56179032921768e-05,-0.0017639213370235155,0.0037181708161456643,0.0026000879163116625,0.000957288843203972,0.019024515326116924,0.05116146653797555,0.0009123366573615682,0.023489534847835454,0.07659500545233018,-0.0038359996610208376,-0.009771793854520868,-0.008894752460668733,-0.002298540005063637,-0.0001751038058631958,0.00018235048415890032,-0.06219391776511934,0.17254898844103028
49398510,apache/airflow,train,0.010906019967430557,0.08525464313950651,0.010797151534136698,0.005836966550549843,-0.005515167257992398,0.0043800618393156545,0.002556720529902715,0.012519155648947277,0.0896148715250293,0.06144939295083055,0.000967518412371639,0.03315189670013655,0.11226656611679625,-0.0038359996610208376,-0.009771793854520868,-0.008894752460668733,-0.002298540005063637,-0.0001751038058631958,0.00018235048415890032,-0.06219391776511934,0.33719804058886343
49802204,apache/airflow,train,-0.001294069191010473,0.08408590590491527,-0.007440336594967064,-0.0013899670236039213,-0.00458106254249422,0.004417349124992978,0.002565422281784457,-0.0009696889577532455,0.002339522042737637,0.02838788330208909,0.0013109113683325666,0.026488198870963382,0.11226656611679625,-0.0038359996610208376,-0.009771793854520868,-0.008894752460668733,-0.002298540005063637,-0.0001751038058631958,0.00018235048415890032,-0.06219391776511934,0.15919887763468504
50419478,apache/airflow,train,-0.00037748564285973603,0.08291716867032405,-0.006107186877927315,-0.0006821745601558723,-0.00430322626814091,0.004501737371432681,0.002538234791451419,-0.00014384132877158097,0.006189905108132858,0.030910495598987293,0.00017820607513976004,0.020824055716166183,0.11226656611679625,-0.0038359996610208376,-0.009771793854520868,-0.008894752460668733,-0.002298540005063637,-0.0001751038058631958,0.00018235048415890032,-0.06219391776511934,0.16172469770247738
51158476,apache/airflow,train,0.0006161893129471675,0.08174843143573281,-0.0036008654098925873,0.0005471491921486341,-0.005076709942554474,0.0035555145519697525,0.0025002932032746165,0.0015078539291917485,0.008756827151729669,0.023213293975118444,0.0015059585673183734,0.013493988104075682,0.11226656611679625,-0.0038359996610208376,-0.009771793854520868,-0.008894752460668733,-0.002298540005063637,-0.0001751038058631958,0.00018235048415890032,-0.06219391776511934,0.15404673311975842
52360236,apache/airflow,train,0.0023883305050702384,0.08057969420114156,-0.0023743676702160186,0.0013108200079741607,-0.0008315057801428702,0.0023410239421997056,0.0022861618579494117,0.006050015888590904,0.03827643065309302,0.04268268631784552,0.0022229477121935744,0.018491761475955566,0.12460882930463724,-0.0038359996610208376,-0.009771793854520868,-0.008894752460668733,-0.002298540005063637,-0.0001751038058631958,0.00018235048415890032,-0.06219391776511934,0.23104507134819424
53009948,apache/airflow,train,-0.0002091634031421663,0.07941095696655033,-0.0077602925270566035,-0.0014272192585222398,-0.0024914356974538414,0.00421404582630071,0.0021863549575848002,0.00040672375721619546,0.007473366129931262,0.028961204278656862,0.0025562127157034878,0.01615946723574495,0.12460882930463724,-0.0038359996610208376,-0.009771793854520868,-0.008894752460668733,-0.002298540005063637,-0.0001751038058631958,0.00018235048415890032,-0.06219391776511934,0.16710129321805328
53412307,apache/airflow,train,-0.0015656389179663909,0.07824221973195909,-0.00968002811959384,-0.0020046288997561746,-0.0010240762247214848,0.002288191915372682,0.002482290082994913,-0.0022084604012257425,-0.005361244088052802,0.013756731980079597,0.0022861473632616006,0.016825837018662273,0.12735155445749105,-0.0038359996610208376,-0.009771793854520868,-0.008894752460668733,-0.002298540005063637,-0.0001751038058631958,0.00018235048415890032,-0.06219391776511934,0.13440113883040705
55767051,apache/airflow,train,0.00798727536782315,0.07707348249736787,0.01047719560204716,0.006153610547355549,-0.005529576653335426,0.0030016143388637484,0.002379199916584165,0.007839352418051176,0.04726065780568186,0.04374664524578897,0.0018570435254928255,0.015159912561368977,0.09008275973342197,-0.0038359996610208376,-0.009771793854520868,-0.008894752460668733,-0.002298540005063637,-0.0001751038058631958,0.00018235048415890032,-0.06219391776511934,0.22050141583841426
56763257,apache/airflow,train,0.0028863982242309945,0.07590474526277663,-0.0009878919644946797,0.0010686804810050912,-0.0032132663519433124,0.0038560185934416544,0.002453825360733015,0.004673603173621463,0.03185912554410099,0.042346338011592426,0.0004802957355783731,0.009495769406571776,0.09008275973342197,-0.0038359996610208376,-0.009771793854520868,-0.008894752460668733,-0.002298540005063637,-0.0001751038058631958,0.00018235048415890032,-0.06219391776511934,0.17391864414253866
60167989,apache/airflow,train,0.010276455601301093,0.07473600802818539,0.00941067582841536,0.006377123956865459,-0.002659021274586372,0.0040575856053245846,0.0023045184107285143,0.009766330219008395,0.053677962914673895,0.04137633352123753,0.0010417462337321516,0.007496660057819823,0.06294022015846959,-0.0038359996610208376,-0.009771793854520868,-0.008894752460668733,-0.002298540005063637,-0.0001751038058631958,0.00018235048415890032,-0.06219391776511934,0.19381484219307765
61637122,apache/airflow,train,0.0019056639962196462,0.07356727079359417,0.001358451537495278,0.0016833423571573445,-0.005543032898013744,0.004323290285684759,0.0025032522864075106,0.006325298431584792,0.030575664522302582,0.031239111760269042,0.0014730590397785978,0.003831626251774573,0.06294022015846959,-0.0038359996610208376,-0.009771793854520868,-0.008894752460668733,-0.002298540005063637,-0.0001751038058631958,0.00018235048415890032,-0.06219391776511934,0.12919546145462646
63503389,apache/airflow,train,0.00401257183346052,0.07239853355900293,0.000345257752545069,0.0020744908237996873,-0.0025784495553110675,0.003079754534628494,0.002110771589489305,0.005086526988112295,0.025441820435108956,0.030543962188326865,-0.00010869302776413341,0.0004997773371879846,0.060504351222255816,-0.0038359996610208376,-0.009771793854520868,-0.008894752460668733,-0.002298540005063637,-0.0001751038058631958,0.00018235048415890032,-0.06219391776511934,0.11642291861274501
65746369,apache/airflow,train,0.004998612984542603,0.07122979632441169,0.007757570179286072,0.004905660677591884,-0.004549201606461723,0.0042160380875962385,0.002527631816469465,0.0042606793591306305,0.028008742478705766,0.03924913069151186,0.0015725600498988925,0.0014993320115639615,0.04487449746161882,-0.0038359996610208376,-0.009771793854520868,-0.008894752460668733,-0.002298540005063637,-0.0001751038058631958,0.00018235048415890032,-0.06219391776511934,0.12356329344776848
67434562,apache/airflow,train,0.002839886569094293,0.07006105908982047,-0.0012545219079026294,0.00132944612543332,-0.004492100188637245,0.002760543227602146,0.00229205564956007,0.003297190458652022,0.015174132260721703,0.02431289420709971,0.0005502272922879182,0.006830290274902505,0.03879379937506,-0.0038359996610208376,-0.009771793854520868,-0.008894752460668733,-0.002298540005063637,-0.0001751038058631958,0.00018235048415890032,-0.06219391776511934,0.0755071453655966
67783335,apache/airflow,train,-0.002093243560707538,0.06889232185522923,-0.009786680096957021,-0.00233989901402104,-0.00848455704465735,0.0016475436276609692,0.0022485517650823895,-0.002483742944219631,-0.007928166131649615,0.0048069422658668665,-0.0002689709434524713,0.006163920491985187,0.03879379937506,-0.0038359996610208376,-0.009771793854520868,-0.008894752460668733,-0.002298540005063637,-0.0001751038058631958,0.00018235048415890032,-0.06219391776511934,0.00218006257712227
68636824,apache/airflow,train,-0.00028164558111032573,0.06772358462063799,-0.0048806891382507465,-6.751268400361914e-05,-0.005295490279910002,0.0021799427008095933,0.0025321752521858705,-6.200057274636875e-06,0.0010560610209392304,0.015569731386956014,0.0006371119536543231,-0.0008329622286466501,0.04039103343466302,-0.0038359996610208376,-0.009771793854520868,-0.008894752460668733,-0.002298540005063637,-0.0001751038058631958,0.00018235048415890032,-0.06219391776511934,0.03173738333255235
71627647,apache/airflow,train,0.007738183985650046,0.06655484738604675,0.008237504077420382,0.004849782325214407,-0.004089581997415546,0.0045666016883759075,0.0023593345726524583,0.00825227623254201,0.03955989167489142,0.03317501884900811,0.0006824259493782991,-0.00749666005781983,0.020425607689626018,-0.0038359996610208376,-0.009771793854520868,-0.008894752460668733,-0.002298540005063637,-0.0001751038058631958,0.00018235048415890032,-0.06219391776511934,0.09782747530747277
75104415,apache/airflow,train,0.01083808764099017,0.06538611015145553,0.011810345319086908,0.006861403010803598,-0.00410964520943906,0.004180381670058925,0.0023620986585443054,0.01224387310595339,0.06651257313265796,0.04300609815078118,0.0010702801048646825,-0.0014993320115639689,0.019946437471745113,-0.0038359996610208376,-0.009771793854520868,-0.008894752460668733,-0.002298540005063637,-0.0001751038058631958,0.00018235048415890032,-0.06219391776511934,0.15162095412784105
77524030,apache/airflow,train,0.005044052121660115,0.06421737291686429,0.002105015379037537,0.003136179518971761,0.0008339564351101589,0.00455547823471734,0.0023998598742731394,0.003847755544639798,0.015174132260721703,0.021380626921816345,0.000623425613732403,-0.005164365817609217,0.019946437471745113,-0.0038359996610208376,-0.009771793854520868,-0.008894752460668733,-0.002298540005063637,-0.0001751038058631958,0.00018235048415890032,-0.06219391776511934,0.05111216940758279
78733774,apache/airflow,train,0.0001412271203866746,0.06304863568227306,-0.0040274733193453064,0.00024913131280208706,-0.004719448426271728,0.004064019314890979,0.0024710533669795548,0.0017831364721856366,0.006189905108132858,0.016086255434499153,0.0020225700673348343,-0.004831180926150558,0.014589560164153696,-0.0038359996610208376,-0.009771793854520868,-0.008894752460668733,-0.002298540005063637,-0.0001751038058631958,0.00018235048415890032,-0.06219391776511934,0.01007963430377324
79935067,apache/airflow,train,0.0008804629484645821,0.061879898447681825,-0.006960402696832754,-0.0008311834998291458,-0.00845019573565061,0.0021368495312562687,0.00031750383685178585,0.00013144121422230723,0.0010560610209392304,0.014573577866694243,0.003003417707919085,-0.004831180926150558,0.014589560164153696,-0.0038359996610208376,-0.009771793854520868,-0.008894752460668733,-0.002298540005063637,-0.0001751038058631958,0.00018235048415890032,-0.06219391776511934,-0.009491947188377772
80782477,apache/airflow,train,-0.0003881514448914028,0.06071116121309059,-0.008666834334643632,-0.0015017237283588766,-0.004682438248052158,0.0023499887655411733,0.0012873738019769324,-0.0019331778582318544,-0.009211627153448022,-0.0050912305147696145,-0.00032940360018741727,-0.0011661471201053096,0.008051973462454929,-0.0038359996610208376,-0.009771793854520868,-0.008894752460668733,-0.002298540005063637,-0.0001751038058631958,0.00018235048415890032,-0.06219391776511934,-0.04755799382772237
82994496,apache/airflow,train,0.0032348663798223267,0.059542423978499355,0.001251799560132098,0.0017019684746165035,-0.0024618275548781918,0.004312214067853288,0.0025068938598840716,0.006738222246075625,0.03314258656589939,0.032498807045182446,-8.61846772121371e-06,-0.001832516903022627,-0.009545479693153664,-0.0038359996610208376,-0.009771793854520868,-0.008894752460668733,-0.002298540005063637,-0.0001751038058631958,0.00018235048415890032,-0.06219391776511934,0.04409358249109172
84841010,apache/airflow,train,0.0022689284471137804,0.05837368674390812,-0.0032275834891214573,0.0011059327159234098,-0.00405752302643329,0.0035019870728454946,0.002263607989556764,0.002333701558173413,0.013890671238923296,0.02795295014745148,0.0013216808455771812,0.00016659244572932513,-0.014979747298239619,-0.0038359996610208376,-0.009771793854520868,-0.008894752460668733,-0.002298540005063637,-0.0001751038058631958,0.00018235048415890032,-0.06219391776511934,0.003927128323310193
89772516,apache/airflow,train,0.012214915020233903,0.057204949509316885,0.013943384866350508,0.007923091705975672,-0.002708645432599215,0.0029616641069341774,0.002372794257215757,0.01128038420547478,0.06009526802366593,0.04113767174034148,0.0007571381868821411,-0.006497105383443853,-0.02815692828996401,-0.0038359996610208376,-0.009771793854520868,-0.008894752460668733,-0.002298540005063637,-0.0001751038058631958,0.00018235048415890032,-0.06219391776511934,0.08554082544828645
91499799,apache/airflow,train,0.0018745127289079508,0.056036212274725654,-0.004187451285390077,-8.613880146277831e-05,-0.004896274833320761,0.0022541825499001354,0.0022727070483171395,0.0028842666441611896,-0.00022740000085917615,-0.0009069691780189242,0.002541726451587831,-0.00716347516636117,-0.02815692828996401,-0.0038359996610208376,-0.009771793854520868,-0.008894752460668733,-0.002298540005063637,-0.0001751038058631958,0.00018235048415890032,-0.06219391776511934,-0.06474878692587471
95635225,apache/airflow,train,0.008093261672702199,0.05486747504013442,0.006104464530156783,0.004235120449062153,-0.004097414415688056,0.003423375616857398,0.002285552491571139,0.011142742933977837,0.04982757984927868,0.032316541797258416,0.0020553222757044324,-0.008829399623654467,-0.03508610546030029,-0.0038359996610208376,-0.009771793854520868,-0.008894752460668733,-0.002298540005063637,-0.0001751038058631958,0.00018235048415890032,-0.06219391776511934,0.039350760088962926
97724092,apache/airflow,train,0.0020298014624546036,0.053698737805543184,-0.005093993092977106,-1.1634331626141576e-05,-0.0047386223740240345,0.001740981078089433,0.001708770152276958,0.0015078539291917485,0.00490644408633445,0.01496629223525897,0.0014206254177620817,-0.013160803212617032,-0.03508610546030029,-0.0038359996610208376,-0.009771793854520868,-0.008894752460668733,-0.002298540005063637,-0.0001751038058631958,0.00018235048415890032,-0.06219391776511934,-0.06309940937273088
99597447,apache/airflow,train,0.0007816762455136612,0.05253000057095195,-0.004827363149569156,-0.0005331656204825988,-0.0027128531114978573,0.003287082542574282,0.002522335203909515,0.002608984101167301,0.013890671238923296,0.02614556126040181,0.00017142510057337895,-0.01615946723574496,-0.04722866354927093,-0.0038359996610208376,-0.009771793854520868,-0.008894752460668733,-0.002298540005063637,-0.0001751038058631958,0.00018235048415890032,-0.06219391776511934,-0.056511533470648016
101405180,apache/airflow,train,0.001484272037593431,0.051361263336360714,-0.002960953545713508,0.0009382976587909769,-0.0037000482639751972,0.003113513345499424,0.0025257744677484885,0.0015078539291917485,0.007473366129931262,0.020464293395165294,-0.0007370842210184063,-0.021823610390542165,-0.04722866354927093,-0.0038359996610208376,-0.009771793854520868,-0.008894752460668733,-0.002298540005063637,-0.0001751038058631958,0.00018235048415890032,-0.06219391776511934,-0.07456948273833658
103174412,apache/airflow,train,0.0016108736974780149,0.05019252610176948,-0.0033342354664846374,0.0009010454238726586,-0.0025506519826051484,0.0034208102755471106,0.002352972787663286,0.0031595491871550777,0.015174132260721703,0.025103231873836247,0.000573124137386252,-0.01815857658449692,-0.06551565736423616,-0.0038359996610208376,-0.009771793854520868,-0.008894752460668733,-0.002298540005063637,-0.0001751038058631958,0.00018235048415890032,-0.06219391776511934,-0.07405861272049076
108963862,apache/airflow,train,0.0066628158147689995,0.04902378886717825,0.005997812552793603,0.004402755506194586,-0.004573336283474382,0.0034986162220418562,0.002358854391946379,0.00591237461709396,0.02287489839151214,0.023082389185596866,0.0010671023696003073,-0.01416035788699301,-0.06772942598461434,-0.0038359996610208376,-0.009771793854520868,-0.008894752460668733,-0.002298540005063637,-0.0001751038058631958,0.00018235048415890032,-0.06219391776511934,-0.04856946930445248
110074462,apache/airflow,train,-0.00027669121586597134,0.04785505163258702,-0.006533794787380034,-0.0009429402045841009,-0.001317064456155748,0.0046697295913130064,0.0023277840190509846,-0.00014384132877158097,-0.001510861022657583,0.009468291075352667,0.0019655747391859172,-0.011828063646782395,-0.06772942598461434,-0.0038359996610208376,-0.009771793854520868,-0.008894752460668733,-0.002298540005063637,-0.0001751038058631958,0.00018235048415890032,-0.06219391776511934,-0.11098400865741986
111717340,apache/airflow,train,0.0007415477426018944,0.04668631439799578,-0.0014678258626289891,0.0004726447223119973,-0.006708745505573409,0.004564884794033269,0.002517426148366146,0.002608984101167301,0.007473366129931262,0.014233225413938138,0.0013109113683325666,-0.01815857658449692,-0.06772942598461434,-0.0038359996610208376,-0.009771793854520868,-0.008894752460668733,-0.002298540005063637,-0.0001751038058631958,0.00018235048415890032,-0.06219391776511934,-0.10044302618673301
117791975,apache/airflow,train,0.008879940650805449,0.04551757716340455,0.017569552096698624,0.008724014756719517,-0.006451233348221284,0.003776921775019357,0.0024442656209906644,0.009353406404517563,0.03827643065309302,0.027500726072293105,0.0010072302863673222,-0.018824946367414233,-0.06964064622687403,-0.0038359996610208376,-0.009771793854520868,-0.008894752460668733,-0.002298540005063637,-0.0001751038058631958,0.00018235048415890032,-0.06219391776511934,-0.018854517530698126
120326303,apache/airflow,train,0.002892503041329845,0.04434883992881331,0.010637173568091927,0.0053713136140708636,-0.007136335075585937,0.004590974603059585,0.0025345883430438324,0.004123038087633686,0.01645759328252011,0.022051744434293172,0.0011767299619380742,-0.020490870824707526,-0.06964064622687403,-0.0038359996610208376,-0.009771793854520868,-0.008894752460668733,-0.002298540005063637,-0.0001751038058631958,0.00018235048415890032,-0.06219391776511934,-0.07007111033047078
123409179,apache/airflow,train,0.004547687813471012,0.04318010269422208,0.0017850594469479976,0.0029871705792984876,-0.0035660211289151567,0.0033508109364763046,0.0023043989749183726,0.006325298431584792,0.028008742478705766,0.02795295014745148,0.0022603434536681475,-0.01615946723574496,-0.06460543808032229,-0.0038359996610208376,-0.009771793854520868,-0.008894752460668733,-0.002298540005063637,-0.0001751038058631958,0.00018235048415890032,-0.06219391776511934,-0.048616118556335686
124796751,apache/airflow,train,-0.0005008586152817064,0.04201136545963085,-0.008080248459146143,-0.0014830976108997174,-0.0014816959385807159,0.002096188989648947,0.002032799505190979,-6.200057274636875e-06,0.007473366129931262,0.03300241799153701,0.0015059585673183734,-0.012161248538241054,-0.06802727848990174,-0.0038359996610208376,-0.009771793854520868,-0.008894752460668733,-0.002298540005063637,-0.0001751038058631958,0.00018235048415890032,-0.06219391776511934,-0.09060628813416598
128072365,apache/airflow,train,0.004426155564016232,0.04084262822503961,0.004238054926301135,0.0036204585729099,-0.005693708048489283,0.0038991488363571826,0.0025467854204713485,0.006600580974578681,0.030575664522302582,0.02994680101365539,1.8965070099844856e-05,-0.011161693863865077,-0.07224354617585688,-0.0038359996610208376,-0.009771793854520868,-0.008894752460668733,-0.002298540005063637,-0.0001751038058631958,0.00018235048415890032,-0.06219391776511934,-0.04937146203057703
134371717,apache/airflow,train,0.010087770363758972,0.03967389099044838,0.013570102945579376,0.006917281363181076,-0.003411984769689802,0.004905529687973946,0.00260953553264041,0.009628688947511451,0.04469373576208505,0.03297100774540263,-0.00035637493931598547,-0.011494878755323738,-0.08330964692607709,-0.0038359996610208376,-0.009771793854520868,-0.008894752460668733,-0.002298540005063637,-0.0001751038058631958,0.00018235048415890032,-0.06219391776511934,-0.02050309911992304
137711221,apache/airflow,train,0.006639016305921023,0.03850515375585714,0.007810896167967662,0.0047193995030002924,-0.006811052212508923,0.005076066068377635,0.002600629033655569,0.007564069875057289,0.03185912554410099,0.02733679484504819,0.000517016553001146,-0.009828954298030441,-0.09359915712091843,-0.0038359996610208376,-0.009771793854520868,-0.008894752460668733,-0.002298540005063637,-0.0001751038058631958,0.00018235048415890032,-0.06219391776511934,-0.06459875304756856
141561153,apache/airflow,train,0.004039689097011457,0.03733641652126591,0.0019983634016743574,0.002130369176177165,-0.005948423419036041,0.004175544163409475,0.002577573047367224,0.006325298431584792,0.02672528145690736,0.026309869341042697,0.00021909543837753213,-0.0158262823442863,-0.09359915712091843,-0.0038359996610208376,-0.009771793854520868,-0.008894752460668733,-0.002298540005063637,-0.0001751038058631958,0.00018235048415890032,-0.06219391776511934,-0.09052411987752051
143584450,apache/airflow,train,0.001012293597584594,0.03616767928667468,-0.0006679360324051401,0.00132944612543332,-0.004732821852014933,0.004746710278757523,0.0026019501399636652,0.003985396816136743,0.013890671238923296,0.018657807299767508,-0.00011173147166343833,-0.015159912561368984,-0.0991224721796364,-0.0038359996610208376,-0.009771793854520868,-0.008894752460668733,-0.002298540005063637,-0.0001751038058631958,0.00018235048415890032,-0.06219391776511934,-0.12439067638194529
144901174,apache/airflow,train,-0.0008802219698687318,0.03499894205208344,-0.006587120776061625,-0.0005704178554009172,-0.0029875897925267358,0.005129550332944204,0.0025668701362992334,-0.0011073302292501897,-0.005361244088052802,0.0040535929633237185,0.00014062817441772363,-0.01349398810407569,-0.0991224721796364,-0.0038359996610208376,-0.009771793854520868,-0.008894752460668733,-0.002298540005063637,-0.0001751038058631958,0.00018235048415890032,-0.06219391776511934,-0.17020855840390248
145826375,apache/airflow,train,-0.0016618500932172508,0.03383020481749221,-0.007333684617603883,-0.0014085931410630808,-0.003862520453649463,0.004521366736157563,0.0025917225346707277,-0.0004191238717654692,-0.004077783066254396,0.0038256056743961736,0.0004263950008387901,-0.011161693863865077,-0.0991224721796364,-0.0038359996610208376,-0.009771793854520868,-0.008894752460668733,-0.002298540005063637,-0.0001751038058631958,0.00018235048415890032,-0.06219391776511934,-0.17084018359159725
148320674,apache/airflow,train,0.0010396817739915893,0.03266146758290098,0.0026382752658534363,0.0029685444618393285,-0.006349939774705495,0.004836368140177655,0.00258747646974692,0.0013702126576948042,0.00490644408633445,0.015774821817598136,-0.0005045279453045614,-0.015159912561368984,-0.10059149289295823,-0.0038359996610208376,-0.009771793854520868,-0.008894752460668733,-0.002298540005063637,-0.0001751038058631958,0.00018235048415890032,-0.06219391776511934,-0.14081033798629766
148331227,apache/airflow,train,-0.0035298350582247456,0.03149273034830974,-0.011919719644220618,-0.0030663175949282484,-0.012676636743478447,0.006045126609123774,0.0025650322873023612,-0.005649492188649345,-0.014345471240641647,0.020038391896862694,0.0015584712747376288,-0.015159912561368984,-0.10059149289295823,0.016123186075228207,-0.009771793854520868,-0.008894752460668733,-0.002298540005063637,-0.0001751038058631958,0.00018235048415890032,-0.06219391776511934,-0.17226769683998272
150204794,apache/airflow,train,0.0008387386574965827,0.03032399311371851,0.00013195379781870916,0.0020558647063405283,-0.004610288442136759,0.004192103321443625,0.0025593822422430128,0.0012325713861978602,-0.0027943220444559894,-0.0005380710356768254,0.000394362141239968,-0.017492206801579598,-0.10745550387730346,-0.0038359996610208376,-0.009771793854520868,-0.008894752460668733,-0.002298540005063637,-0.0001751038058631958,0.00018235048415890032,-0.06219391776511934,-0.17814917990275153
154380741,apache/airflow,train,0.0054157297156321145,0.029155255879127272,0.005784508598067244,0.004272372683980471,-0.0039960676701620255,0.0036667620436670327,0.002394192766955199,0.0054994508026031275,0.013890671238923296,0.012556674442954361,0.0018678533702558946,-0.01349398810407569,-0.12010678903937994,-0.0038359996610208376,-0.009771793854520868,-0.008894752460668733,-0.002298540005063637,-0.0001751038058631958,0.00018235048415890032,-0.06219391776511934,-0.14008113033954933
159644151,apache/airflow,train,0.007688636622071483,0.02798651864453604,0.01037054362468398,0.005650705375958251,-0.00585038497858962,0.004467431164954817,0.0025368210614538254,0.009078123861523674,0.03185912554410099,0.021825947888039286,0.001688873643879225,-0.006497105383443853,-0.12437626955595812,-0.0038359996610208376,-0.009771793854520868,-0.008894752460668733,-0.002298540005063637,-0.0001751038058631958,0.00018235048415890032,-0.06219391776511934,-0.10055878955488776
161181480,apache/airflow,validation,-0.0007949957542607863,0.026817781409944803,-0.007173706651559113,-0.0014644714934405581,-0.006166209938491129,0.004279647742704825,0.0023508302554772777,0.0012325713861978602,0.006189905108132858,0.01947465318638216,0.002027545458988283,-0.004497996034691899,-0.12437626955595812,-0.0038359996610208376,-0.009771793854520868,-0.008894752460668733,-0.002298540005063637,-0.0001751038058631958,0.00018235048415890032,-0.06219391776511934,-0.16908847194867124
165625182,apache/airflow,validation,0.005265406480734863,0.02564904417535357,0.0015717554922216378,0.0026891526999519404,-0.00438683283744958,0.003656873142877234,0.002497765551537539,0.006325298431584792,0.028008742478705766,0.02795295014745148,0.001775786708207829,-0.003498441360315923,-0.12814469837171835,-0.0038359996610208376,-0.009771793854520868,-0.008894752460668733,-0.002298540005063637,-0.0001751038058631958,0.00018235048415890032,-0.06219391776511934,-0.11762495432895492
166897846,apache/airflow,validation,-0.0009581929165233342,0.02448030694076234,-0.006373816821335265,-0.0009801924395024194,-0.0036305700249697507,0.005031191525181872,0.0025210677218427064,0.00026908248571925136,-0.0027943220444559894,0.003650638685219236,0.0015584712747376288,-0.00016659244572933272,-0.1337706465107446,-0.0038359996610208376,-0.009771793854520868,-0.008894752460668733,-0.002298540005063637,-0.0001751038058631958,0.00018235048415890032,-0.06219391776511934,-0.1981513316378954
170458696,apache/airflow,validation,0.003689632575633921,0.0233115697061711,0.003811447016848416,0.0038439719824198103,-0.003153610296290564,0.0043562598740258295,0.0026003804121732337,0.004398320630627575,0.015174132260721703,0.01876970399656403,0.0006265932295179555,0.007829844949278481,-0.13406241996419369,-0.0038359996610208376,-0.009771793854520868,-0.008894752460668733,-0.002298540005063637,-0.0001751038058631958,0.00018235048415890032,-0.06219391776511934,-0.13579193069459988
173821517,apache/airflow,validation,0.0033219110515873766,0.02214283247157987,0.0001852797865002991,0.003694963042746537,-0.0023170315699534206,0.004234948405859366,0.002439410189688584,0.004123038087633686,0.015174132260721703,0.020038391896862694,0.0024322179528104434,0.015159912561368977,-0.1327735771802151,-0.0038359996610208376,-0.009771793854520868,-0.008894752460668733,-0.002298540005063637,-0.0001751038058631958,0.00018235048415890032,-0.06219391776511934,-0.12913132811090666
176198865,apache/airflow,validation,0.0011028935366935325,0.02097409523698864,-0.004294103262753256,0.0005285230746894749,-0.003862520453649463,0.004797296622435043,0.0025528449597368975,0.003297190458652022,0.024158359413310546,0.039707297454837386,0.0030908875548813636,0.02015768593324886,-0.1303240907852661,-0.0038359996610208376,-0.009771793854520868,-0.008894752460668733,-0.002298540005063637,-0.0001751038058631958,0.00018235048415890032,-0.06219391776511934,-0.10510139732429277
183601125,apache/airflow,validation,0.011092452546018875,0.0198053580023974,0.023755366783763058,0.013380544121509314,-0.003743007012431444,0.004890384854055797,0.002539126903829211,0.013482644549425885,0.06651257313265796,0.03852067849946193,0.002228420389570734,0.013160803212617025,-0.1394641768185453,-0.0038359996610208376,-0.009771793854520868,-0.008894752460668733,-0.002298540005063637,-0.0001751038058631958,0.00018235048415890032,-0.06219391776511934,-0.02082658790376725
190940307,apache/airflow,validation,0.009585223304635718,0.01863662076780617,0.02796811988960866,0.013119778477081085,-0.005309614172875114,0.00492007742602221,0.002558217133727754,0.009628688947511451,0.028008742478705766,0.016229346555778002,0.0026595532308387065,0.013493988104075682,-0.14423284196764843,-0.0038359996610208376,-0.009771793854520868,-0.008894752460668733,-0.002298540005063637,-0.0001751038058631958,0.00018235048415890032,-0.06219391776511934,-0.08972185689283003
199381500,apache/airflow,validation,0.014433364731470527,0.017467883533214934,0.03436723853139946,0.016845001968912924,-0.004813062406474161,0.00471364981709107,0.00257534764135377,0.011418025476971724,0.04469373576208505,0.026760391497638654,0.0020659327837614957,0.009828954298030435,-0.1515997272650869,-0.0038359996610208376,-0.009771793854520868,-0.008894752460668733,-0.002298540005063637,-0.0001751038058631958,0.00018235048415890032,-0.06219391776511934,-0.058231020697728716
209736341,apache/airflow,validation,0.012647351316663264,0.0162991462986237,0.04412589446013042,0.020681982165499716,-0.0037934983996962225,0.004735414394127098,0.0025932776376680813,0.013482644549425885,0.061378729045464334,0.034407066120826994,0.0028959714316415825,0.023156349956376793,-0.1442841881831121,-0.0038359996610208376,-0.009771793854520868,-0.008894752460668733,-0.002298540005063637,-0.0001751038058631958,0.00018235048415890032,-0.06219391776511934,0.0013383837255418682
213942444,apache/airflow,validation,0.0030419690040387514,0.015130409064032466,0.017782856051424982,0.0086867625218012,-0.006884105342895736,0.005110291628962055,0.0026175109197992498,0.0054994508026031275,0.007473366129931262,0.0037327219640923706,0.002148178608503238,0.03015323267700863,-0.1442841881831121,-0.0038359996610208376,-0.009771793854520868,-0.008894752460668733,-0.002298540005063637,-0.0001751038058631958,0.00018235048415890032,-0.06219391776511934,-0.13677930122190818
217952121,apache/airflow,validation,0.002831421470126223,0.013961671829441233,0.012983517070081886,0.007587821591710807,-0.006787762880848801,0.005030374233221787,0.0026391312389003833,0.004673603173621463,0.007473366129931262,0.0061328370383428275,0.0008335260397655905,0.037483300289099124,-0.12277738716399252,-0.0038359996610208376,-0.009771793854520868,-0.008894752460668733,-0.002298540005063637,-0.0001751038058631958,0.00018235048415890032,-0.06219391776511934,-0.11492233700869645
219713172,apache/airflow,validation,-0.001008927843306536,0.012792934594849998,-0.0037075173872557674,0.0004540186048528381,-0.006677500001710029,0.004568958648456687,0.002619738763278217,0.0017831364721856366,-0.00022740000085917615,0.002850326716206176,0.001470495440230044,0.04048196431222705,-0.12277738716399252,-0.0038359996610208376,-0.009771793854520868,-0.008894752460668733,-0.002298540005063637,-0.0001751038058631958,0.00018235048415890032,-0.06219391776511934,-0.15436491591293508
224349965,apache/airflow,validation,0.0032759078219476586,0.011624197360258765,0.007224310292470172,0.006004601607682276,-0.003420913400273572,0.004711735082997462,0.0025600891072418094,0.006050015888590904,0.012607210217124888,0.009047855692536293,0.0019090923323531051,0.04514655279264828,-0.10806685693616273,-0.0038359996610208376,-0.009771793854520868,-0.008894752460668733,-0.002298540005063637,-0.0001751038058631958,0.00018235048415890032,-0.06219391776511934,-0.0883139592086824
227200324,apache/airflow,validation,0.0007246472337458713,0.010455460125667532,0.004504684869709085,0.0037135891602056957,-0.004693359284248095,0.004475192291615243,0.002661024554138983,0.005637092074100071,0.01645759328252011,0.015569731386956014,0.0022684157997174366,0.04814521681577621,-0.09998559377551264,-0.0038359996610208376,-0.009771793854520868,-0.008894752460668733,-0.002298540005063637,-0.0001751038058631958,0.00018235048415890032,-0.06219391776511934,-0.0770540625337062
232060796,apache/airflow,validation,0.0027844088117625625,0.009286722891076297,0.021728979213862642,0.011890454724776579,-0.007481235278231425,0.004221591504926189,0.002648417982505267,0.008527558775535899,0.028008742478705766,0.019530166984501596,0.002237308286494949,0.06347172182287453,-0.08812715154635292,-0.0038359996610208376,-0.009771793854520868,-0.008894752460668733,-0.002298540005063637,-0.0001751038058631958,0.00018235048415890032,-0.06219391776511934,-0.00826007041565982
232316442,apache/airflow,validation,-0.003169138712760644,0.008117985656485064,-0.01106650382531518,-0.002768299715581701,-0.0031280107628303836,0.004211304498429747,0.002618061787005209,-0.003997796930686016,-0.013062010218843243,-0.014356380617574698,-0.0008833696202577629,0.06347172182287453,-0.08812715154635292,-0.0038359996610208376,-0.009771793854520868,-0.008894752460668733,-0.002298540005063637,-0.0001751038058631958,0.00018235048415890032,-0.06219391776511934,-0.14912734525350568
238719377,apache/airflow,test,0.004519516587575959,0.00694924842189383,0.01047719560204716,0.007271177594905101,-0.003213725538240148,0.003366976517127625,0.002426057753607861,0.009766330219008395,0.029292203500504172,0.017126221262365023,0.0026762417612332143,0.06313853693141587,-0.07703119651788319,-0.0038359996610208376,-0.009771793854520868,-0.008894752460668733,-0.002298540005063637,-0.0001751038058631958,0.00018235048415890032,-0.06219391776511934,-0.01022297297253684
241324139,apache/airflow,test,0.0002813336005890159,0.005780511187302595,-0.0001880021342708305,0.0022793781158504385,-0.004152257840339346,0.004027078586092155,0.0025488036419161896,0.003985396816136743,0.0036229830645360434,0.0023208895674744602,0.0022258600472114423,0.06147261247412257,-0.06211589910163375,-0.0038359996610208376,-0.009771793854520868,-0.008894752460668733,-0.002298540005063637,-0.0001751038058631958,0.00018235048415890032,-0.06219391776511934,-0.06489906904310999
243522727,apache/airflow,test,-0.0006574165570033172,0.004611773952711362,-0.0033875614551662275,0.0006961581318219076,-0.004532220465866859,0.003976918041260631,0.0025565889067650084,0.002196060286676469,-0.004077783066254396,-0.006205835038415342,0.0023934233227037942,0.06547083117162648,-0.06211589910163375,-0.0038359996610208376,-0.009771793854520868,-0.008894752460668733,-0.002298540005063637,-0.0001751038058631958,0.00018235048415890032,-0.06219391776511934,-0.08606271893887193
250088226,apache/airflow,test,0.005126331696066548,0.003443036718120127,0.017196270175927494,0.009301424397953452,-0.002611868817930487,0.004133833554540462,0.002448389812638818,0.008665200047032843,0.02287489839151214,0.013591791945282395,0.0029763143750575326,0.07380045345809295,-0.04645424703552399,-0.0038359996610208376,-0.009771793854520868,-0.008894752460668733,-0.002298540005063637,-0.0001751038058631958,0.00018235048415890032,-0.06219391776511934,0.027504071650672597
257461859,apache/airflow,test,0.0066277827002321375,0.0022742994835288936,0.0198092436213254,0.011219914496246848,-0.004183450565632831,0.004246937404298185,0.0025472436639878103,0.013345003277928943,0.05111104087107708,0.026559903376800552,0.0025293826937615475,0.07713230237267955,-0.02646365800525855,-0.0038359996610208376,-0.009771793854520868,-0.008894752460668733,-0.002298540005063637,-0.0001751038058631958,0.00018235048415890032,-0.06219391776511934,0.0997681883228779
259964514,apache/airflow,test,-0.0006246175457451844,0.0011055622489376596,2.530182045552927e-05,0.0028567877570843734,-0.005873240732266699,0.004762704260440836,0.002462558799666426,0.004123038087633686,-0.00022740000085917615,-0.004121838552303086,0.002554337261867085,0.08312963041893541,-0.02646365800525855,-0.0038359996610208376,-0.009771793854520868,-0.008894752460668733,-0.002298540005063637,-0.0001751038058631958,0.00018235048415890032,-0.06219391776511934,-0.023278591249509387
262457040,apache/airflow,test,-0.000671192290177134,-6.317498565357437e-05,0.0009318436280425584,0.0027077788174111,-0.0034952656082399237,0.004615955543338147,0.0024816002802547075,0.0034348317301489658,0.002339522042737637,0.0018877137185121342,0.002401071439012575,0.08279644552747675,-0.02646365800525855,-0.0038359996610208376,-0.009771793854520868,-0.008894752460668733,-0.002298540005063637,-0.0001751038058631958,0.00018235048415890032,-0.06219391776511934,-0.014084285230492322
269035834,apache/airflow,test,0.004721814268351255,-0.0012319122202448084,0.013570102945579376,0.008295614055158855,-0.0027535548420206503,0.004629762179113747,0.0025719936888077546,0.010454536576493116,0.03314258656589939,0.018937070850746873,0.0017687418228557355,0.08146370596164211,-0.020080379521498277,-0.0038359996610208376,-0.009771793854520868,-0.008894752460668733,-0.002298540005063637,-0.0001751038058631958,0.00018235048415890032,-0.06219391776511934,0.06850232526278677
276315192,apache/airflow,test,0.007388001285682017,-0.002400649454836042,0.015756468481524566,0.011815950254939943,0.0022006232113889494,0.004466797786769036,0.0025205924160676533,0.013069720734935052,0.056244884958270715,0.03154114867321183,0.0031317277056856184,0.08312963041893541,-0.01913640460997725,-0.0038359996610208376,-0.009771793854520868,-0.008894752460668733,-0.002298540005063637,-0.0001751038058631958,0.00018235048415890032,-0.06219391776511934,0.12274073479449979
276530798,apache/airflow,test,-0.003395458570484789,-0.003569386689427276,-0.01101317783663359,-0.0027124213632042237,-0.0017639213370235155,0.003563029732631072,0.0022962773398287474,-0.0037225143876921277,-0.011778549197044835,-0.005847569298672074,0.0013453314622712373,0.08146370596164211,-0.01913640460997725,-0.0038359996610208376,-0.009771793854520868,-0.008894752460668733,-0.002298540005063637,-0.0001751038058631958,0.00018235048415890032,-0.06219391776511934,-0.061258815861884225
282931220,apache/airflow,test,0.0033856757734064802,-0.00473812392401851,0.008130852100057201,0.008649510286882881,0.0021229769000616606,0.0037977321741151943,0.002339803161496046,0.010179254033499228,0.028008742478705766,0.014751153059436552,0.003321557494047959,0.07480000813246894,-0.01913640460997725,-0.0038359996610208376,-0.009771793854520868,-0.008894752460668733,-0.002298540005063637,-0.0001751038058631958,0.00018235048415890032,-0.06219391776511934,0.04862497999208446
287396789,apache/airflow,test,0.0007295088206148634,-0.0059068611586097445,0.002211667356400717,0.0048311562077552475,0.0010411076230863806,0.0026209726324511787,0.0023657231697622747,0.006875863517572568,0.015174132260721703,0.009861005443917395,0.0029382674323235815,0.07280089878371698,-0.013351194923742303,-0.0038359996610208376,-0.009771793854520868,-0.008894752460668733,-0.002298540005063637,-0.0001751038058631958,0.00018235048415890032,-0.06219391776511934,0.015204490097873148
290595792,apache/airflow,test,-0.0009500692419765985,-0.007075598393200978,-0.002800975579668738,0.0021489952936363244,0.00032574757059551445,0.0033231701585763945,0.0021587360358559455,0.004948885716615351,0.01645759328252011,0.018286513714942665,0.0031826801024595207,0.07413363834955161,-0.013351194923742303,-0.0038359996610208376,-0.009771793854520868,-0.008894752460668733,-0.002298540005063637,-0.0001751038058631958,0.00018235048415890032,-0.06219391776511934,0.01380036501806712
295900925,apache/airflow,test,0.0009558212560689777,-0.008244335627792213,0.011330411420952598,0.008500501347209607,0.0003818373103131275,0.0044238189184940295,0.0025051632593697756,0.009491047676014507,0.02287489839151214,0.011417582395683086,0.0020195232105195337,0.0628053520399572,-0.010992852978920544,-0.0038359996610208376,-0.009771793854520868,-0.008894752460668733,-0.002298540005063637,-0.0001751038058631958,0.00018235048415890032,-0.06219391776511934,0.03048101155128414
298892967,apache/airflow,test,-0.001130953673718244,-0.009413072862383446,0.0015184295035400477,0.003955728687174765,0.0027422527028450796,0.0039035488410191542,0.002437889211208414,0.007013504789069513,0.012607210217124888,0.006360725202362128,0.001961068698285255,0.060806242691205256,-0.010992852978920544,-0.0038359996610208376,-0.009771793854520868,-0.008894752460668733,-0.002298540005063637,-0.0001751038058631958,0.00018235048415890032,-0.06219391776511934,-0.005218036039285445
299977257,apache/airflow,test,-0.0024178268513455597,-0.01058181009697468,-0.008613508345962043,-0.001054696909339056,0.011281733898874883,0.0035390268514176467,0.002476730224159548,-0.001520254043741022,-0.011778549197044835,-0.01673884778686744,0.001065529408318163,0.061805797365581235,-0.0034258089667056116,-0.0038359996610208376,-0.009771793854520868,-0.008894752460668733,-0.002298540005063637,-0.0001751038058631958,0.00018235048415890032,-0.06219391776511934,-0.06295024151772648
306141963,apache/airflow,test,0.001487263212415117,-0.011750547331565912,0.007277636281151762,0.006414376191783778,0.001786448401377921,0.0037835769714144427,0.00244498711078254,0.00894048259002673,0.02672528145690736,0.016885405847679107,0.002325156803058763,0.053809359970573414,0.0027592309697751258,-0.0038359996610208376,-0.009771793854520868,-0.008894752460668733,-0.002298540005063637,-0.0001751038058631958,0.00018235048415890032,-0.06219391776511934,0.03590090140728245
312131648,apache/airflow,test,0.0011975534575083327,-0.012919284566157147,0.005144596733888164,0.006172236664814709,-0.00048200597301224367,0.004367618408348856,0.0024887883660528183,0.007288787332063401,0.007473366129931262,-0.00041641313767039323,0.0003454277333528211,0.05814076355953598,0.014765080390483716,-0.0038359996610208376,-0.009771793854520868,-0.008894752460668733,-0.002298540005063637,-0.0001751038058631958,0.00018235048415890032,-0.06219391776511934,0.006578758031042568
313416734,apache/airflow,test,-0.002745757585766658,-0.014088021800748382,-0.009093442244096353,-0.0014830976108997174,-0.002140221868280582,0.004563321463807846,0.0016149472297469897,-0.001382612772244078,-0.004077783066254396,0.010621097770171723,0.0026909623045528975,0.05847394845099465,0.014765080390483716,-0.0038359996610208376,-0.009771793854520868,-0.008894752460668733,-0.002298540005063637,-0.0001751038058631958,0.00018235048415890032,-0.06219391776511934,-0.029269336406630056
331316417,apache/airflow,test,0.007489385783143089,-0.015256759035339617,0.031007701244459288,0.021296644041651967,0.003286333407375951,0.004374601296105904,0.0023286615066356983,0.02105291448175781,0.09731563765581973,0.03783684345198267,0.001957111218885543,0.04814521681577621,0.023059344702801136,-0.0038359996610208376,-0.009771793854520868,-0.008894752460668733,-0.002298540005063637,-0.0001751038058631958,0.00018235048415890032,-0.06219391776511934,0.19690587950295763
333981785,apache/airflow,test,-0.00174923247826862,-0.01642549626993085,-0.004294103262753256,0.0007892887191177035,0.006237866395221546,0.004537974940834431,0.0024374797170022143,0.002196060286676469,0.006189905108132858,0.013857046387207705,0.0019451557566430577,0.04314744344389633,0.023059344702801136,-0.0038359996610208376,-0.009771793854520868,-0.008894752460668733,-0.002298540005063637,-0.0001751038058631958,0.00018235048415890032,-0.06219391776511934,-0.005059023621517
334088828,apache/airflow,test,-0.0002917250238097015,-0.01759423350452208,0.002105015379037537,0.0045331383284087,0.005349305961452289,0.004519704994803832,0.0022238309898486024,0.007151146060566457,0.013890671238923296,0.007546946583987552,0.0025546153709911142,0.04048196431222705,0.023059344702801136,-0.0038359996610208376,-0.009771793854520868,-0.008894752460668733,-0.002298540005063637,-0.0001751038058631958,0.00018235048415890032,-0.06219391776511934,0.008541968326618084
37367812,microsoft/vscode,train,-0.001305239707404112,0.09460454101623636,-0.011919719644220618,-0.0031035698298465665,-0.0045603046599275885,0.005292157563716386,0.002705167054581094,-0.005649492188649345,-0.014345471240641647,-0.007459765127516782,0.0016766248664309533,-0.024915151497696738,-0.03176277475705859,0.016123186075228207,0.03361497085955178,0.28730050447960015,0.2528394005569995,-0.0001751038058631958,-0.000379896841997709,-0.06219391776511934,0.5263861454064023
37817301,microsoft/vscode,train,-0.0019280460966721758,0.09343580378164514,0.0007718656619977886,-0.0023957773663985174,0.00541549669353894,0.003285360914258256,0.002338360181912295,-0.0012449715007471337,-0.007928166131649615,-0.003933086751918974,0.0018272127774126435,-0.02410044461654176,-0.03176277475705859,-0.0038359996610208376,-0.009771793854520868,0.28730050447960015,-0.002298540005063637,-0.0001751038058631958,-0.000379896841997709,-0.06219391776511934,0.24242608533579285
37943605,microsoft/vscode,train,-0.002863949813708389,0.0922670665470539,-0.0017877817947185288,-0.0025634124235309505,-0.004774325587080045,0.005096482633863338,0.0026474917456102915,-0.0022084604012257425,-0.013062010218843243,-0.020550795257735805,0.001735908949280587,-0.024325191342377615,-0.03176277475705859,-0.0038359996610208376,-0.009771793854520868,0.28730050447960015,-0.002298540005063637,-0.0001751038058631958,-0.000379896841997709,-0.06219391776511934,0.2064935008255438
39294083,microsoft/vscode,train,0.003159181492336654,0.09109832931246267,0.04871192948674715,-0.0006262962077783948,0.001969376038868961,0.0036702833727603043,0.0021975794862725924,0.0017831364721856366,0.015174132260721703,0.03461655564010932,0.0022624740884506587,-0.022780057602256102,-0.03176277475705859,-0.0038359996610208376,-0.009771793854520868,0.28730050447960015,-0.002298540005063637,-0.0001751038058631958,-0.000379896841997709,-0.06219391776511934,0.3581191016298371
39312361,microsoft/vscode,train,-0.0034611419491063877,0.08992959207787143,-0.01090652585927041,-0.00302906536000993,-0.012676636743478447,0.006033837330771881,0.0025514848539805917,-0.004548362016673793,-0.014345471240641647,-0.026268716464038378,0.0007873636236864534,-0.022808150942985588,-0.03176277475705859,-0.0038359996610208376,-0.009771793854520868,0.28730050447960015,-0.002298540005063637,-0.0001751038058631958,-0.000379896841997709,-0.06219391776511934,0.17814068509906175
39688865,microsoft/vscode,train,-0.0012977654814849131,0.0887608548432802,0.007704244190604482,-0.001855619960082901,0.00271517827010351,0.005308184647465006,0.0024590171622759023,0.00026908248571925136,-0.001510861022657583,0.006975011479581195,0.0011201043258464499,-0.022414844172772837,0.18491272300536346,-0.0038359996610208376,-0.009771793854520868,-0.008894752460668733,-0.002298540005063637,-0.0001751038058631958,-0.000379896841997709,-0.06219391776511934,0.18559530537898689
39843725,microsoft/vscode,train,-0.0022961090451400555,0.08759211760868897,-0.006480468798698444,-0.0026751691282859056,0.014723768244468178,-0.004677340930581549,0.001964899028392752,-0.002896666758710463,-0.009211627153448022,0.0023208895674744602,0.0011847043572241033,-0.021965350721101125,0.16713199664407394,-0.0038359996610208376,-0.009771793854520868,-0.008894752460668733,-0.002298540005063637,-0.0001751038058631958,-0.000379896841997709,-0.06219391776511934,0.13716563852010255
40776715,microsoft/vscode,train,0.0015487084748501594,0.08642338037409773,0.034527216497444224,-0.0008125573823699866,-0.0014977575466221778,0.0033130964892561445,0.0024466153377452862,0.0012325713861978602,0.002339522042737637,0.01089777137692831,0.0022991355808748915,-0.021122550499216665,0.16713199664407394,-0.0038359996610208376,-0.009771793854520868,-0.008894752460668733,-0.002298540005063637,-0.0001751038058631958,-0.000379896841997709,-0.06219391776511934,0.20117714438174306
41141564,microsoft/vscode,train,-0.0009704025507210325,0.08525464313950651,0.011383737409634189,-0.0017997416077054236,0.004510890021688074,0.002823039171906895,0.0019514052193122704,0.00013144121422230723,-0.001510861022657583,0.007766528811572128,0.001687169466147292,-0.020757337069733397,0.1268868403921794,-0.0038359996610208376,-0.009771793854520868,-0.008894752460668733,-0.002298540005063637,-0.0001751038058631958,-0.000379896841997709,-0.06219391776511934,0.1298073482010973
41368481,microsoft/vscode,train,-0.0019544099998151693,0.08408590590491527,0.0014651035148584579,-0.0025634124235309505,-0.004774325587080045,0.0021615850505477354,0.0023276328961891733,-0.0017955365867349101,-0.011778549197044835,-0.016058142881355222,0.0016256289603216166,-0.019324576692529814,0.12246334261449275,-0.0038359996610208376,-0.009771793854520868,-0.008894752460668733,-0.002298540005063637,-0.0001751038058631958,-0.000379896841997709,-0.06219391776511934,0.06833024117897976
42503695,microsoft/vscode,train,0.0035672282094507345,0.08291716867032405,0.0659362238309007,-0.0001233910363810967,0.00021400833039644042,0.005073478371497358,0.0025811293095508265,0.002196060286676469,0.011323749195326483,0.023888487100019225,0.0012515956448053746,-0.018032283018973642,0.16702357758089528,-0.0038359996610208376,-0.009771793854520868,-0.008894752460668733,-0.002298540005063637,-0.0001751038058631958,-0.000379896841997709,-0.06219391776511934,0.26026702808023383
42788476,microsoft/vscode,train,-0.0016667116800862432,0.08174843143573281,0.006157790518838373,-0.002135011721970289,-0.006066049526106707,0.0003274143536416721,0.0014970177732925324,-0.0011073302292501897,-0.009211627153448022,-0.00894168250554575,0.0018684356627787222,-0.018228936404080014,0.1934416893087463,-0.0038359996610208376,-0.009771793854520868,-0.008894752460668733,-0.002298540005063637,-0.0001751038058631958,-0.000379896841997709,-0.06219391776511934,0.1501334254382889
42914761,microsoft/vscode,train,-0.0029013394989794565,0.08057969420114156,-0.003920821341982127,-0.002731047480663383,0.004510890021688074,0.005450273568360539,0.00247887519381107,-0.002483742944219631,-0.011778549197044835,-0.013838452972076276,0.0009598264101581125,-0.01811656304116209,0.1934416893087463,-0.0038359996610208376,-0.009771793854520868,-0.008894752460668733,-0.002298540005063637,-0.0001751038058631958,-0.000379896841997709,-0.06219391776511934,0.14410072783352354
44431897,microsoft/vscode,train,0.005446224112046246,0.07941095696655033,0.07196206055192036,0.0013108200079741607,0.0008606557860479247,0.0019823559678094427,0.0024743829448704395,0.003297190458652022,0.015174132260721703,0.02431289420709971,0.0026013476047249966,-0.016683802663958507,0.20009139185036673,-0.0038359996610208376,-0.009771793854520868,-0.008894752460668733,-0.002298540005063637,-0.0001751038058631958,-0.000379896841997709,-0.06219391776511934,0.30469060566057127
44831232,microsoft/vscode,train,-0.0012405991577215862,0.07824221973195909,0.00898406791896264,-0.0018928721950012197,0.0023073609492308233,-0.0020434844588229336,0.002515095931335629,-6.200057274636875e-06,-0.01049508817524643,-0.01580910450128979,0.002105032107060494,-0.015784815760615075,0.19341944950091478,-0.0038359996610208376,-0.009771793854520868,-0.008894752460668733,-0.002298540005063637,-0.0001751038058631958,-0.000379896841997709,-0.06219391776511934,0.15275105743923748
45923262,microsoft/vscode,train,0.003142195627375297,0.07707348249736787,0.04145959502605092,-0.0008498096172883051,-0.0013129826838642197,0.0010320192401978463,0.002520909286584355,0.002196060286676469,0.008756827151729669,0.018872766743613465,0.0013395546632885232,-0.014717268812894762,0.19341944950091478,-0.0038359996610208376,-0.009771793854520868,-0.008894752460668733,-0.002298540005063637,-0.0001751038058631958,-0.000379896841997709,-0.06219391776511934,0.2453827945154976
46137151,microsoft/vscode,train,-0.0019478524242445513,0.07590474526277663,-0.004720711172205976,-0.002451655718775995,0.00041862174426746964,0.005379619331076963,0.0023878187946384613,-0.001382612772244078,-0.01049508817524643,-0.012435036126209583,0.0009598264101581125,-0.014127308657575641,0.19197545054956908,-0.0038359996610208376,-0.009771793854520868,-0.008894752460668733,-0.002298540005063637,-0.0001751038058631958,-0.000379896841997709,-0.06219391776511934,0.14191581265173014
46269305,microsoft/vscode,train,-0.0029073441154329137,0.07473600802818539,-0.0051473190816586955,-0.0026751691282859056,0.002269038704492441,0.0052784248477763815,0.002577229364729878,-0.002483742944219631,-0.011778549197044835,-0.013838452972076276,0.0007534142562707705,-0.014380148724140979,0.19197545054956908,-0.0038359996610208376,-0.009771793854520868,-0.008894752460668733,-0.002298540005063637,-0.0001751038058631958,-0.000379896841997709,-0.06219391776511934,0.13682883519391037
47380908,microsoft/vscode,train,0.003213375196953369,0.07356727079359417,0.02908796565192205,-0.0007566790299925091,0.0009642575145902207,0.0035846039901445787,0.0023806867705471516,0.0024713428296703572,0.006189905108132858,0.01249685103631801,0.0026600089644385574,-0.013509255161527038,0.18309128274396316,-0.0038359996610208376,-0.009771793854520868,-0.008894752460668733,-0.002298540005063637,-0.0001751038058631958,-0.000379896841997709,-0.06219391776511934,0.21789161201450064
48147681,microsoft/vscode,train,0.0010132473592833202,0.07239853355900293,0.015276534583390256,-0.0012782103188489662,0.0025232168583694922,0.004773678337474772,0.0024067920261923756,0.00013144121422230723,-0.004077783066254396,0.0009594797564500288,0.002341219513563475,-0.013256415094961697,0.11913849134368251,-0.0038359996610208376,-0.009771793854520868,-0.008894752460668733,-0.002298540005063637,-0.0001751038058631958,-0.000379896841997709,-0.06219391776511934,0.1148002216773121
48909216,microsoft/vscode,train,0.0008724543191032959,0.07122979632441169,0.014689948707892767,-0.001632106550572991,0.0003771810528505538,0.0031748079033574158,0.0022291787891843278,0.0013702126576948042,0.010040288173528075,0.026986432026034544,0.0022337699591251313,-0.012891201665478432,0.11913849134368251,-0.0038359996610208376,-0.009771793854520868,-0.008894752460668733,-0.002298540005063637,-0.0001751038058631958,-0.000379896841997709,-0.06219391776511934,0.15026924864655938
49545491,microsoft/vscode,train,0.00030868837678088063,0.07006105908982047,0.007064332326425403,-0.0016134804331138317,0.009523918661528304,0.00395504369210888,0.0023685189427057923,0.00040672375721619546,-0.004077783066254396,-0.00027816552629943836,0.001613344103838648,-0.01159890799192226,0.10116755609962347,-0.0038359996610208376,-0.009771793854520868,-0.008894752460668733,-0.002298540005063637,-0.0001751038058631958,-0.000379896841997709,-0.06219391776511934,0.09135084363820378
50724198,microsoft/vscode,train,0.0027583714885008447,0.06889232185522923,0.027648163957519123,-0.0009056879696657825,0.007229820809398027,0.0033502138978781333,0.0024994498402070857,0.0012325713861978602,0.002339522042737637,0.01089777137692831,0.002492234969737171,-0.01039089434055453,0.07605998357405415,-0.0038359996610208376,-0.009771793854520868,-0.008894752460668733,-0.002298540005063637,-0.0001751038058631958,-0.000379896841997709,-0.06219391776511934,0.10655383849391295
50995570,microsoft/vscode,train,-0.0024099258448996934,0.06772358462063799,-0.007067054674195934,-0.0026379168933675866,0.007948395374721374,0.005038774540241327,0.002681187268863287,-0.002483742944219631,-0.011778549197044835,-0.013838452972076276,0.0015359658287008046,-0.010306614318366084,0.07605998357405415,-0.0038359996610208376,-0.009771793854520868,-0.008894752460668733,-0.002298540005063637,-0.0001751038058631958,-0.000379896841997709,-0.06219391776511934,0.022915629968794572
51383547,microsoft/vscode,train,-0.0013305459370679734,0.06655484738604675,0.0017850594469479976,-0.002451655718775995,-0.004492100188637245,0.0052039645816338844,0.0024220237481836922,-0.0009696889577532455,-0.004077783066254396,0.007366114161270837,0.001941589276337257,-0.01230124151015931,0.06746530874753276,-0.0038359996610208376,-0.009771793854520868,-0.008894752460668733,-0.002298540005063637,-0.0001751038058631958,-0.000379896841997709,-0.06219391776511934,0.03956588757505069
51646803,microsoft/vscode,train,-0.001929263348956931,0.06538611015145553,-0.003974147330663717,-0.0024702818362351544,0.01091408626753442,0.003757825128073073,0.002677172763163223,-0.0017955365867349101,-0.006644705109851209,0.004363004284011076,0.0011577535006725697,-0.013874468591010302,0.06746530874753276,-0.0038359996610208376,-0.009771793854520868,-0.008894752460668733,-0.002298540005063637,-0.0001751038058631958,-0.000379896841997709,-0.06219391776511934,0.0374828536447361
52713427,microsoft/vscode,train,0.001562647497964614,0.06421737291686429,0.022102261134633767,-0.0012037058490123294,0.00024209252445716993,0.004292974711139961,0.0023958526809696153,0.002058419015179525,0.00490644408633445,0.012020934471023448,0.002028122542032727,-0.01707710943417125,0.055997743013701765,-0.0038359996610208376,-0.009771793854520868,-0.008894752460668733,-0.002298540005063637,-0.0001751038058631958,-0.000379896841997709,-0.06219391776511934,0.06599404491686345
53026736,microsoft/vscode,train,-0.0019211433855452094,0.06304863568227306,-0.0004546320776787803,-0.002451655718775995,0.0020555290552357105,-0.03918627100251414,0.001448412273495949,-0.0009696889577532455,-0.005361244088052802,0.00316176033310718,0.0022553026899336122,-0.01699282941198281,0.04591948401040463,-0.0038359996610208376,-0.009771793854520868,-0.008894752460668733,-0.002298540005063637,-0.0001751038058631958,-0.000379896841997709,-0.06219391776511934,-0.03699834499210715
53207412,microsoft/vscode,train,-0.002824121912732797,0.061879898447681825,-0.002907627557031918,-0.002544786306071791,-0.0012182855667007709,-0.0007838800221082095,0.0027019666623624037,-0.0023461016727226868,-0.013062010218843243,-0.020312548540806545,0.0008434905660293005,-0.01699282941198281,0.04591948401040463,-0.0038359996610208376,-0.009771793854520868,-0.008894752460668733,-0.002298540005063637,-0.0001751038058631958,-0.000379896841997709,-0.06219391776511934,-0.03919735591677692
53665953,microsoft/vscode,train,-0.0013599269929777536,0.06071116121309059,0.00023860577518188908,-0.0025261601886126315,-0.0034360309557545142,0.0016054282398126527,0.0022695261558225537,-0.001382612772244078,-0.007928166131649615,-0.0032125825676570657,0.0015778180616815656,-0.01634668257520472,0.03820872023714301,-0.0038359996610208376,-0.009771793854520868,-0.008894752460668733,-0.002298540005063637,-0.0001751038058631958,-0.000379896841997709,-0.06219391776511934,-0.01913090689562246
54908167,microsoft/vscode,train,0.002910182888538913,0.059542423978499355,0.025461798421573936,-0.0009056879696657825,0.00237458725991596,0.0011247104023258082,0.0023717802715623104,0.0015078539291917485,0.0010560610209392304,0.006719290495399499,0.0018292750369638898,-0.0160657491679099,0.024886185753757246,-0.0038359996610208376,-0.009771793854520868,-0.008894752460668733,-0.002298540005063637,-0.0001751038058631958,-0.000379896841997709,-0.06219391776511934,0.025262707926837914
55299055,microsoft/vscode,train,-0.001664974868899458,0.05837368674390812,-0.0020010857494448886,-0.002321272896561881,0.0023283469403970825,0.005475406312048428,0.0024566528207282026,-0.0017955365867349101,-0.01049508817524643,-0.01095285609001365,0.0019463877263185823,-0.015194855605295956,0.009273840656039563,-0.0038359996610208376,-0.009771793854520868,-0.008894752460668733,-0.002298540005063637,-0.0001751038058631958,-0.000379896841997709,-0.06219391776511934,-0.05212135316701151
55479840,microsoft/vscode,train,-0.002901317232169369,0.057204949509316885,-0.006800424730787984,-0.002619290775908428,-0.003862520453649463,0.0023487235553293186,0.002655879064440844,-0.002621384215716575,-0.01049508817524643,-0.006775803260734179,0.0016766248664309533,-0.015475789012590778,0.009273840656039563,-0.0038359996610208376,-0.009771793854520868,-0.008894752460668733,-0.002298540005063637,-0.0001751038058631958,-0.000379896841997709,-0.06219391776511934,-0.06594160459949996
58631352,microsoft/vscode,train,0.012190072682446854,0.056036212274725654,0.0860934475525417,0.0018323512968306179,0.002673229927299201,0.0037510030576777265,0.002436368232728244,0.003847755544639798,0.019024515326116924,0.027595758667797392,0.0019011466897466335,-0.012863108324748948,-0.0314917270991122,-0.0038359996610208376,-0.009771793854520868,-0.008894752460668733,-0.002298540005063637,-0.0001751038058631958,-0.000379896841997709,-0.06219391776511934,0.08547702143443531
59039716,microsoft/vscode,train,-0.0019514522252086143,0.05486747504013442,0.0014651035148584579,-0.0022281423092660848,-0.006581769096256276,0.005323031429013077,0.0024993328418624577,-0.0008320476862563015,-0.005361244088052802,0.0023208895674744602,0.0020172775192413258,-0.012413614873077237,-0.0314917270991122,-0.0038359996610208376,-0.009771793854520868,-0.008894752460668733,-0.002298540005063637,-0.0001751038058631958,-0.000379896841997709,-0.06219391776511934,-0.07991689185889964
59258028,microsoft/vscode,train,-0.0029006195387866435,0.053698737805543184,-0.003280909477803048,-0.002749673598122542,-0.0036305700249697507,0.0056041660676513175,0.002628333266677382,-0.0020708191297287987,-0.009211627153448022,-0.004276711824413125,0.0020116364906149096,-0.012525988235995164,-0.0314917270991122,-0.0038359996610208376,-0.009771793854520868,-0.008894752460668733,-0.002298540005063637,-0.0001751038058631958,-0.000379896841997709,-0.06219391776511934,-0.09574577684614682
60929829,microsoft/vscode,train,0.0032076118042758534,0.05253000057095195,0.032180872995454274,-0.0006262962077783948,0.0006770807933677225,0.0026952892151963217,0.0025721155620834096,0.0017831364721856366,-0.00022740000085917615,0.002850326716206176,0.002493222865933353,-0.0110651345180621,-0.0314917270991122,-0.0038359996610208376,-0.009771793854520868,-0.008894752460668733,-0.002298540005063637,-0.0001751038058631958,-0.000379896841997709,-0.06219391776511934,-0.02997090522441146
61302351,microsoft/vscode,train,-0.0019497302585618872,0.051361263336360714,-0.004294103262753256,-0.0023585251314801993,-0.0026505794637979754,0.0054526831708696915,0.002448891930534515,-0.0019331778582318544,-0.007928166131649615,0.0002031409725475689,0.0019451557566430577,-0.010868481132955727,-0.026772309054867483,-0.0038359996610208376,-0.009771793854520868,-0.008894752460668733,-0.002298540005063637,-0.0001751038058631958,-0.000379896841997709,-0.06219391776511934,-0.08489394152159677
61529769,microsoft/vscode,train,-0.002887018228958509,0.05019252610176948,-0.005840556934519365,-0.002656543010826746,-0.0031280107628303836,0.005165529834225914,0.0024977265520893296,-0.002483742944219631,-0.013062010218843243,-0.02005358471805732,0.0013622395785919893,-0.010952761155144174,-0.02336339504823692,-0.0038359996610208376,-0.009771793854520868,-0.008894752460668733,-0.002298540005063637,-0.0001751038058631958,-0.000379896841997709,-0.06219391776511934,-0.11275960534921389
63185929,microsoft/vscode,train,0.002861941844485455,0.04902378886717825,0.043326004629906566,0.0003608880175570422,-0.0028199905699062525,0.0021994137658623647,0.0026350655464245447,0.0027466253726642453,0.006189905108132858,0.011225848823191565,0.002291418909180135,-0.010306614318366084,-0.02209540829030056,-0.0038359996610208376,-0.009771793854520868,-0.008894752460668733,-0.002298540005063637,-0.0001751038058631958,-0.000379896841997709,-0.06219391776511934,8.888331175582048e-05
63892925,microsoft/vscode,train,-0.0009804745711503803,0.04785505163258702,0.007917548145330843,-0.0015762281981955132,-0.002895117446229207,0.001064350456944419,0.0023504719480468526,0.00013144121422230723,-0.0027943220444559894,0.004363004284011076,0.0011536152401182048,-0.00937953407429318,-0.02181019778175867,-0.0038359996610208376,-0.009771793854520868,-0.008894752460668733,-0.002298540005063637,-0.0001751038058631958,-0.000379896841997709,-0.06219391776511934,-0.06215039558907654
64270464,microsoft/vscode,train,-0.0019432357722865155,0.04668631439799578,-0.0051473190816586955,-0.002656543010826746,0.004033458722655666,-0.002388019109307974,0.0018852475303559049,-0.0020708191297287987,-0.013062010218843243,-0.02077071530413207,0.0003663914677320055,-0.008873853941162503,-0.020349583375527246,-0.0038359996610208376,-0.009771793854520868,-0.008894752460668733,-0.002298540005063637,-0.0001751038058631958,-0.000379896841997709,-0.06219391776511934,-0.11184069121898876
66150183,microsoft/vscode,train,0.0038473149912649253,0.04551757716340455,0.019969221587370172,0.000733410366740226,-0.002942600549613912,0.004802738810366203,0.002658630963005126,0.0013702126576948042,-0.004077783066254396,-0.0038454960471655643,0.001633815594078299,-0.008227707104384415,-0.023447032611260375,-0.0038359996610208376,-0.009771793854520868,-0.008894752460668733,-0.002298540005063637,-0.0001751038058631958,-0.000379896841997709,-0.06219391776511934,-0.04955770163900866
66499794,microsoft/vscode,train,-0.0019439334656692414,0.04434883992881331,-0.004827363149569156,-0.0015576020807363542,-0.0071545397908145,0.00488743882441514,0.0027122405795000893,-0.0020708191297287987,-0.013062010218843243,-0.02077071530413207,0.0021424283745352167,-0.007946773697089597,-0.028360796103905836,-0.0038359996610208376,-0.009771793854520868,-0.008894752460668733,-0.002298540005063637,-0.0001751038058631958,-0.000379896841997709,-0.06219391776511934,-0.12115360962747934
67208072,microsoft/vscode,train,-0.0009687325399645088,0.04318010269422208,0.0005585617072714288,2.56179032921768e-05,-0.0048331225450889675,0.004920371457280462,0.0027107488506060767,-0.001520254043741022,-0.011778549197044835,-0.01673884778686744,0.001365924680867024,-0.007272533519582027,-0.033288385860357234,-0.0038359996610208376,-0.009771793854520868,-0.008894752460668733,-0.002298540005063637,-0.0001751038058631958,-0.000379896841997709,-0.06219391776511934,-0.11118910259336112
69088479,microsoft/vscode,train,0.003514659981970373,0.04201136545963085,0.019702591643962222,0.004961539029969362,-0.0072517822602465275,0.004827614076381588,0.002708796440730089,0.0019207777436825806,0.010040288173528075,0.0231133303176656,0.0020263037086262095,-0.004828412876117091,-0.03685354258721728,-0.0038359996610208376,-0.009771793854520868,-0.008894752460668733,-0.002298540005063637,-0.0001751038058631958,-0.000379896841997709,-0.06219391776511934,-0.02165647554168825
69548231,microsoft/vscode,train,-0.0016192462632508141,0.04084262822503961,0.003278187130032516,0.0003608880175570422,-0.007440293463768216,0.005511040046043822,0.002705469300304717,-0.0009696889577532455,-0.009211627153448022,-0.009451301151383769,0.0019946031289880778,-0.004631759491010717,-0.03685354258721728,-0.0038359996610208376,-0.009771793854520868,-0.008894752460668733,-0.002298540005063637,-0.0001751038058631958,-0.000379896841997709,-0.06219391776511934,-0.10303464761412061
71502038,microsoft/vscode,train,0.0035174952891214484,0.03967389099044838,0.03586036621448398,0.009059284870984383,-0.00890397900533572,0.0051110878611661656,0.002706298038579169,0.002333701558173413,0.0010560610209392304,0.0033067380513197246,0.0018229102656703098,-0.0030585324101597244,-0.037852312138923,-0.0038359996610208376,-0.009771793854520868,-0.008894752460668733,-0.002298540005063637,-0.0001751038058631958,-0.000379896841997709,-0.06219391776511934,-0.03291699378778655
71824091,microsoft/vscode,train,-0.0019510068890068745,0.03850515375585714,-0.002800975579668738,-0.0010174446744207375,-0.00704976786202513,0.005132639546959757,0.0026882949182994655,-0.001657895315237966,-0.01049508817524643,-0.011480989206359333,-0.0007456389227283102,-0.0022719188697342264,-0.03643186528220647,-0.0038359996610208376,-0.009771793854520868,-0.008894752460668733,-0.002298540005063637,-0.0001751038058631958,-0.000379896841997709,-0.06219391776511934,-0.11712650694977217
72267785,microsoft/vscode,train,-0.0015680548668608291,0.03733641652126591,-0.002321041681534428,-0.0004772872681051213,-0.008207067135515517,0.004867034439755745,0.0026933477843081068,-0.0012449715007471337,-0.01049508817524643,-0.012867338636766734,0.0011418704625448673,-0.0017381453958740679,-0.03390924152913698,-0.0038359996610208376,-0.009771793854520868,-0.008894752460668733,-0.002298540005063637,-0.0001751038058631958,-0.000379896841997709,-0.06219391776511934,-0.11433957137616693
73681305,microsoft/vscode,train,0.001874453350747719,0.03616767928667468,0.02012919955341494,0.0052968091442342265,-0.007468295299488598,0.004790819448015973,0.002697662098266281,0.002608984101167301,0.007473366129931262,0.014233225413938138,0.002764516034318305,-0.0005582250852358241,-0.03390924152913698,-0.0038359996610208376,-0.009771793854520868,-0.008894752460668733,-0.002298540005063637,-0.0001751038058631958,-0.000379896841997709,-0.06219391776511934,-0.03144905174740689
74130772,microsoft/vscode,train,-0.001614588788807619,0.03499894205208344,0.00023860577518188908,0.00010012237312881355,-0.008679537495765296,0.003240714357058425,0.0026909493182432236,-0.00014384132877158097,-0.005361244088052802,-0.0012528111864646468,0.0010029421067760294,0.00039694849956656373,-0.03176277475705859,-0.0038359996610208376,-0.009771793854520868,-0.008894752460668733,-0.002298540005063637,-0.0001751038058631958,-0.000379896841997709,-0.06219391776511934,-0.09369557755713648
74651367,microsoft/vscode,train,-0.001293597876863632,0.03383020481749221,-0.002640997613623968,-0.00036553056335016614,-0.006440799368361343,0.005227929093254949,0.002697776659145397,-0.0017955365867349101,-0.011778549197044835,-0.016058142881355222,0.0023534050180842934,0.0008183486105087944,-0.029491506015164256,-0.0038359996610208376,-0.009771793854520868,-0.008894752460668733,-0.002298540005063637,-0.0001751038058631958,-0.000379896841997709,-0.06219391776511934,-0.11248700029826701
76071146,microsoft/vscode,train,0.0012689556951872728,0.03266146758290098,0.015489838538116618,0.003508701868154945,-0.007835079908220268,0.004708137103239311,0.002690293640020202,0.00040672375721619546,-0.006644705109851209,-0.006775803260734179,0.0017822121876718115,0.002616322417195644,-0.027623334924899906,-0.0038359996610208376,-0.009771793854520868,-0.008894752460668733,-0.002298540005063637,-0.0001751038058631958,-0.000379896841997709,-0.06219391776511934,-0.0712962748082569
77034280,microsoft/vscode,train,0.0003046617952901502,0.03149273034830974,0.005304574699932934,0.0013853244778107975,-0.005069432642713185,0.005229378207618635,0.0026878415497140306,-0.0006944064147593575,-0.009211627153448022,-0.010385602002086802,0.001903299300856023,0.004161456157317155,-0.02570381711096251,-0.0038359996610208376,-0.009771793854520868,-0.008894752460668733,-0.002298540005063637,-0.0001751038058631958,-0.000379896841997709,-0.06219391776511934,-0.08614562318137474
77323275,microsoft/vscode,train,-0.0028966337797810726,0.03032399311371851,-0.007280358628922294,-0.0020232550172153336,-0.006749903376179649,0.0051278383646119145,0.0026680200801615594,-0.0022084604012257425,-0.011778549197044835,-0.01483287405143324,0.0014117978505666033,0.004273829520235083,-0.02570381711096251,-0.0038359996610208376,-0.009771793854520868,-0.008894752460668733,-0.002298540005063637,-0.0001751038058631958,-0.000379896841997709,-0.06219391776511934,-0.11721837702772533
79195907,microsoft/vscode,train,0.0031960145073555474,0.029155255879127272,0.025781754353663477,0.007345682064741737,-0.008285290035800733,0.0058077268036625445,0.0027091084363157648,0.002333701558173413,0.006189905108132858,0.013165222889772421,0.0018728790406580102,0.005509936512332293,-0.025131142059301267,-0.0038359996610208376,-0.009771793854520868,-0.008894752460668733,-0.002298540005063637,-0.0001751038058631958,-0.000379896841997709,-0.06219391776511934,-0.01789924933542098
79559974,microsoft/vscode,train,-0.0019490622542592776,0.02798651864453604,-0.004774037160887566,-0.0008684357347474642,-0.0045603046599275885,0.005109172118260899,0.002717271508319113,-0.0017955365867349101,-0.01049508817524643,-0.01095285609001365,0.0014244463050556474,0.00590324328254504,-0.025131142059301267,-0.0038359996610208376,-0.009771793854520868,-0.008894752460668733,-0.002298540005063637,-0.0001751038058631958,-0.000379896841997709,-0.06219391776511934,-0.10493581525665574
81875229,microsoft/vscode,train,0.00355890784474823,0.026817781409944803,0.024288626670578958,0.00848187522975045,-0.006597447212390609,0.005196561241397137,0.002706766031957683,0.00357247300164591,0.00490644408633445,0.005734573869744637,0.0008343527481301301,0.007701217089231889,-0.02594686643940685,-0.0038359996610208376,-0.009771793854520868,-0.008894752460668733,-0.002298540005063637,-0.0001751038058631958,-0.000379896841997709,-0.06219391776511934,-0.026294738822587517
82594810,microsoft/vscode,train,-0.0013128178451037168,0.02564904417535357,7.862780913711922e-05,0.0008637931889543402,-0.00675917838927401,0.005292157563716386,0.0027054254259254815,-0.00014384132877158097,-0.004077783066254396,0.0023208895674744602,0.0021977259663880345,0.00854401731111635,-0.027748416286209027,-0.0038359996610208376,-0.009771793854520868,-0.008894752460668733,-0.002298540005063637,-0.0001751038058631958,-0.000379896841997709,-0.06219391776511934,-0.07994036030180131
85353072,microsoft/vscode,train,0.005449553000154249,0.02448030694076234,0.036766908022071006,0.010102347448697297,-0.0071009933640873366,0.004677675103325817,0.002715019290185015,0.004948885716615351,0.020307976347915327,0.023855917487315286,0.0026574420312104855,0.00798215049652671,-0.028478044664995227,-0.0038359996610208376,-0.009771793854520868,-0.008894752460668733,-0.002298540005063637,-0.0001751038058631958,-0.000379896841997709,-0.06219391776511934,0.020815139461442
86140126,microsoft/vscode,train,-0.0011119415290389706,0.0233115697061711,0.004558010858390675,0.0020372385888813693,-0.009147796707151984,0.005605172455857019,0.0027154921584945555,0.0006820063002100837,-0.001510861022657583,0.0048069422658668665,0.0022217628509750235,-0.002777599002864904,-0.027198332197239907,-0.0038359996610208376,-0.009771793854520868,-0.008894752460668733,-0.002298540005063637,-0.0001751038058631958,-0.000379896841997709,-0.06219391776511934,-0.08335833966836098
79815982,microsoft/vscode,train,-0.0035395619430977445,0.02214283247157987,-0.011919719644220618,-0.0031035698298465665,-0.0045603046599275885,0.005292157563716386,0.002705167054581094,-0.005649492188649345,-0.014345471240641647,-0.007459765127516782,0.0016766248664309533,-0.002777599002864904,-0.027198332197239907,0.016123186075228207,0.03361497085955178,-0.008894752460668733,-0.002298540005063637,-0.0001751038058631958,-0.000379896841997709,-0.06219391776511934,-0.07294108782162942
86689083,microsoft/vscode,train,-0.0018152201699614082,0.02097409523698864,-0.0009878919644946797,-0.0004214089157276437,-0.010687339664176768,0.0057395887539815425,0.00271615027418309,-0.001382612772244078,-0.009211627153448022,-0.007823809346933325,7.650609986335848e-07,-0.004182266039339003,-0.027198332197239907,-0.0038359996610208376,-0.009771793854520868,-0.008894752460668733,-0.002298540005063637,-0.0001751038058631958,-0.000379896841997709,-0.06219391776511934,-0.12182991329166726
88483006,microsoft/vscode,train,0.0031806949420157,0.0198053580023974,0.012130301251176447,0.002633274347574463,-0.007468295299488598,0.005523260314614188,0.0027149096042369263,-0.0005567651432624133,-0.009211627153448022,-0.01081487536592333,-0.0009219682067532915,-0.004968879579764502,-0.030140932213608394,-0.0038359996610208376,-0.009771793854520868,-0.008894752460668733,-0.002298540005063637,-0.0001751038058631958,-0.000379896841997709,-0.06219391776511934,-0.10564554889448777
91182971,microsoft/vscode,train,0.0038574315453144474,0.01863662076780617,0.032714132882270174,0.009282798280494293,-0.008627444974241227,0.00486740089948569,0.002714051616376317,0.0016454952006886925,0.00490644408633445,0.014188273203196766,0.001672342916274008,-0.0026933189806764577,-0.04508476714512851,-0.0038359996610208376,-0.009771793854520868,-0.008894752460668733,-0.002298540005063637,-0.0001751038058631958,-0.000379896841997709,-0.06219391776511934,-0.0494705440960595
91935081,microsoft/vscode,train,-0.0013049057052528072,0.017467883533214934,-0.0036008654098925873,-0.00038415668080932534,-0.007967725300967073,0.0025263544727225718,0.002709495993332347,-0.001520254043741022,-0.007928166131649615,-0.0024440447711110225,0.0011908823228028377,-0.0013729319663908026,-0.04236699312871898,-0.0038359996610208376,-0.009771793854520868,-0.008894752460668733,-0.002298540005063637,-0.0001751038058631958,-0.000379896841997709,-0.06219391776511934,-0.13254543121071485
94139371,microsoft/vscode,train,0.0028848247029848485,0.0162991462986237,0.02098241537232038,0.004421381623653745,-0.007571430773627002,0.005121926001310933,0.002712852383343876,0.001094930114700916,-0.00022740000085917615,0.005821657652965818,0.0019264006656184104,0.0015768688102048094,-0.04236699312871898,-0.0038359996610208376,-0.009771793854520868,-0.008894752460668733,-0.002298540005063637,-0.0001751038058631958,-0.000379896841997709,-0.06219391776511934,-0.07487342467173204
95113631,microsoft/vscode,train,-0.0009966402752735332,0.015130409064032466,0.005891160575430423,0.0014039505952699565,-0.00794178088530585,0.004706421938732175,0.0027036582634284894,-0.0004191238717654692,-0.005361244088052802,6.381540709185733e-05,0.0015877148782705072,0.002532042395007197,-0.040559503292230945,-0.0038359996610208376,-0.009771793854520868,-0.008894752460668733,-0.002298540005063637,-0.0001751038058631958,-0.000379896841997709,-0.06219391776511934,-0.10880912368961985
95724132,microsoft/vscode,train,-0.0016471873987749693,0.013961671829441233,-0.002161063715489659,-0.0004027827982684845,-0.005564556702719887,0.005757549612981707,0.0026964604277683268,-0.0009696889577532455,-0.009211627153448022,-0.009451301151383769,0.0005658950181080901,0.003150095891055803,-0.03981572203927173,-0.0038359996610208376,-0.009771793854520868,-0.008894752460668733,-0.002298540005063637,-0.0001751038058631958,-0.000379896841997709,-0.06219391776511934,-0.13064226153200892
97531004,microsoft/vscode,train,0.0013082751706658792,0.012792934594849998,0.027328208025429585,0.0047193995030002924,-0.008857186351219216,0.005323217846938271,0.00271091703572648,0.0016454952006886925,0.002339522042737637,0.008794007914232078,0.0018101897961712342,0.003992896112940263,-0.03981572203927173,-0.0038359996610208376,-0.009771793854520868,-0.008894752460668733,-0.002298540005063637,-0.0001751038058631958,-0.000379896841997709,-0.06219391776511934,-0.06345784954136487
98217566,microsoft/vscode,train,-0.0016512251136707426,0.011624197360258765,0.0004519097299082488,-0.0007380529125333499,-0.008616591050919428,0.005029983337639212,0.00269987531695217,-0.0017955365867349101,-0.013062010218843243,-0.0211634296726968,0.000493730862236858,0.004386202883153012,-0.03966779998116857,-0.0038359996610208376,-0.009771793854520868,-0.008894752460668733,-0.002298540005063637,-0.0001751038058631958,-0.000379896841997709,-0.06219391776511934,-0.1495587504406731
98954070,microsoft/vscode,train,-0.0016045984133485906,0.010455460125667532,-0.002161063715489659,-0.0013154625537672847,-0.009095902000735423,0.004791489668459859,0.002694157022858454,-0.001382612772244078,-0.009211627153448022,-0.007823809346933325,0.00029730543261943847,0.004835696334824724,-0.04107031563732537,-0.0038359996610208376,-0.009771793854520868,-0.008894752460668733,-0.002298540005063637,-0.0001751038058631958,-0.000379896841997709,-0.06219391776511934,-0.13814128740311604
99179067,microsoft/vscode,train,-0.0032169678208274943,0.009286722891076297,-0.009413398176185892,-0.002582038540990109,-0.010630502604768156,0.005838495949748884,0.0027130059436712003,-0.0037225143876921277,-0.013062010218843243,-0.016058142881355222,0.0007506694137988645,0.004835696334824724,-0.04107031563732537,-0.0038359996610208376,-0.009771793854520868,-0.008894752460668733,-0.002298540005063637,-0.0001751038058631958,-0.000379896841997709,-0.06219391776511934,-0.16388130412912197
101788867,microsoft/vscode,train,0.003256197983885661,0.008117985656485064,0.028021445878290252,0.005892844902927321,-0.005085182547683714,0.005100152909151302,0.0027110023470194385,0.000957288843203972,-0.00022740000085917615,0.0064902071137367375,0.0013491916597223035,0.006296550052757788,-0.04577250285750958,-0.0038359996610208376,-0.009771793854520868,-0.008894752460668733,-0.002298540005063637,-0.0001751038058631958,-0.000379896841997709,-0.06219391776511934,-0.07044222245312694
102384496,microsoft/vscode,train,-0.001671109375078423,0.00694924842189383,-0.004720711172205976,-0.001445845375981399,-0.005595633207267524,0.00026945278769903897,0.0026888628477640163,-0.0020708191297287987,-0.013062010218843243,-0.02077071530413207,-0.0006178887105270809,0.007729310429961373,-0.047971424702258604,-0.0038359996610208376,-0.009771793854520868,-0.008894752460668733,-0.002298540005063637,-0.0001751038058631958,-0.000379896841997709,-0.06219391776511934,-0.16783928710295917
102722107,microsoft/vscode,train,-0.002798656104263312,0.005780511187302595,-0.002800975579668738,-0.0010733230267982153,-0.008997349668366359,0.003431365081881747,0.0027052572408050785,-0.0008320476862563015,-0.01049508817524643,-0.014016028164818591,0.0020329281926484487,0.007616937067043444,-0.049147697278114084,-0.0038359996610208376,-0.009771793854520868,-0.008894752460668733,-0.002298540005063637,-0.0001751038058631958,-0.000379896841997709,-0.06219391776511934,-0.15614417130810504
107875358,microsoft/vscode,train,0.005343188159503724,0.004611773952711362,0.04641891197343879,0.009040658753525223,-0.0074922600607339376,0.004700312860292136,0.002707658144335475,0.0034348317301489658,0.006189905108132858,0.008385351452946875,0.0013611886170656537,0.008375457266739458,-0.05252502535575959,-0.0038359996610208376,-0.009771793854520868,-0.008894752460668733,-0.002298540005063637,-0.0001751038058631958,-0.000379896841997709,-0.06219391776511934,-0.04699805179190734
108419575,microsoft/vscode,train,-0.001913583803520677,0.003443036718120127,-0.003654191398574177,-0.0011664536140940113,-0.009371343134792584,0.002788478111171374,0.0027024736551891264,-0.0019331778582318544,-0.014345471240641647,-0.026268716464038378,0.001276935404638265,0.009386817533000812,-0.05493277338219339,-0.0038359996610208376,-0.009771793854520868,-0.008894752460668733,-0.002298540005063637,-0.0001751038058631958,-0.000379896841997709,-0.06219391776511934,-0.18153797386822135
108764918,microsoft/vscode,train,-0.002939219054072437,0.0022742994835288936,-0.006907076708151163,-0.002321272896561881,-0.011312547317671581,0.005967588137355043,0.002701988599552021,-0.002759025487213519,-0.013062010218843243,-0.019461667408916274,0.0007506694137988645,0.009723937621754596,-0.05493277338219339,-0.0038359996610208376,-0.009771793854520868,-0.008894752460668733,-0.002298540005063637,-0.0001751038058631958,-0.000379896841997709,-0.06219391776511934,-0.17982711361188838
111301684,microsoft/vscode,train,0.0032067471098174752,0.0011055622489376596,0.033620674689857195,0.006265367252110504,-0.008917933077139848,0.0057960599212803525,0.0027058397950627078,0.0019207777436825806,0.0010560610209392304,0.004919944661248339,0.0010902842088240296,0.01242089833178487,-0.05493277338219339,-0.0038359996610208376,-0.009771793854520868,-0.008894752460668733,-0.002298540005063637,-0.0001751038058631958,-0.000379896841997709,-0.06219391776511934,-0.0772924938700426
112148927,microsoft/vscode,train,-0.00130717691988168,-6.317498565357437e-05,0.0028515792205797965,0.00039814025247536056,-0.006886512478617385,0.003808555321070871,0.0026952270702187016,-0.001657895315237966,-0.009211627153448022,-0.006551746787132977,0.0009243376779238733,0.013291791894398813,-0.053175539734831155,-0.0038359996610208376,-0.009771793854520868,-0.008894752460668733,-0.002298540005063637,-0.0001751038058631958,-0.000379896841997709,-0.06219391776511934,-0.14243404633238965
113907434,microsoft/vscode,train,0.0010370357347262524,-0.0012319122202448084,0.014529970741847996,0.0031175534015126017,-0.006844541833142502,0.005293337160115177,0.00270946674374619,0.0005443650287131396,-0.005361244088052802,-0.004032356217306178,7.456380056769231e-05,0.015651632515675303,-0.04953265921203043,-0.0038359996610208376,-0.009771793854520868,-0.008894752460668733,-0.002298540005063637,-0.0001751038058631958,-0.000379896841997709,-0.06219391776511934,-0.11159479283812668
115015295,microsoft/vscode,train,-0.0013685702264265198,-0.002400649454836042,-0.0031209315117582776,-0.0008498096172883051,-0.008415266471123114,0.005569033186326594,0.0027025102171718226,-0.001520254043741022,-0.014345471240641647,-0.026268716464038378,0.0008605296543107939,0.015370699108380481,-0.04953265921203043,-0.0038359996610208376,-0.009771793854520868,-0.008894752460668733,-0.002298540005063637,-0.0001751038058631958,-0.000379896841997709,-0.06219391776511934,-0.17086956046994836
115963844,microsoft/vscode,train,-0.0013105243636647574,-0.003569386689427276,0.001358451537495278,-0.0004586611506459621,-0.0074316168386154196,0.0043180559406028815,0.002703041584653677,-0.0012449715007471337,-0.01049508817524643,-0.012867338636766734,0.0008808675440626542,0.01584828590078168,-0.04935276387757113,-0.0038359996610208376,-0.009771793854520868,-0.008894752460668733,-0.002298540005063637,-0.0001751038058631958,-0.000379896841997709,-0.06219391776511934,-0.149171653119343
120333378,microsoft/vscode,train,0.005458582191644525,-0.00473812392401851,0.0537778984114982,0.008388744642454652,-0.007569592053666677,0.005076710583904194,0.0027051475548569887,0.0031595491871550777,0.006189905108132858,0.009468291075352667,0.0015103914582044132,0.018208126522058166,-0.05475536036971905,-0.0038359996610208376,-0.009771793854520868,-0.008894752460668733,-0.002298540005063637,-0.0001751038058631958,-0.000379896841997709,-0.06219391776511934,-0.0406697340063968
120835552,microsoft/vscode,train,-0.0019558944538209683,-0.0059068611586097445,-0.0009345659758130898,-0.0007380529125333499,-0.007714358674795203,0.004879557481884968,0.002713629934842552,-0.0019331778582318544,-0.013062010218843243,-0.02097434497672119,0.002009672692854535,0.018545246610811948,-0.05541024795470059,-0.0038359996610208376,-0.009771793854520868,-0.008894752460668733,-0.002298540005063637,-0.0001751038058631958,-0.000379896841997709,-0.06219391776511934,-0.16803141185792955
121480572,microsoft/vscode,train,-0.0017624478300552473,-0.007075598393200978,-0.004827363149569156,-0.0015389759632771951,-0.0065382343273475505,0.005674056537780047,0.0026860914494756297,-0.0009696889577532455,-0.007928166131649615,-0.005246947323220126,0.0015264898514221424,0.01935995349196693,-0.05541024795470059,-0.0038359996610208376,-0.009771793854520868,-0.008894752460668733,-0.002298540005063637,-0.0001751038058631958,-0.000379896841997709,-0.06219391776511934,-0.14960108309438327
123355143,microsoft/vscode,train,0.0010740617287658984,-0.008244335627792213,0.013143495036126657,0.0036204585729099,-0.008709063621325518,0.005012090266760734,0.0027119480836385185,0.00013144121422230723,-0.01049508817524643,-0.016058142881355222,0.0007855289131920729,0.021270300661571706,-0.05541024795470059,-0.0038359996610208376,-0.009771793854520868,-0.008894752460668733,-0.002298540005063637,-0.0001751038058631958,-0.000379896841997709,-0.06219391776511934,-0.1387175581774865
123736439,microsoft/vscode,train,-0.002863745701282592,-0.009413072862383446,-0.0048806891382507465,-0.0016879849029504685,-0.00966128117064222,0.0022536439536465754,0.0026879390483345537,-0.002621384215716575,-0.014345471240641647,-0.026268716464038378,0.0011335957328909225,0.02146695404667808,-0.05541024795470059,-0.0038359996610208376,-0.009771793854520868,-0.008894752460668733,-0.002298540005063637,-0.0001751038058631958,-0.000379896841997709,-0.06219391776511934,-0.18716046526331084
124696615,microsoft/vscode,train,-0.001252482212038009,-0.01058181009697468,0.001305125548813688,0.0001746268429654503,-0.005189645917743029,0.005594585476206282,0.002701125736760386,0.00013144121422230723,-0.0027943220444559894,0.004363004284011076,0.0009994650344681319,0.022056914201997204,-0.054688363872206845,-0.0038359996610208376,-0.009771793854520868,-0.008894752460668733,-0.002298540005063637,-0.0001751038058631958,-0.000379896841997709,-0.06219391776511934,-0.12473034019822835
127569793,microsoft/vscode,train,0.0031485379571150746,-0.011750547331565912,0.030367789380280213,0.006172236664814709,-0.008420020342466663,0.00577625992918815,0.0027099298621936774,0.0012325713861978602,-0.006644705109851209,-0.009114952845130675,0.001323455387435058,0.023489674579200787,-0.05305859332960482,-0.0038359996610208376,-0.009771793854520868,-0.008894752460668733,-0.002298540005063637,-0.0001751038058631958,-0.000379896841997709,-0.06219391776511934,-0.10231836820644807
128197191,microsoft/vscode,train,-0.0019341138024208799,-0.012919284566157147,-0.003440887443847817,-0.001240958083930648,-0.004655790919734072,0.003961254458722143,0.0027091766853501315,-0.001657895315237966,-0.013062010218843243,-0.021339474044812033,0.00011486722360827835,0.02419200809743784,-0.052655128231573936,-0.0038359996610208376,-0.009771793854520868,-0.008894752460668733,-0.002298540005063637,-0.0001751038058631958,-0.000379896841997709,-0.06219391776511934,-0.16947824055569366
132979603,microsoft/vscode,train,0.006410514300808354,-0.014088021800748382,0.05793732552866221,0.013417796356427633,-0.0071864459316064,0.004905031302753754,0.002714519609754831,0.004948885716615351,0.019024515326116924,0.021999449563191078,0.0016477027913141653,0.024810061593486442,-0.05054550310546656,-0.0038359996610208376,-0.009771793854520868,-0.008894752460668733,-0.002298540005063637,-0.0001751038058631958,-0.000379896841997709,-0.06219391776511934,-0.0015541731429449326
133791083,microsoft/vscode,train,-0.0016295335295110024,-0.015256759035339617,-0.0018944337720817087,-0.0005704178554009172,-0.004251378525259563,0.004809660062242567,0.002717139885181406,-0.001382612772244078,-0.01049508817524643,-0.012435036126209583,0.0009249669107649064,0.02202882086126772,-0.05054550310546656,-0.0038359996610208376,-0.009771793854520868,-0.008894752460668733,-0.002298540005063637,-0.0001751038058631958,-0.000379896841997709,-0.06219391776511934,-0.15553017957155715
135728221,microsoft/vscode,train,0.0032118610538674555,-0.01642549626993085,0.004344706903664315,0.0009010454238726586,-0.008413064212584429,0.005026926312495412,0.002715224037288115,0.0016454952006886925,0.002339522042737637,0.008794007914232078,0.0017655951666240698,0.018208126522058166,-0.05054550310546656,-0.0038359996610208376,-0.009771793854520868,-0.008894752460668733,-0.002298540005063637,-0.0001751038058631958,-0.000379896841997709,-0.06219391776511934,-0.11398155740470756
137595644,microsoft/vscode,train,0.0012525524784231924,-0.01759423350452208,0.011170433454907829,0.0031175534015126017,-0.008216799459103898,0.005412116690073032,0.002716798640009573,0.0005443650287131396,-0.00022740000085917615,0.008674135352255084,0.0021555152900378503,0.01896664672175418,-0.059694378565106204,-0.0038359996610208376,-0.009771793854520868,-0.008894752460668733,-0.002298540005063637,-0.0001751038058631958,-0.000379896841997709,-0.06219391776511934,-0.11927269886615918
139501858,microsoft/vscode,train,0.0008848643545917777,-0.018762970739113316,0.010210565658639209,0.0031734317538900793,-0.009276532536719496,0.005805490451947041,0.0027153166609776122,0.0008196475717070277,-0.004077783066254396,-0.0019371368627508574,0.002499524299019568,0.019949913647286054,-0.059694378565106204,-0.0038359996610208376,-0.009771793854520868,-0.008894752460668733,-0.002298540005063637,-0.0001751038058631958,-0.000379896841997709,-0.06219391776511934,-0.1352400517661402
140525002,microsoft/vscode,train,-0.0012910631716487298,-0.01993170797370455,-0.0004546320776787803,0.0006589058969035893,-0.00785505332750765,0.005186921340083083,0.002711402091363586,-6.200057274636875e-06,-0.0027943220444559894,0.005110119424207414,0.0023315071769792303,0.021073647276465334,-0.06014146454405584,-0.0038359996610208376,-0.009771793854520868,-0.008894752460668733,-0.002298540005063637,-0.0001751038058631958,-0.000379896841997709,-0.06219391776511934,-0.14295194438457826
142158503,microsoft/vscode,train,-0.0012938205449645017,-0.021100445208295786,0.004131402948937955,0.00026775743026124626,-0.007295643096925395,0.004679293181499361,0.0027129401321023473,-0.0011073302292501897,-0.009211627153448022,-0.00894168250554575,0.0011340080948338102,0.021804074135431863,-0.06014146454405584,-0.0038359996610208376,-0.009771793854520868,-0.008894752460668733,-0.002298540005063637,-0.0001751038058631958,-0.000379896841997709,-0.06219391776511934,-0.16191254175367323
144055742,microsoft/vscode,train,0.0006912507297504043,-0.022269182442887017,0.011437063398315779,0.002745031052329418,-0.007385359926176654,0.005658750420623305,0.0027147852934957585,0.00026908248571925136,-0.007928166131649615,-0.009646852492228596,0.0020670532493323374,0.02312446114971752,-0.05996234954535099,-0.0038359996610208376,-0.009771793854520868,-0.008894752460668733,-0.002298540005063637,-0.0001751038058631958,-0.000379896841997709,-0.06219391776511934,-0.14603443715326342
145323317,microsoft/vscode,train,-0.0009757502962769244,-0.023437919677478252,0.0003985837412266589,-0.0002723999760543702,-0.008530522830828627,0.00584103413883377,0.0027096422412631323,-0.0009696889577532455,-0.01049508817524643,-0.013655654979547429,0.0007612328984634734,0.02365823462357768,-0.05999930281325531,-0.0038359996610208376,-0.009771793854520868,-0.008894752460668733,-0.002298540005063637,-0.0001751038058631958,-0.000379896841997709,-0.06219391776511934,-0.1725176044573302
146100846,microsoft/vscode,train,-0.001945109895468837,-0.024606656912069487,-0.004560733206161206,-0.0014272192585222398,-0.007584036220466151,0.00603836409005275,0.00271338375082573,-0.001382612772244078,-0.01049508817524643,-0.012435036126209583,0.0006748878933788484,0.024276288119626285,-0.06087657864666833,-0.0038359996610208376,-0.009771793854520868,-0.008894752460668733,-0.002298540005063637,-0.0001751038058631958,-0.000379896841997709,-0.06219391776511934,-0.17916015175342706
149814200,microsoft/vscode,train,0.0038244766663857043,-0.02577539414666072,0.04241946282231954,0.008779893109096994,-0.007647893280315829,0.005021569677008226,0.0027146634202201035,0.00357247300164591,0.010040288173528075,0.01426878462542012,0.00023307939827458873,0.02629900865214899,-0.0607498457723378,-0.0038359996610208376,-0.009771793854520868,-0.008894752460668733,-0.002298540005063637,-0.0001751038058631958,-0.000379896841997709,-0.06219391776511934,-0.06454943804752042
150797079,microsoft/vscode,train,-0.001294343815001546,-0.026944131381251957,0.0008785176393609685,0.00021187907788376868,-0.0065612245985690095,0.005778080028987666,0.0027101687338139603,-0.0006944064147593575,-0.005361244088052802,0.0015267338443768726,0.0006184938119329512,0.026636128740902775,-0.06049701529536216,-0.0038359996610208376,-0.009771793854520868,-0.008894752460668733,-0.002298540005063637,-0.0001751038058631958,-0.000379896841997709,-0.06219391776511934,-0.1505423681099922
153873284,microsoft/vscode,train,0.0032023308591502225,-0.028112868615843188,0.02055580746286766,0.005352687496611705,-0.004600265869978763,0.003062612782285728,0.002713634809773579,0.0006820063002100837,-0.004077783066254396,-0.0014081894801141804,-0.0014668297758446158,0.028771222636343404,-0.06027435684236946,-0.0038359996610208376,-0.009771793854520868,-0.008894752460668733,-0.002298540005063637,-0.0001751038058631958,-0.000379896841997709,-0.06219391776511934,-0.12314999569741655
154983536,microsoft/vscode,train,-0.0012994948704016691,-0.02928160585043442,-0.0022677156928528385,-0.0007008006776150315,-0.006903048941226131,0.0054294856088599715,0.002714331924910323,-0.001657895315237966,-0.013062010218843243,-0.021339474044812033,0.00043481538614769825,0.029866862924793208,-0.060881633148448196,-0.0038359996610208376,-0.009771793854520868,-0.008894752460668733,-0.002298540005063637,-0.0001751038058631958,-0.000379896841997709,-0.06219391776511934,-0.18649818730941461
159075980,microsoft/vscode,train,0.005167269226411475,-0.030450343085025658,0.024128648704534187,0.008873023696392791,-0.007508795621759123,0.004798730584598543,0.002715750529838943,0.0017831364721856366,-0.0027943220444559894,-0.0024440447711110225,0.0022976886176394595,0.03242335693117607,-0.06287188613986013,-0.0038359996610208376,-0.009771793854520868,-0.008894752460668733,-0.002298540005063637,-0.0001751038058631958,-0.000379896841997709,-0.06219391776511934,-0.11143179129368913
160346297,microsoft/vscode,validation,-0.0010255463059014583,-0.03161908031961689,-0.004347429251434847,-0.0005704178554009172,-0.001723801059793902,0.004484774653592363,0.0027156993430631684,-0.001382612772244078,-0.011778549197044835,-0.01704626290548586,0.0018136386558593644,0.03349090387889638,-0.0645565015817655,-0.0038359996610208376,-0.009771793854520868,-0.008894752460668733,-0.002298540005063637,-0.0001751038058631958,-0.000379896841997709,-0.06219391776511934,-0.17909518911153133
161326740,microsoft/vscode,validation,-0.001628279165876102,-0.03278781755420812,-0.005413949025066645,-0.0008311834998291458,-0.009389404848501247,0.0036307030387569116,0.0027112070941225385,-0.001657895315237966,-0.013062010218843243,-0.021339474044812033,0.0016850182909774736,0.03382802396765017,-0.0645565015817655,-0.0038359996610208376,-0.009771793854520868,-0.008894752460668733,-0.002298540005063637,-0.0001751038058631958,-0.000379896841997709,-0.06219391776511934,-0.19636156725688722
163868610,microsoft/vscode,validation,0.0009736272818685399,-0.03395655478879936,0.005571204643340884,0.002372508703146234,-0.008389498548085433,0.0024453396703956885,0.002716464707234279,0.00040672375721619546,-0.004077783066254396,-0.00027816552629943836,0.002438379323445645,0.0353450643670422,-0.0645565015817655,-0.0038359996610208376,-0.009771793854520868,-0.008894752460668733,-0.002298540005063637,-0.0001751038058631958,-0.000379896841997709,-0.06219391776511934,-0.14653919545176877
165004015,microsoft/vscode,validation,-0.001037919230039794,-0.03512529202339059,-0.002907627557031918,8.149625566965436e-05,-0.006980965105898896,0.005583810362046831,0.002715506783287634,-0.0012449715007471337,-0.009211627153448022,-0.008400212694342853,0.0023946351544134703,0.03610358456673821,-0.0658003373138499,-0.0038359996610208376,-0.009771793854520868,-0.008894752460668733,-0.002298540005063637,-0.0001751038058631958,-0.000379896841997709,-0.06219391776511934,-0.17137992385084763
168291552,microsoft/vscode,validation,0.003239460764970274,-0.03629402925798182,0.01932930972319109,0.0059487232553047985,-0.007371844532007302,0.00456449995204573,0.002712835321085284,0.002196060286676469,0.006189905108132858,0.013857046387207705,-0.0012153825570979367,0.03773299832904816,-0.06843305880760073,-0.0038359996610208376,-0.009771793854520868,-0.008894752460668733,-0.002298540005063637,-0.0001751038058631958,-0.000379896841997709,-0.06219391776511934,-0.10509348042127975
169369196,microsoft/vscode,validation,-0.001305239707404112,-0.03746276649257306,-0.0001880021342708305,0.00023050519534292783,-0.007555585938214679,0.005259748993303026,0.002709154748160514,-0.0011073302292501897,-0.011778549197044835,-0.017605199484792063,-0.0009019877619791347,0.03880054527676848,-0.06881132679215497,-0.0038359996610208376,-0.009771793854520868,-0.008894752460668733,-0.002298540005063637,-0.0001751038058631958,-0.000379896841997709,-0.06219391776511934,-0.18726603791836324
170407271,microsoft/vscode,validation,-0.0012770796149141012,-0.03863150372716429,0.0006652136846346087,4.4244020751335985e-05,-0.006574556235135305,0.004592904491264392,0.002703397454618589,-0.0005567651432624133,-0.011778549197044835,-0.018541795914980858,0.0018067940776185152,0.03972762552084139,-0.06860202358138558,-0.0038359996610208376,-0.009771793854520868,-0.008894752460668733,-0.002298540005063637,-0.0001751038058631958,-0.000379896841997709,-0.06219391776511934,-0.18397209855841284
173695787,microsoft/vscode,validation,0.0031857532190404606,-0.03980024096175552,0.02434195265926055,0.0071035425377726676,-0.005881081757250807,0.004930753601422935,0.002716213648286431,0.0013702126576948042,-0.005361244088052802,-0.006648398599274668,0.0009116382786439727,0.043042639726920275,-0.06812010016022758,-0.0038359996610208376,-0.009771793854520868,-0.008894752460668733,-0.002298540005063637,-0.0001751038058631958,-0.000379896841997709,-0.06219391776511934,-0.1257583636317736
174811451,microsoft/vscode,validation,-0.0012954311775607936,-0.040968978196346754,0.0008251916506793785,0.0004726447223119973,-0.0061119563817828996,0.00514108481801978,0.002713898056048993,-0.0008320476862563015,-0.011778549197044835,-0.018100257597891856,0.0017001896692372936,0.04439112008193541,-0.06773793179966144,-0.0038359996610208376,-0.009771793854520868,-0.008894752460668733,-0.002298540005063637,-0.0001751038058631958,-0.000379896841997709,-0.06219391776511934,-0.17913102743256634
178259340,microsoft/vscode,validation,0.003191850613869281,-0.042137715430938,0.03388730463326515,0.009636694512218318,-0.008907442277433167,0.005285646329156041,0.0027163208967690066,0.0013702126576948042,-0.0027943220444559894,-0.001042593495056465,0.0016045039507407714,0.047537574243637394,-0.06702301103889374,-0.0038359996610208376,-0.009771793854520868,-0.008894752460668733,-0.002298540005063637,-0.0001751038058631958,-0.000379896841997709,-0.06219391776511934,-0.10422498084368093
178954173,microsoft/vscode,validation,-0.0019304843123767006,-0.04330645266552923,-0.004934015126932336,-0.0005331656204825988,-0.00395832606549543,0.005431078380564428,0.002712230829638037,-0.0019331778582318544,-0.01049508817524643,-0.010385602002086802,0.0018603191273078537,0.04781850765093222,-0.06573719671000634,-0.0038359996610208376,-0.009771793854520868,-0.008894752460668733,-0.002298540005063637,-0.0001751038058631958,-0.000379896841997709,-0.06219391776511934,-0.1729413769421995
179341265,microsoft/vscode,validation,-0.0029389629857564364,-0.04447518990012046,-0.010479917949817692,-0.0025634124235309505,0.003127985569318351,0.006142765848738115,0.0027110510963297006,-0.0037225143876921277,-0.013062010218843243,-0.016058142881355222,0.001202551813340452,0.047958974354579624,-0.06573719671000634,-0.0038359996610208376,-0.009771793854520868,-0.008894752460668733,-0.002298540005063637,-0.0001751038058631958,-0.000379896841997709,-0.06219391776511934,-0.18544402316907055
182523912,microsoft/vscode,validation,0.002589214243405015,-0.045643927134711694,0.015383186560753437,0.0060977321949780726,-0.0062979999547864195,0.005192629821656459,0.002716818139733678,0.0008196475717070277,-0.00022740000085917615,0.007187205487731955,0.0016126250042637355,0.04916698800594735,-0.06518503596384483,-0.0038359996610208376,-0.009771793854520868,-0.008894752460668733,-0.002298540005063637,-0.0001751038058631958,-0.000379896841997709,-0.06219391776511934,-0.1141383204182797
183016531,microsoft/vscode,validation,-0.002833013792227534,-0.046812664369302925,-0.004720711172205976,-0.0014272192585222398,-0.008857186351219216,0.00475380389795619,0.002717897936955978,-0.0019331778582318544,-0.013062010218843243,-0.02097434497672119,-0.00025380060575357495,0.049447921413242175,-0.06518503596384483,-0.0038359996610208376,-0.009771793854520868,-0.008894752460668733,-0.002298540005063637,-0.0001751038058631958,-0.000379896841997709,-0.06219391776511934,-0.1966895457129726
184258993,microsoft/vscode,validation,-0.0012822343814492389,-0.04798140160389417,0.0010918215940873281,0.0003050096651795646,-0.006415242657807584,0.0058625342180903236,0.0027166231424926306,-0.0023461016727226868,-0.013062010218843243,-0.020312548540806545,-0.0012694671493977,0.05074021508679834,-0.06800070776879841,-0.0038359996610208376,-0.009771793854520868,-0.008894752460668733,-0.002298540005063637,-0.0001751038058631958,-0.000379896841997709,-0.06219391776511934,-0.1875035146813257
185530462,microsoft/vscode,validation,-0.001306482937633969,-0.0491501388384854,2.530182045552927e-05,-3.0260449085300765e-05,-0.006079404247757967,0.005486509844061852,0.002713873681393862,-0.0019331778582318544,-0.013062010218843243,-0.02097434497672119,0.0006526270717554669,0.05138636192357643,-0.0689613553336346,-0.0038359996610208376,-0.009771793854520868,-0.008894752460668733,-0.002298540005063637,-0.0001751038058631958,-0.000379896841997709,-0.06219391776511934,-0.1887825049134047
190282879,microsoft/vscode,validation,0.005075719236738826,-0.050318876073076634,0.03266080689358858,0.010828766029604505,-0.006625769477666707,0.005248774080507992,0.00271756887911171,0.0016454952006886925,0.0010560610209392304,0.006096875269749732,0.0020024423465549728,0.049363641391053724,-0.06925329349399845,-0.0038359996610208376,-0.009771793854520868,-0.008894752460668733,-0.002298540005063637,-0.0001751038058631958,-0.000379896841997709,-0.06219391776511934,-0.09705179309045815
191500700,microsoft/vscode,validation,-0.0013158795314906777,-0.051487613307667865,0.003438165096077286,0.0018509774142897771,-0.00793822084330723,0.0056042949899053375,0.002718507303334251,0.00013144121422230723,-0.00022740000085917615,0.011170053339133195,0.002416178829252138,0.0428459863418139,-0.06887182217178396,-0.0038359996610208376,-0.009771793854520868,-0.008894752460668733,-0.002298540005063637,-0.0001751038058631958,-0.000379896841997709,-0.06219391776511934,-0.14721533572133502
191730414,microsoft/vscode,validation,-0.0032009245841598194,-0.052656350542259096,-0.008933464278051582,-0.002060507252133652,-0.009607435535412996,0.0060360504436233475,0.0027173348824224533,-0.003034308030207407,-0.014345471240641647,-0.026268716464038378,0.002188623763768696,0.04172225271263461,-0.06887182217178396,-0.0038359996610208376,-0.009771793854520868,-0.008894752460668733,-0.002298540005063637,-0.0001751038058631958,-0.000379896841997709,-0.06219391776511934,-0.22386474269049372
194435633,microsoft/vscode,validation,0.004410334995449429,-0.05382508777685033,0.003598143062122056,0.0017578468269939813,-0.004774325587080045,0.004288839611237346,0.002712464826327294,-6.200057274636875e-06,-0.005361244088052802,-0.0018629552176249902,0.0015341097094400354,0.040289492335431026,-0.07097361314622924,-0.0038359996610208376,-0.009771793854520868,-0.008894752460668733,-0.002298540005063637,-0.0001751038058631958,-0.000379896841997709,-0.06219391776511934,-0.1657621989003652
195234780,microsoft/vscode,validation,-0.0024540029954668854,-0.05499382501144157,-0.005893882923200955,-0.001054696909339056,-0.0048641245774936675,0.005918238416119435,0.002713161941464038,-0.0020708191297287987,-0.01049508817524643,-0.009774712984319445,0.0020617567803575747,0.04087945249075016,-0.07097361314622924,-0.0038359996610208376,-0.009771793854520868,-0.008894752460668733,-0.002298540005063637,-0.0001751038058631958,-0.000379896841997709,-0.06219391776511934,-0.1985521606180292
198877577,microsoft/vscode,validation,0.003106873044307306,-0.056162562246032804,0.028661357742469334,0.009245546045575976,-0.007319036645739267,0.005457198207059799,0.002716759640561364,0.0013702126576948042,-0.006644705109851209,-0.009451301151383769,0.0008995437541772175,0.04295835970473183,-0.07675796651629183,-0.0038359996610208376,-0.009771793854520868,-0.008894752460668733,-0.002298540005063637,-0.0001751038058631958,-0.000379896841997709,-0.06219391776511934,-0.14946972526697555
199679394,microsoft/vscode,validation,-0.0019205236259977883,-0.057331299480624036,-0.0010945439418578596,-0.00038415668080932534,-0.007182906727215174,0.005454962523702359,0.0027113606544498627,-0.001520254043741022,-0.005361244088052802,0.007085823906059928,-0.0002830950509652353,0.044025906652452144,-0.07675796651629183,-0.0038359996610208376,-0.009771793854520868,-0.008894752460668733,-0.002298540005063637,-0.0001751038058631958,-0.000379896841997709,-0.06219391776511934,-0.1801079408131451
200205683,microsoft/vscode,validation,-0.0028998216447585273,-0.05850003671521527,-0.005787230945837774,-0.0013154625537672847,-0.006708745505573409,0.005216755805304163,0.0027123770775688226,-0.001382612772244078,-0.011778549197044835,-0.01704626290548586,0.0009598264101581125,0.044250653378288,-0.07612650017145,-0.0038359996610208376,-0.009771793854520868,-0.008894752460668733,-0.002298540005063637,-0.0001751038058631958,-0.000379896841997709,-0.06219391776511934,-0.21595561413431225
203925835,microsoft/vscode,validation,0.00286829159649526,-0.0596687739498065,0.033780652655901966,0.010232730270911412,-0.007955668032375908,0.005525463074212805,0.0027137664329112856,0.0012325713861978602,-0.0027943220444559894,-0.0005380710356768254,0.0022483669256517483,0.047228547495613095,-0.07528294312901537,-0.0038359996610208376,-0.009771793854520868,-0.008894752460668733,-0.002298540005063637,-0.0001751038058631958,-0.000379896841997709,-0.06219391776511934,-0.12795939274768947
204834300,microsoft/vscode,validation,-0.0019030293355394448,-0.060837511184397744,-0.006373816821335265,-0.001240958083930648,-0.002937038243217418,0.0047828802124639256,0.002713634809773579,-0.0023461016727226868,-0.013062010218843243,-0.020312548540806545,0.0007707806634487926,0.04801516103603858,-0.0731513351290904,-0.0038359996610208376,-0.009771793854520868,-0.008894752460668733,-0.002298540005063637,-0.0001751038058631958,-0.000379896841997709,-0.06219391776511934,-0.21343189690241285
205645537,microsoft/vscode,validation,-0.002624344092632342,-0.062006248418988975,-0.0041341252967084866,-0.0008125573823699866,-0.006621410511847965,0.005759564366196291,0.0027124404516721628,-0.0012449715007471337,-0.011778549197044835,-0.017334464579190613,0.0007578323246330864,0.048492747828439785,-0.0731513351290904,-0.0038359996610208376,-0.009771793854520868,-0.008894752460668733,-0.002298540005063637,-0.0001751038058631958,-0.000379896841997709,-0.06219391776511934,-0.20953542553193372
210233021,microsoft/vscode,validation,0.0033874534070784247,-0.0631749856535802,0.04497911027903586,0.012654125540602107,-0.007326697364250101,0.005805756544065475,0.002716793765078547,0.002196060286676469,0.0010560610209392304,0.0038256056743961736,0.0023172232993699297,0.051302081901387984,-0.06987207546433484,-0.0038359996610208376,-0.009771793854520868,-0.008894752460668733,-0.002298540005063637,-0.0001751038058631958,-0.000379896841997709,-0.06219391776511934,-0.09768349115778927
211083770,microsoft/vscode,validation,-0.002125908971105149,-0.06434372288817145,-0.005573926991111415,-0.0009801924395024194,-0.007148484859945358,0.00392898632746581,0.0027140248042556736,-0.0023461016727226868,-0.011778549197044835,-0.014356380617574698,0.0007946099592524894,0.05206060210108399,-0.06894439957037052,-0.0038359996610208376,-0.009771793854520868,-0.008894752460668733,-0.002298540005063637,-0.0001751038058631958,-0.000379896841997709,-0.06219391776511934,-0.2056494484097449
211624742,microsoft/vscode,validation,-0.0029037628701439238,-0.06551246012276267,-0.008186900436509324,-0.001836993842623742,-0.00846400763436901,0.005383022033987436,0.0027128743205334935,-0.0023461016727226868,-0.014345471240641647,-0.026268716464038378,0.0018960529652899871,0.052313442167649334,-0.06785580452820755,-0.0038359996610208376,-0.009771793854520868,-0.008894752460668733,-0.002298540005063637,-0.0001751038058631958,-0.000379896841997709,-0.06219391776511934,-0.22296483171881298
212878238,microsoft/vscode,validation,-0.0016056412422876644,-0.06668119735735391,0.001251799560132098,0.00024913131280208706,-0.007584036220466151,0.005937160388528982,0.002716710891251102,-0.0004191238717654692,-0.007928166131649615,-0.007459765127516782,0.0009200273055877306,0.05315624238953381,-0.06713027782217389,-0.0038359996610208376,-0.009771793854520868,-0.008894752460668733,-0.002298540005063637,-0.0001751038058631958,-0.000379896841997709,-0.06219391776511934,-0.18212714031963198
217393079,microsoft/vscode,validation,0.0035101769308728574,-0.06784993459194515,0.03180759107468314,0.007587821591710807,-0.007686065673453328,0.00582433807619872,0.002711818897966324,0.002333701558173413,0.00490644408633445,0.010700601680159249,-0.00039884383448448256,0.05610604316612941,-0.06664166220962678,-0.0038359996610208376,-0.009771793854520868,-0.008894752460668733,-0.002298540005063637,-0.0001751038058631958,-0.000379896841997709,-0.06219391776511934,-0.1046379736415357
218344785,microsoft/vscode,validation,-0.0019344552268422135,-0.06901867182653637,-0.002907627557031918,-0.0005890439728600764,-0.00673526946663076,0.00599585504833242,0.0027127524472578385,-0.0020708191297287987,-0.011778549197044835,-0.01527271414422575,0.0012312767131253425,0.056696003321448536,-0.06654408161198319,-0.0038359996610208376,-0.009771793854520868,-0.008894752460668733,-0.002298540005063637,-0.0001751038058631958,-0.000379896841997709,-0.06219391776511934,-0.19776534899697412
218911884,microsoft/vscode,validation,-0.0029002447141501797,-0.07018740906112761,-0.008400204391235682,-0.001967376664837856,-0.011737427630627817,0.005960425247807209,0.0027147609188406274,-0.002621384215716575,-0.013062010218843243,-0.01977107872960365,0.0015059585673183734,0.056892656706554905,-0.06654408161198319,-0.0038359996610208376,-0.009771793854520868,-0.008894752460668733,-0.002298540005063637,-0.0001751038058631958,-0.000379896841997709,-0.06219391776511934,-0.217667420191859
222843338,microsoft/vscode,validation,0.002547842510263387,-0.07135614629571885,0.014956578651300715,0.005352687496611705,-0.004474072575080329,0.005667014596590864,0.0027133618136361117,0.0006820063002100837,-0.004077783066254396,-0.0014081894801141804,0.0022211316302663316,0.05916821730564296,-0.06665382327242911,-0.0038359996610208376,-0.009771793854520868,-0.008894752460668733,-0.002298540005063637,-0.0001751038058631958,-0.000379896841997709,-0.06219391776511934,-0.142211178779329
224972643,microsoft/vscode,validation,-0.000648728789934378,-0.07252488353031007,0.0068510283716990425,0.0025773959951969853,-0.0006547600989903874,0.005786724347842266,0.00271436117449648,0.0006820063002100837,-0.004077783066254396,-0.0014081894801141804,0.0016766248664309533,0.05961771075731466,-0.06718947807254445,-0.0038359996610208376,-0.009771793854520868,-0.008894752460668733,-0.002298540005063637,-0.0001751038058631958,-0.000379896841997709,-0.06219391776511934,-0.1541479756192117
226503146,microsoft/vscode,validation,-0.001298741509993726,-0.07369362076490131,-0.0031742575004398677,8.149625566965436e-05,0.0030702201368885407,0.0059759318331785456,0.00269916601448786,-0.0009696889577532455,-0.007928166131649615,-0.005246947323220126,0.001439357084737854,0.060629071023576016,-0.06807323523300522,-0.0038359996610208376,-0.009771793854520868,-0.008894752460668733,-0.002298540005063637,-0.0001751038058631958,-0.000379896841997709,-0.06219391776511934,-0.17403941946667895
227783908,microsoft/vscode,validation,-0.0016068584945724195,-0.07486235799949253,-0.004987341115613926,-1.1634331626141576e-05,0.00250912987634739,0.005356150867998757,0.002707131651784647,-0.001520254043741022,-0.013062010218843243,-0.021503782125452908,0.0020941008904140374,0.061331404541813066,-0.06807323523300522,-0.0038359996610208376,-0.009771793854520868,-0.008894752460668733,-0.002298540005063637,-0.0001751038058631958,-0.000379896841997709,-0.06219391776511934,-0.19917956012824384
231562545,microsoft/vscode,validation,0.0012771313256242124,-0.07603109523408377,0.026954926104658456,0.0077927088837615585,-0.00033687393771786913,0.005647894214061943,0.002702680839757739,0.002608984101167301,0.00490644408633445,0.009468291075352667,0.0026858737216769587,0.06481497879226884,-0.06580370698170296,-0.0038359996610208376,-0.009771793854520868,-0.008894752460668733,-0.002298540005063637,-0.0001751038058631958,-0.000379896841997709,-0.06219391776511934,-0.1008617674030948
232881520,microsoft/vscode,validation,-0.001667023415427461,-0.07719983246867503,0.002318319333763897,0.0004540186048528381,0.0002215072513236499,0.004914360425022369,0.0027117433365354184,0.0031595491871550777,0.013890671238923296,0.022869668902624308,0.0019661822952624117,0.06641629921384933,-0.06291518557704158,-0.0038359996610208376,-0.009771793854520868,-0.008894752460668733,-0.002298540005063637,-0.0001751038058631958,-0.000379896841997709,-0.06219391776511934,-0.1104097260660858
234641159,microsoft/vscode,test,-0.0012625245433872403,-0.07836856970326625,0.00999726170391285,0.0009196715413318179,-0.0036584899839774945,0.005462290494849944,0.0027009843637606267,0.0005443650287131396,-0.004077783066254396,-0.0008557333249158669,0.0006488898535267245,0.06751193950229911,-0.0593128064284168,-0.0038359996610208376,-0.009771793854520868,-0.008894752460668733,-0.002298540005063637,-0.0001751038058631958,-0.000379896841997709,-0.06219391776511934,-0.14730050895607816
236028045,microsoft/vscode,test,-0.0016239000265589945,-0.07953730693785749,0.005091270745206575,0.00023050519534292783,-0.002114469457621929,0.005279428718367659,0.0027117189618802878,0.00013144121422230723,-0.006644705109851209,-0.005847569298672074,0.002439005669676809,0.06928181996825648,-0.05556372951005282,-0.0038359996610208376,-0.009771793854520868,-0.008894752460668733,-0.002298540005063637,-0.0001751038058631958,-0.000379896841997709,-0.06219391776511934,-0.15371649426191578
238393156,microsoft/vscode,test,-0.0006366601788672312,-0.08070604417244871,0.015543164526798207,0.0035832063379915816,-0.0008671940264652406,0.005409939022886614,0.0027068732804402594,0.0017831364721856366,-0.007928166131649615,-0.01303278774574541,-0.0005035956808732612,0.07172594061172143,-0.05556372951005282,-0.0038359996610208376,-0.009771793854520868,-0.008894752460668733,-0.002298540005063637,-0.0001751038058631958,-0.000379896841997709,-0.06219391776511934,-0.14603592158833287
239780431,microsoft/vscode,test,-0.001602052574728645,-0.08187478140703995,0.007170984303788583,0.0005285230746894749,-0.00033687393771786913,0.00568549403633179,0.00270297333561931,-0.00014384132877158097,-0.004077783066254396,0.0023208895674744602,-0.0018959260987916236,0.07335535437403137,-0.05090980257779283,-0.0038359996610208376,-0.009771793854520868,-0.008894752460668733,-0.002298540005063637,-0.0001751038058631958,-0.000379896841997709,-0.06219391776511934,-0.1366268466934162
241618186,microsoft/vscode,test,-0.0009719797831021945,-0.08304351864163119,0.012343605205902808,0.0021862475285546424,-0.0009762077249378624,0.005530427144011241,0.002707392460594548,0.0015078539291917485,-0.005361244088052802,-0.007025712404366276,0.0014279396877240498,0.07470383472904651,-0.04621327773179489,-0.0038359996610208376,-0.009771793854520868,-0.008894752460668733,-0.002298540005063637,-0.0001751038058631958,-0.000379896841997709,-0.06219391776511934,-0.13073464408311397
246491048,microsoft/vscode,test,0.003121131225033007,-0.08421225587622241,0.044392524403538365,0.010828766029604505,-0.0018769875728524277,0.005386517134424572,0.0027133276891189288,0.0028842666441611896,-0.005361244088052802,-0.010129422736571454,0.002778198251612159,0.07978872940108278,-0.032359079604540916,-0.0038359996610208376,-0.009771793854520868,-0.008894752460668733,-0.002298540005063637,-0.0001751038058631958,-0.000379896841997709,-0.06219391776511934,-0.06959553349391884
248155319,microsoft/vscode,test,-0.0014557039654319178,-0.08538099311081365,-0.002960953545713508,-0.0004959133855642804,0.002464755882977769,0.0055202497990881625,0.0027124112020860056,-0.0011073302292501897,-0.01049508817524643,-0.013273440995168907,0.0020911001642757937,0.08108102307463894,-0.028250567736720505,-0.0038359996610208376,-0.009771793854520868,-0.008894752460668733,-0.002298540005063637,-0.0001751038058631958,-0.000379896841997709,-0.06219391776511934,-0.137100455415097
250226077,microsoft/vscode,test,-0.0008835842581918672,-0.08654973034540488,0.003864773005530006,0.0007892887191177035,0.001303648185125901,0.005044132299308472,0.0027127841343095095,0.0017831364721856366,-0.004077783066254396,-0.0050912305147696145,0.002520731156636422,0.08313183694789113,-0.025029100588074303,-0.0038359996610208376,-0.009771793854520868,-0.008894752460668733,-0.002298540005063637,-0.0001751038058631958,-0.000379896841997709,-0.06219391776511934,-0.10803110224684459
251802178,microsoft/vscode,test,-0.0014973688782396863,-0.08771846757999611,0.006797702383017452,0.0017205945920756628,-0.0007316374472237224,0.005764229835604433,0.002714205176703642,0.00040672375721619546,-0.011778549197044835,-0.01977107872960365,0.0025562127157034878,0.08439603728071782,-0.025029100588074303,-0.0038359996610208376,-0.009771793854520868,-0.008894752460668733,-0.002298540005063637,-0.0001751038058631958,-0.000379896841997709,-0.06219391776511934,-0.12972050107339794
253418659,microsoft/vscode,test,-0.001296140004348563,-0.08888720481458735,0.00978395774918649,0.0017950990619122996,-0.00047763168835391955,0.005514240145434298,0.002700180000141306,0.0017831364721856366,-0.001510861022657583,0.0002031409725475689,0.00037209696338613945,0.08467697068801262,-0.025029100588074303,-0.0038359996610208376,-0.009771793854520868,-0.008894752460668733,-0.002298540005063637,-0.0001751038058631958,-0.000379896841997709,-0.06219391776511934,-0.09792212045946969
254828317,microsoft/vscode,test,-0.0015669860599766539,-0.09005594204917858,0.0031182091639877464,0.0001746268429654503,0.0019718235677430203,0.005593069892870785,0.00270368995048016,0.0012325713861978602,-0.009211627153448022,-0.01483287405143324,0.0010411652420755982,0.08599735770229829,-0.023336360684431356,-0.0038359996610208376,-0.009771793854520868,-0.008894752460668733,-0.002298540005063637,-0.0001751038058631958,-0.000379896841997709,-0.06219391776511934,-0.12472128064410329
261850326,microsoft/vscode,test,0.005401905737703111,-0.09122467928376983,0.10715721308176973,0.022470089441578998,-0.0013685043002637657,0.005806732769764439,0.0027101565464863957,0.005361809531106184,-0.00022740000085917615,-0.0066133623173733,0.0018373553756265459,0.09352637301779947,-0.008495906559611738,-0.0038359996610208376,-0.009771793854520868,-0.008894752460668733,-0.002298540005063637,-0.0001751038058631958,-0.000379896841997709,-0.06219391776511934,0.04879177864570273
263105607,microsoft/vscode,test,-0.001896070957387261,-0.09239341651836105,0.005251248711251344,0.0009941760111684544,-0.001478702638900262,0.005814897983374156,0.0027104514798134793,0.000957288843203972,-0.013062010218843243,-0.023290632502422463,0.0019978167212825818,0.09571765359469907,-0.000725260868808926,-0.0038359996610208376,-0.009771793854520868,-0.008894752460668733,-0.002298540005063637,-0.0001751038058631958,-0.000379896841997709,-0.06219391776511934,-0.10695256475418449
263768428,microsoft/vscode,test,-0.0029173864467821457,-0.09356215375295229,-0.0024810196475791983,-0.0006635484426967132,-0.004367145432074786,0.005942124219177297,0.0027138493067387307,-0.0011073302292501897,-0.014345471240641647,-0.026268716464038378,0.002385323905118791,0.09656045381658351,-0.000725260868808926,-0.0038359996610208376,-0.009771793854520868,-0.008894752460668733,-0.002298540005063637,-0.0001751038058631958,-0.000379896841997709,-0.06219391776511934,-0.12638628567146026
265439624,microsoft/vscode,test,-0.0013967377411865593,-0.09473089098754352,0.010210565658639209,0.002093116941258847,-0.0003558290265131992,0.005222638096432422,0.0027073656484739037,0.001094930114700916,-0.009211627153448022,-0.014599489512400496,0.001986291669399083,0.09908885448223692,-0.000725260868808926,-0.0038359996610208376,-0.009771793854520868,-0.008894752460668733,-0.002298540005063637,-0.0001751038058631958,-0.000379896841997709,-0.06219391776511934,-0.08616607707301376
269240526,microsoft/vscode,test,0.0010310051403276926,-0.09589962822213476,0.0325541549162254,0.009841581804269068,0.0030682918519498734,0.005529686786838312,0.0027122235172414976,0.003021907915658134,0.0010560610209392304,0.0009594797564500288,0.0023703403987950424,0.10231958866612734,-0.000725260868808926,-0.0038359996610208376,-0.009771793854520868,-0.008894752460668733,-0.002298540005063637,-0.0001751038058631958,-0.000379896841997709,-0.06219391776511934,-0.019710571710376372
271252851,microsoft/vscode,test,-0.0012423508134484292,-0.097068365456726,0.012983517070081886,0.003955728687174765,-0.00012989337048969698,0.005405747132129722,0.00271156296408745,0.003021907915658134,0.002339522042737637,0.0032284961081574,0.0021666966161311067,0.09571765359469907,0.022122509758198555,-0.0038359996610208376,-0.009771793854520868,-0.008894752460668733,-0.002298540005063637,-0.0001751038058631958,-0.000379896841997709,-0.06219391776511934,-0.0323372721458627
275307407,microsoft/vscode,test,0.0034929721089456463,-0.09823710269131722,0.025408472432892345,0.005017417382346839,0.004405767533827725,0.005282077898614402,0.0026990563285397705,0.0024713428296703572,0.0010560610209392304,0.0028054591612289154,-0.00011683412824354098,0.09341399965488155,0.04215873932812401,-0.0038359996610208376,-0.009771793854520868,-0.008894752460668733,-0.002298540005063637,-0.0001751038058631958,-0.000379896841997709,-0.06219391776511934,0.0023074244661957163
277418115,microsoft/vscode,test,-0.0010602454182870142,-0.09940583992590846,0.019275983734509502,0.00430962491889879,0.001286429389027016,0.0054291624796247405,0.002704508938892559,0.003021907915658134,-0.001510861022657583,-0.003578552946964703,0.002528205938413218,0.09479057335062617,0.04486173705256475,-0.0038359996610208376,-0.009771793854520868,-0.008894752460668733,-0.002298540005063637,-0.0001751038058631958,-0.000379896841997709,-0.06219391776511934,-0.01489736998985721
279512009,microsoft/vscode,test,-0.0011985297311972374,-0.10057457716049968,0.03495382440689695,0.007364308182200897,-0.0009532347387681912,0.005779584998093941,0.002711070596053805,0.0027466253726642453,-0.001510861022657583,-0.0028346131595196724,0.0029877847275313636,0.09605477368345286,0.04592342652179293,-0.0038359996610208376,-0.009771793854520868,-0.008894752460668733,-0.002298540005063637,-0.0001751038058631958,-0.000379896841997709,-0.06219391776511934,0.003899578281790307
283135054,microsoft/vscode,test,0.0002998224752312442,-0.10174331439509092,0.04796536564520489,0.011368923435920122,-0.0008791065743379822,0.005923211758553525,0.0027092766214361686,0.0031595491871550777,-0.009211627153448022,-0.017334464579190613,0.0029381573231838792,0.09765609410503333,0.04592342652179293,-0.0038359996610208376,-0.009771793854520868,-0.008894752460668733,-0.002298540005063637,-0.0001751038058631958,-0.000379896841997709,-0.06219391776511934,0.0012253099771893164
284958517,microsoft/vscode,test,-0.0016511805800505691,-0.10291205162968216,0.012343605205902808,0.0029871705792984876,0.004843777899912498,0.00534115198549791,0.002698025280627732,0.0015078539291917485,-0.01049508817524643,-0.018021714724178916,0.002580218524809432,0.09931360120807275,0.05294451680286838,-0.0038359996610208376,-0.009771793854520868,-0.008894752460668733,-0.002298540005063637,-0.0001751038058631958,-0.000379896841997709,-0.06219391776511934,-0.03607011808723064
285081339,microsoft/vscode,test,-0.003420994890519549,-0.10408078886427338,-0.007920270493101372,-0.0022653945441844033,-0.0037645858282069193,0.005963893136849414,0.002705167054581094,-0.002896666758710463,-0.013062010218843243,-0.019121314956160165,8.601495870169825e-05,0.09948216125244966,0.05294451680286838,-0.0038359996610208376,-0.009771793854520868,-0.008894752460668733,-0.002298540005063637,-0.0001751038058631958,-0.000379896841997709,-0.06219391776511934,-0.08290027774280354
288512678,microsoft/vscode,test,-0.0006953592013915448,-0.10524952609886463,0.03634030011261828,0.00773683053138408,-0.0008639035715426931,0.005877411855142827,0.0027067489696990907,0.00357247300164591,0.0010560610209392304,-0.0006660841970119581,0.002371925026461988,0.10032496147433412,0.05981919743946889,-0.0038359996610208376,-0.009771793854520868,-0.008894752460668733,-0.002298540005063637,-0.0001751038058631958,-0.000379896841997709,-0.06219391776511934,0.024781031968629276
293129552,microsoft/vscode,test,0.0005611234916020469,-0.10641826333345586,0.06417646620440823,0.014013832115120726,-0.0015798657452933194,0.005753952197469952,0.0027062882887171173,0.0034348317301489658,-0.00022740000085917615,-0.0024440447711110225,0.0020666338372831794,0.10156106846643134,0.06572919569689364,-0.0038359996610208376,-0.009771793854520868,-0.008894752460668733,-0.002298540005063637,-0.0001751038058631958,-0.000379896841997709,-0.06219391776511934,0.06178381378310153
294156116,microsoft/vscode,test,-0.0028224296351661857,-0.1075870005680471,0.002424971311127077,-0.0001233910363810967,-0.0033667264123465844,0.005629656627010518,0.0027044455647892186,0.00026908248571925136,-0.01049508817524643,-0.016295598080952503,0.001739435140082052,0.10226340198466839,0.07123052376572013,-0.0038359996610208376,-0.009771793854520868,-0.008894752460668733,-0.002298540005063637,-0.0001751038058631958,-0.000379896841997709,-0.06219391776511934,-0.041978721423277576
294646386,microsoft/vscode,test,-0.002764053481388133,-0.10875573780263834,-0.0098933320743202,-0.002414403483857677,0.012098176611716535,0.005195985586147528,0.0026796224160038815,-0.003584873116195184,-0.014345471240641647,-0.026268716464038378,0.0007873636236864534,0.10265670875488113,0.07123052376572013,-0.0038359996610208376,-0.009771793854520868,-0.008894752460668733,-0.002298540005063637,-0.0001751038058631958,-0.000379896841997709,-0.06219391776511934,-0.0609282112991782
298469024,microsoft/vscode,test,-0.0006145566587208804,-0.10992447503722956,0.02972787751610113,0.007941717823434832,0.005100231861303112,0.0058443445551925564,0.0027003408728651706,0.0031595491871550777,-0.0027943220444559894,-0.006166649723130913,0.0023066260704534512,0.10633693639044328,0.08156843281905785,-0.0038359996610208376,-0.009771793854520868,-0.008894752460668733,-0.002298540005063637,-0.0001751038058631958,-0.000379896841997709,-0.06219391776511934,0.03763604923821481
301163165,microsoft/vscode,test,-0.0013249903679512702,-0.1110932122718208,0.0298878554821459,0.006917281363181076,0.00361637190008089,0.0059986519135874754,0.0026998582546935777,0.002608984101167301,-0.0027943220444559894,-0.004826511940403751,0.002460296648070357,0.10743257667889307,0.08792556755820452,-0.0038359996610208376,-0.009771793854520868,-0.008894752460668733,-0.002298540005063637,-0.0001751038058631958,-0.000379896841997709,-0.06219391776511934,0.041958402881138064
304148026,microsoft/vscode,test,-0.0013000144293036984,-0.11226194950641202,0.030101159436872263,0.00822110958532222,0.010032759914444423,0.005916786840485138,0.002695929060286472,0.0027466253726642453,-0.004077783066254396,-0.007521433820423409,0.0026564400151432846,0.10687070986430343,0.08792556755820452,-0.0038359996610208376,-0.009771793854520868,-0.008894752460668733,-0.002298540005063637,-0.0001751038058631958,-0.000379896841997709,-0.06219391776511934,0.04445590243107817
306501291,microsoft/vscode,test,-0.0013149925702222124,-0.11343068674100326,0.015649816504161383,0.0064888806616204145,0.00957258884249763,0.005658858542044817,0.002706722157578447,0.002196060286676469,-0.007928166131649615,-0.013729415573023979,0.0023668825674839655,0.10779779010837635,0.10009162971584745,-0.0038359996610208376,-0.009771793854520868,-0.008894752460668733,-0.002298540005063637,-0.0001751038058631958,-0.000379896841997709,-0.06219391776511934,0.028575963976133552
309286222,microsoft/vscode,test,-0.0012856820258777075,-0.1145994239755945,0.022262239100678538,0.009003406518606904,0.003365054904010305,0.0059001629048999905,0.0026995218844527713,0.0024713428296703572,-0.005361244088052802,-0.009308780682632465,0.002703018911796008,0.1086405903302608,0.10578787116012102,-0.0038359996610208376,-0.009771793854520868,-0.008894752460668733,-0.002298540005063637,-0.0001751038058631958,-0.000379896841997709,-0.06219391776511934,0.04472807337808488
309915674,microsoft/vscode,test,-0.0031568956783478153,-0.11576816121018572,-0.003920821341982127,0.004384129388735426,0.03178860662909166,0.005976829979277528,0.0026965628013198763,-0.0002814826002685251,-0.011778549197044835,-0.01893804825082997,-0.000460117198458562,0.10779779010837635,0.10578787116012102,-0.0038359996610208376,-0.009771793854520868,-0.008894752460668733,-0.002298540005063637,-0.0001751038058631958,-0.000379896841997709,-0.06219391776511934,0.01657771019554998
311091911,microsoft/vscode,test,-0.002337079975700113,-0.11693689844477698,-0.0002946541116340104,0.0017950990619122996,0.006493228343145805,0.0057721018994603525,0.002704372440823826,0.00013144121422230723,-0.013062010218843243,-0.022865191936477323,0.002282568515573788,0.10740448333816359,0.10997050965277734,-0.0038359996610208376,-0.009771793854520868,-0.008894752460668733,-0.002298540005063637,-0.0001751038058631958,-0.000379896841997709,-0.06219391776511934,-0.0064920346156066774
312162617,microsoft/vscode,test,-0.00288168161680766,-0.1181056356793682,-0.0008812399871314998,0.001143184950841728,0.0021488614896330253,0.006030123133460596,0.0026981617786964655,-0.0008320476862563015,-0.014345471240641647,-0.026268716464038378,0.0010706358333500495,0.10785397678983531,0.10997050965277734,-0.0038359996610208376,-0.009771793854520868,-0.008894752460668733,-0.002298540005063637,-0.0001751038058631958,-0.000379896841997709,-0.06219391776511934,-0.019949343439903504
312919206,microsoft/vscode,test,-0.003095684217418686,-0.11927437291395944,-0.0005079580663603702,-0.0001233910363810967,-0.004440946835169488,0.006042383240000667,0.0027029392111021272,-0.0005567651432624133,-0.013062010218843243,-0.022405256189509615,0.001710120121396974,0.10796635015275324,0.10997050965277734,-0.0038359996610208376,-0.009771793854520868,-0.008894752460668733,-0.002298540005063637,-0.0001751038058631958,-0.000379896841997709,-0.06219391776511934,-0.022624086637128275
315116361,microsoft/vscode,test,-0.0017439960667631636,-0.12044311014855066,0.007384288258514942,0.004402755506194586,0.003956453674424634,0.005916411836963064,0.002697508537938956,0.002196060286676469,-0.006644705109851209,-0.0112215553948211,0.0025620152248105868,0.10934292384849786,0.1129004137198926,-0.0038359996610208376,-0.009771793854520868,-0.008894752460668733,-0.002298540005063637,-0.0001751038058631958,-0.000379896841997709,-0.06219391776511934,0.023755459779673256
315998060,microsoft/vscode,test,-0.0031036928467799724,-0.1216118473831419,-0.0010945439418578596,2.56179032921768e-05,0.0002822128016867835,0.0059730736965353595,0.0026997485687454887,-0.0009696889577532455,-0.013062010218843243,-0.02206436263587473,-0.0010901869088375407,0.1095676705743337,0.1129004137198926,-0.0038359996610208376,-0.009771793854520868,-0.008894752460668733,-0.002298540005063637,-0.0001751038058631958,-0.000379896841997709,-0.06219391776511934,-0.019097600022856757
318254349,microsoft/vscode,test,-0.0017669902593129927,-0.12278058461773314,0.008770763964236282,0.0038067197475014913,0.004001286802235693,0.0059210608378765985,0.002697752284490266,0.0024713428296703572,-0.006644705109851209,-0.01173162865140473,0.0021252836939949565,0.11057903084059505,0.11556350470613821,-0.0038359996610208376,-0.009771793854520868,-0.008894752460668733,-0.002298540005063637,-0.0001751038058631958,-0.000379896841997709,-0.06219391776511934,0.025462832674182485
321341220,microsoft/vscode,test,-0.0014709641526115334,-0.12394932185232437,0.018529419892967244,0.007252551477445942,0.0006158749633949395,0.00583391805094457,0.002698698021109346,0.003297190458652022,-0.001510861022657583,-0.004276711824413125,0.0023428511023713097,0.1128545914396831,0.11874923258426276,-0.0038359996610208376,-0.009771793854520868,-0.008894752460668733,-0.002298540005063637,-0.0001751038058631958,-0.000379896841997709,-0.06219391776511934,0.053416464744570326
321722534,microsoft/vscode,test,-0.003357553037446706,-0.12511805908691562,-0.008986790266733172,-0.002060507252133652,-0.0014228989805717999,0.005584369698867954,0.0027033097058601174,-0.0022084604012257425,-0.014345471240641647,-0.026268716464038378,0.0024492777478679123,0.11254556469165879,0.11874923258426276,-0.0038359996610208376,-0.009771793854520868,-0.008894752460668733,-0.002298540005063637,-0.0001751038058631958,-0.000379896841997709,-0.06219391776511934,-0.029286706695443525
325804905,microsoft/vscode,test,-0.0012769831254037245,-0.12628679632150683,0.012823539104037116,0.006023227725141435,0.005680109529522526,0.005719927802412339,0.0026994633852804564,0.0012325713861978602,-0.006644705109851209,-0.009114952845130675,0.0019414518822953033,0.1136412049801086,0.12966904035190094,-0.0038359996610208376,-0.009771793854520868,-0.008894752460668733,-0.002298540005063637,-0.0001751038058631958,-0.000379896841997709,-0.06219391776511934,0.04855709435074985
330727311,microsoft/vscode,test,-0.0009902014560233794,-0.12745553355609807,0.012450257183265987,0.004998791264887679,0.0048401529865380035,0.005792708161744764,0.0026909054438639876,0.0016454952006886925,-0.0027943220444559894,-0.0019945226636973027,0.0027667231752047483,0.11563583217190182,0.13671809248632186,-0.0038359996610208376,-0.009771793854520868,-0.008894752460668733,-0.002298540005063637,-0.0001751038058631958,-0.000379896841997709,-0.06219391776511934,0.06675437395988851
331516246,microsoft/vscode,test,-0.0031611375056693866,-0.1286242707906893,-0.008346878402554093,-0.0014830976108997174,0.005762089288117821,0.005805747164291274,0.0026619556659649843,-0.001657895315237966,-0.014345471240641647,-0.026268716464038378,0.0022803250588142635,0.11600104560138509,0.1402768877192312,-0.0038359996610208376,-0.009771793854520868,-0.008894752460668733,-0.002298540005063637,-0.0001751038058631958,-0.000379896841997709,-0.06219391776511934,0.001350578773819812
334826672,microsoft/vscode,test,-0.0013496397267175656,-0.12979300802528054,0.008770763964236282,0.004738025620459452,0.002156620718145863,0.00584239581288963,0.002688382667057937,0.002196060286676469,-0.005361244088052802,-0.00871369521661822,0.001998603554447474,0.1172371525934823,0.14629234527032306,-0.0038359996610208376,-0.009771793854520868,-0.008894752460668733,-0.002298540005063637,-0.0001751038058631958,-0.000379896841997709,-0.06219391776511934,0.05915275903679507
337124757,microsoft/vscode,test,-0.0019260717728444626,-0.13096174525987178,0.004344706903664315,0.0023911348206053936,0.0011122265370506232,0.0058957633567603114,0.0026935500939456935,0.0008196475717070277,-0.006644705109851209,-0.008020031763072737,0.0023564922546991047,0.11782711274880142,0.14629234527032306,-0.0038359996610208376,-0.009771793854520868,-0.008894752460668733,-0.002298540005063637,-0.0001751038058631958,-0.000379896841997709,-0.06219391776511934,0.04863042125766246
337125364,microsoft/vscode,test,-0.0035397215219033678,-0.132130482494463,-0.011919719644220618,-0.0031035698298465665,-0.0045603046599275885,0.005292157563716386,0.002705167054581094,-0.005649492188649345,-0.014345471240641647,-0.007459765127516782,0.0016766248664309533,0.11782711274880142,0.14629234527032306,0.016123186075228207,0.03361497085955178,-0.008894752460668733,-0.002298540005063637,-0.0001751038058631958,-0.000379896841997709,-0.06219391776511934,0.06688082685275137
337262896,microsoft/vscode,test,-0.003486559512820685,-0.13329921972905423,-0.01117315580267836,-0.0028800564203366567,0.011194928208141717,0.006099965538122911,0.0026275191531960093,-0.004548362016673793,-0.011778549197044835,0.009468291075352667,-0.0004445134225396969,0.11777092606734246,0.14629234527032306,-0.0038359996610208376,-0.009771793854520868,-0.008894752460668733,-0.002298540005063637,-0.0001751038058631958,-0.000379896841997709,-0.06219391776511934,0.03829355481707627
338369768,microsoft/vscode,test,-0.00301282570594999,-0.13446795696364547,-0.004187451285390077,-0.0004214089157276437,0.0032377398909349967,0.005892401994491129,0.0026827643090502583,-0.0006944064147593575,-0.013062010218843243,-0.02229793784855049,0.0011858121303623588,0.11799567279317831,0.1479718107129801,-0.0038359996610208376,-0.009771793854520868,-0.008894752460668733,-0.002298540005063637,-0.0001751038058631958,-0.000379896841997709,-0.06219391776511934,0.013272200083876591
340858462,microsoft/vscode,test,-0.0018048104362457414,-0.1356366941982367,0.0028515792205797965,0.0020558647063405283,0.003249230415580779,0.005731314890431799,0.0026766682078020127,0.0005443650287131396,-0.013062010218843243,-0.023092093571648063,0.0015749644355516179,0.11827660620047313,0.14972987653515404,-0.0038359996610208376,-0.009771793854520868,-0.008894752460668733,-0.002298540005063637,-0.0001751038058631958,-0.000379896841997709,-0.06219391776511934,0.025544856821398766
