repository_name,release_id,cycle_length_days,is_prerelease,release_sequence,commit_count,pr_count,pct_merged,avg_time_to_merge_hours,median_time_to_merge_hours,distinct_contributors,first_time_contributor_count,first_time_contributor_share,top_contributor_share,open_issues_at_release,open_bugs_at_release,release_date,bugs_in_window,elevated_risk,risk_threshold_used,window_complete,prior_releases_avg_bugs,prior_releases_count,split
kubernetes/kubernetes,36351013,,False,1,0.0,0.0,,,,0.0,0.0,,,2072,818,2021-01-13 18:49:29+00:00,148.0,1.0,112.25,True,,0,train
kubernetes/kubernetes,36351486,0.0064236111111111,False,2,0.0,0.0,,,,0.0,0.0,,,2073,819,2021-01-13 18:58:44+00:00,147.0,1.0,112.25,True,,0,train
kubernetes/kubernetes,36351831,0.0056018518518518,False,3,0.0,0.0,,,,0.0,0.0,,,2073,819,2021-01-13 19:06:48+00:00,147.0,1.0,112.25,True,,0,train
kubernetes/kubernetes,36352135,0.0050462962962962,False,4,0.0,0.0,,,,0.0,0.0,,,2073,819,2021-01-13 19:14:04+00:00,147.0,1.0,112.25,True,,0,train
kubernetes/kubernetes,38191304,35.05335648148148,False,8,643.0,806.0,0.6761786600496278,433.1250514780836,138.2736111111111,188.0,114.0,0.6063829787234043,0.0326594090202177,2051,808,2021-02-17 20:30:54+00:00,170.0,1.0,112.25,True,147.2,5,train
kubernetes/kubernetes,38191357,0.0006944444444444,False,9,0.0,0.0,,,,0.0,0.0,,,2051,808,2021-02-17 20:31:54+00:00,170.0,1.0,112.25,True,147.2,5,train
kubernetes/kubernetes,38191467,0.0015393518518518,False,10,0.0,0.0,,,,0.0,0.0,,,2051,808,2021-02-17 20:34:07+00:00,170.0,1.0,112.25,True,147.2,5,train
kubernetes/kubernetes,38251599,0.9625347222222222,False,11,29.0,37.0,0.7837837837837838,335.8632183908046,293.3513888888889,22.0,7.0,0.3181818181818182,0.1034482758620689,2051,808,2021-02-18 19:40:10+00:00,167.0,1.0,112.25,True,147.2,5,train
kubernetes/kubernetes,40026670,27.98804398148148,False,14,782.0,852.0,0.676056338028169,631.487801408179,137.39138888888888,210.0,92.0,0.4380952380952381,0.0549872122762148,2043,816,2021-03-18 19:22:57+00:00,120.0,1.0,112.25,True,147.85714285714286,7,train
kubernetes/kubernetes,40026943,0.0039236111111111,False,15,0.0,0.0,,,,0.0,0.0,,,2043,816,2021-03-18 19:28:36+00:00,120.0,1.0,112.25,True,147.85714285714286,7,train
kubernetes/kubernetes,40027219,0.0038541666666666,False,16,0.0,0.0,,,,0.0,0.0,,,2043,816,2021-03-18 19:34:09+00:00,120.0,1.0,112.25,True,147.85714285714286,7,train
kubernetes/kubernetes,41140171,20.931944444444444,False,18,217.0,389.0,0.5501285347043702,687.7780815160955,238.20902777777778,109.0,31.0,0.2844036697247706,0.0552995391705069,2024,824,2021-04-08 17:56:09+00:00,143.0,1.0,112.25,True,154.15384615384616,13,train
kubernetes/kubernetes,41456484,6.467094907407407,False,19,105.0,161.0,0.6024844720496895,563.9239690721648,203.3975,62.0,13.0,0.2096774193548387,0.0952380952380952,1993,804,2021-04-15 05:08:46+00:00,154.0,1.0,112.25,True,154.15384615384616,13,train
kubernetes/kubernetes,41456496,0.0005671296296296,False,20,0.0,0.0,,,,0.0,0.0,,,1993,804,2021-04-15 05:09:35+00:00,154.0,1.0,112.25,True,154.15384615384616,13,train
kubernetes/kubernetes,41457093,0.0160879629629629,False,21,0.0,0.0,,,,0.0,0.0,,,1993,804,2021-04-15 05:32:45+00:00,154.0,1.0,112.25,True,154.15384615384616,13,train
kubernetes/kubernetes,42867664,27.61726851851852,False,23,384.0,594.0,0.6666666666666666,580.6520209034793,157.52375,180.0,62.0,0.3444444444444444,0.0338541666666666,1992,817,2021-05-12 20:21:37+00:00,146.0,1.0,112.25,True,146.38888888888889,18,train
kubernetes/kubernetes,42868108,0.0062152777777777,False,24,0.0,0.0,,,,0.0,0.0,,,1991,816,2021-05-12 20:30:34+00:00,146.0,1.0,112.25,True,146.38888888888889,18,train
kubernetes/kubernetes,42868402,0.0046643518518518,False,25,0.0,0.0,,,,0.0,0.0,,,1991,816,2021-05-12 20:37:17+00:00,146.0,1.0,112.25,True,146.38888888888889,18,train
kubernetes/kubernetes,42868425,0.0004282407407407,False,26,0.0,0.0,,,,0.0,0.0,,,1991,816,2021-05-12 20:37:54+00:00,146.0,1.0,112.25,True,146.38888888888889,18,train
kubernetes/kubernetes,44743553,34.86159722222222,False,29,509.0,663.0,0.669683257918552,495.31941191191186,103.67902777777778,173.0,52.0,0.3005780346820809,0.0451866404715127,2012,842,2021-06-16 17:18:36+00:00,120.0,1.0,112.25,True,147.0,26,train
kubernetes/kubernetes,44821176,1.0541203703703703,False,30,20.0,25.0,0.52,577.8611538461539,33.09777777777778,18.0,5.0,0.2777777777777778,0.1,2006,842,2021-06-17 18:36:32+00:00,121.0,1.0,112.25,True,147.0,26,train
kubernetes/kubernetes,44821813,0.0066319444444444,False,31,0.0,0.0,,,,0.0,0.0,,,2006,842,2021-06-17 18:46:05+00:00,121.0,1.0,112.25,True,147.0,26,train
kubernetes/kubernetes,44822353,0.0072106481481481,False,32,1.0,0.0,,,,1.0,0.0,0.0,1.0,2007,843,2021-06-17 18:56:28+00:00,120.0,1.0,112.25,True,147.0,26,train
kubernetes/kubernetes,46289135,28.17701388888889,False,36,498.0,539.0,0.640074211502783,644.3409959742352,129.5,165.0,48.0,0.2909090909090909,0.110441767068273,1845,782,2021-07-15 23:11:22+00:00,112.0,0.0,112.25,True,147.03571428571428,28,train
kubernetes/kubernetes,46289180,0.0011458333333333,False,37,1.0,0.0,,,,1.0,0.0,0.0,1.0,1845,782,2021-07-15 23:13:01+00:00,112.0,0.0,112.25,True,147.03571428571428,28,train
kubernetes/kubernetes,46289230,0.0010069444444444,False,38,1.0,0.0,,,,1.0,0.0,0.0,1.0,1845,782,2021-07-15 23:14:28+00:00,112.0,0.0,112.25,True,147.03571428571428,28,train
kubernetes/kubernetes,47318163,19.850324074074077,False,40,179.0,282.0,0.624113475177305,454.6968781565657,230.6184722222222,100.0,24.0,0.24,0.0893854748603352,1858,790,2021-08-04 19:38:56+00:00,122.0,1.0,112.25,True,143.03030303030303,33,train
kubernetes/kubernetes,47708237,7.124351851851852,False,41,98.0,127.0,0.7401574803149606,517.9933983451537,59.18888888888889,55.0,6.0,0.109090909090909,0.1326530612244898,1849,793,2021-08-11 22:38:00+00:00,109.0,0.0,112.25,True,141.76470588235293,34,train
kubernetes/kubernetes,47708400,0.0038194444444444,False,42,1.0,0.0,,,,1.0,0.0,0.0,1.0,1849,793,2021-08-11 22:43:30+00:00,109.0,0.0,112.25,True,141.76470588235293,34,train
kubernetes/kubernetes,47708498,0.002037037037037,False,43,1.0,0.0,,,,1.0,0.0,0.0,1.0,1849,793,2021-08-11 22:46:26+00:00,109.0,0.0,112.25,True,141.76470588235293,34,train
kubernetes/kubernetes,48132309,7.789722222222222,False,45,82.0,97.0,0.6288659793814433,495.156179417122,96.00138888888888,43.0,4.0,0.0930232558139534,0.1097560975609756,1842,795,2021-08-19 17:43:38+00:00,112.0,0.0,112.25,True,138.76315789473685,38,train
kubernetes/kubernetes,49630995,27.12605324074074,False,47,336.0,406.0,0.687192118226601,721.063169056153,200.49333333333334,127.0,33.0,0.2598425196850393,0.1041666666666666,1846,800,2021-09-15 20:45:09+00:00,117.0,1.0,112.25,True,135.65116279069767,43,train
kubernetes/kubernetes,49632055,0.0139583333333333,False,48,2.0,1.0,1.0,4.311388888888889,4.311388888888889,2.0,0.0,0.0,0.5,1847,801,2021-09-15 21:05:15+00:00,116.0,1.0,112.25,True,135.65116279069767,43,train
kubernetes/kubernetes,49636436,0.0707175925925926,False,49,5.0,4.0,1.0,386.8746527777778,27.59375,3.0,0.0,0.0,0.6,1847,801,2021-09-15 22:47:05+00:00,116.0,1.0,112.25,True,135.65116279069767,43,train
kubernetes/kubernetes,49638691,0.0365277777777777,False,50,1.0,0.0,,,,1.0,0.0,0.0,1.0,1848,801,2021-09-15 23:39:41+00:00,116.0,1.0,112.25,True,135.65116279069767,43,train
kubernetes/kubernetes,52193134,42.07355324074074,False,52,509.0,594.0,0.6734006734006734,502.1123604166667,166.1348611111111,162.0,42.0,0.2592592592592592,0.0510805500982318,1843,801,2021-10-28 01:25:36+00:00,120.0,1.0,112.25,True,132.82,50,train
kubernetes/kubernetes,52193186,0.00125,False,53,1.0,0.0,,,,1.0,0.0,0.0,1.0,1843,801,2021-10-28 01:27:24+00:00,120.0,1.0,112.25,True,132.82,50,train
kubernetes/kubernetes,52193237,0.0007407407407407,False,54,1.0,0.0,,,,1.0,0.0,0.0,1.0,1843,801,2021-10-28 01:28:28+00:00,120.0,1.0,112.25,True,132.82,50,train
kubernetes/kubernetes,52193302,0.0013310185185185,False,55,1.0,0.0,,,,1.0,0.0,0.0,1.0,1843,801,2021-10-28 01:30:23+00:00,120.0,1.0,112.25,True,132.82,50,train
kubernetes/kubernetes,53592811,20.835578703703703,False,57,390.0,382.0,0.7617801047120419,755.7352462772051,117.07194444444444,146.0,39.0,0.2671232876712329,0.0717948717948717,1812,776,2021-11-17 21:33:37+00:00,117.0,1.0,112.25,True,132.4313725490196,51,train
kubernetes/kubernetes,53593301,0.0056944444444444,False,59,3.0,0.0,,,,2.0,0.0,0.0,0.6666666666666666,1812,776,2021-11-17 21:41:49+00:00,117.0,1.0,112.25,True,132.4313725490196,51,train
kubernetes/kubernetes,53593506,0.0026388888888888,False,60,1.0,0.0,,,,1.0,0.0,0.0,1.0,1811,776,2021-11-17 21:45:37+00:00,117.0,1.0,112.25,True,132.4313725490196,51,train
kubernetes/kubernetes,54824547,19.95988425925926,False,63,159.0,215.0,0.6651162790697674,635.8376748251749,323.0469444444444,66.0,10.0,0.1515151515151515,0.0817610062893081,1794,769,2021-12-07 20:47:51+00:00,105.0,0.0,112.25,True,131.32142857142858,56,train
kubernetes/kubernetes,55392164,7.910636574074074,False,65,97.0,141.0,0.6879432624113475,427.27575315005726,82.52444444444444,57.0,8.0,0.1403508771929824,0.0515463917525773,1794,775,2021-12-15 18:39:10+00:00,100.0,0.0,112.25,True,131.32142857142858,56,train
kubernetes/kubernetes,55393544,0.0130671296296296,False,66,0.0,0.0,,,,0.0,0.0,,,1794,775,2021-12-15 18:57:59+00:00,100.0,0.0,112.25,True,131.32142857142858,56,train
kubernetes/kubernetes,55465785,0.8676388888888888,False,67,12.0,13.0,0.6923076923076923,405.82703703703703,462.18,10.0,1.0,0.1,0.1666666666666666,1795,775,2021-12-16 15:47:23+00:00,100.0,0.0,112.25,True,131.32142857142858,56,train
kubernetes/kubernetes,55467689,0.0142592592592592,False,68,1.0,0.0,,,,1.0,0.0,0.0,1.0,1795,775,2021-12-16 16:07:55+00:00,100.0,0.0,112.25,True,131.32142857142858,56,train
kubernetes/kubernetes,57503634,34.20697916666666,False,69,283.0,363.0,0.6887052341597796,634.1685511111111,127.99013888888888,120.0,38.0,0.3166666666666666,0.0530035335689045,1805,779,2022-01-19 21:05:58+00:00,97.0,0.0,112.25,True,126.97058823529412,68,train
kubernetes/kubernetes,57503779,0.0013541666666666,False,70,0.0,0.0,,,,0.0,0.0,,,1805,779,2022-01-19 21:07:55+00:00,97.0,0.0,112.25,True,126.97058823529412,68,train
kubernetes/kubernetes,57504045,0.0022106481481481,False,71,0.0,0.0,,,,0.0,0.0,,,1805,779,2022-01-19 21:11:06+00:00,97.0,0.0,112.25,True,126.97058823529412,68,train
kubernetes/kubernetes,57516071,0.1158796296296296,False,72,1.0,1.0,1.0,537.0313888888888,537.0313888888888,1.0,0.0,0.0,1.0,1804,778,2022-01-19 23:57:58+00:00,97.0,0.0,112.25,True,126.97058823529412,68,train
kubernetes/kubernetes,57972287,6.004918981481482,False,73,66.0,78.0,0.6282051282051282,318.9832086167801,142.1786111111111,47.0,9.0,0.1914893617021276,0.106060606060606,1795,771,2022-01-26 00:05:03+00:00,95.0,0.0,112.25,True,126.97058823529412,68,train
kubernetes/kubernetes,59818995,22.66859953703704,False,76,238.0,292.0,0.6472602739726028,586.3854835390946,122.31083333333333,105.0,21.0,0.2,0.0630252100840336,1758,740,2022-02-17 16:07:50+00:00,94.0,0.0,112.25,True,126.97058823529412,68,train
kubernetes/kubernetes,59820624,0.0066898148148148,False,77,0.0,0.0,,,,0.0,0.0,,,1758,740,2022-02-17 16:17:28+00:00,93.0,0.0,112.25,True,126.97058823529412,68,train
kubernetes/kubernetes,59821299,0.0048958333333333,False,78,0.0,0.0,,,,0.0,0.0,,,1758,740,2022-02-17 16:24:31+00:00,93.0,0.0,112.25,True,126.97058823529412,68,train
kubernetes/kubernetes,62049233,27.252476851851853,False,79,309.0,402.0,0.6890547263681592,585.2084316085038,162.75027777777777,120.0,26.0,0.2166666666666666,0.0485436893203883,1745,733,2022-03-16 22:28:05+00:00,111.0,0.0,112.25,True,124.43243243243244,74,train
kubernetes/kubernetes,62049706,0.007199074074074,False,80,0.0,0.0,,,,0.0,0.0,,,1745,733,2022-03-16 22:38:27+00:00,111.0,0.0,112.25,True,124.43243243243244,74,train
kubernetes/kubernetes,62050650,0.007199074074074,False,81,0.0,0.0,,,,0.0,0.0,,,1745,733,2022-03-16 22:48:49+00:00,111.0,0.0,112.25,True,124.43243243243244,74,train
kubernetes/kubernetes,64863991,34.71822916666667,False,85,476.0,535.0,0.5906542056074766,721.5058060829817,145.54541666666665,151.0,36.0,0.23841059602649,0.0672268907563025,1762,735,2022-04-20 16:03:04+00:00,97.0,0.0,112.25,True,122.4320987654321,81,train
kubernetes/kubernetes,64869495,0.0461226851851851,False,86,5.0,2.0,1.0,328.97833333333335,328.97833333333335,1.0,0.0,0.0,1.0,1762,734,2022-04-20 17:09:29+00:00,97.0,0.0,112.25,True,122.4320987654321,81,train
kubernetes/kubernetes,64881287,0.0885763888888888,False,87,1.0,1.0,1.0,328.22833333333335,328.22833333333335,1.0,0.0,0.0,1.0,1759,731,2022-04-20 19:17:02+00:00,97.0,0.0,112.25,True,122.4320987654321,81,train
kubernetes/kubernetes,65962790,13.0603125,False,89,90.0,125.0,0.568,929.9699217527385,306.0111111111111,53.0,9.0,0.1698113207547169,0.0888888888888888,1759,732,2022-05-03 20:43:53+00:00,95.0,0.0,112.25,True,121.92771084337349,83,train
kubernetes/kubernetes,67749918,21.158622685185183,False,90,288.0,288.0,0.7013888888888888,591.483602860286,101.49902777777777,97.0,18.0,0.1855670103092783,0.1631944444444444,1787,750,2022-05-25 00:32:18+00:00,82.0,0.0,112.25,True,120.80459770114942,87,train
kubernetes/kubernetes,67833798,0.7742476851851852,False,91,8.0,13.0,0.46153846153846156,189.57060185185185,41.699444444444445,6.0,0.0,0.0,0.25,1787,752,2022-05-25 19:07:13+00:00,79.0,0.0,112.25,True,120.80459770114942,87,train
kubernetes/kubernetes,67872434,0.1123148148148148,False,92,0.0,1.0,0.0,,,0.0,0.0,,,1787,752,2022-05-25 21:48:57+00:00,79.0,0.0,112.25,True,120.80459770114942,87,train
kubernetes/kubernetes,67885314,0.2376157407407407,False,93,1.0,2.0,0.5,6995.129166666667,6995.129166666667,1.0,0.0,0.0,1.0,1786,751,2022-05-26 03:31:07+00:00,79.0,0.0,112.25,True,120.80459770114942,87,train
kubernetes/kubernetes,69652729,21.67553240740741,False,95,226.0,290.0,0.6896551724137931,758.3228402777779,165.23111111111112,93.0,23.0,0.2473118279569892,0.1106194690265486,1759,730,2022-06-16 19:43:53+00:00,70.0,0.0,112.25,True,120.15730337078652,89,train
kubernetes/kubernetes,69661314,0.0258333333333333,False,96,0.0,0.0,,,,0.0,0.0,,,1759,730,2022-06-16 20:21:05+00:00,70.0,0.0,112.25,True,120.15730337078652,89,train
kubernetes/kubernetes,69680319,0.3043981481481481,False,97,2.0,2.0,0.5,162.3322222222222,162.3322222222222,1.0,0.0,0.0,1.0,1761,732,2022-06-17 03:39:25+00:00,68.0,0.0,112.25,True,120.15730337078652,89,train
kubernetes/kubernetes,69680447,0.002974537037037,False,98,0.0,0.0,,,,0.0,0.0,,,1761,732,2022-06-17 03:43:42+00:00,68.0,0.0,112.25,True,120.15730337078652,89,train
kubernetes/kubernetes,71926822,26.58293981481481,False,100,242.0,325.0,0.64,735.652827190171,156.07444444444445,99.0,25.0,0.2525252525252525,0.0537190082644628,1767,722,2022-07-13 17:43:08+00:00,111.0,0.0,112.25,True,118.41935483870968,93,train
kubernetes/kubernetes,71933950,0.0630787037037037,False,101,1.0,1.0,1.0,996.7091666666666,996.7091666666666,1.0,0.0,0.0,1.0,1767,722,2022-07-13 19:13:58+00:00,111.0,0.0,112.25,True,118.41935483870968,93,train
kubernetes/kubernetes,71937344,0.0306597222222222,False,102,0.0,0.0,,,,0.0,0.0,,,1768,723,2022-07-13 19:58:07+00:00,110.0,0.0,112.25,True,118.41935483870968,93,train
kubernetes/kubernetes,74666225,35.05638888888889,False,107,472.0,541.0,0.6451016635859519,626.9440464820121,155.2325,149.0,32.0,0.2147651006711409,0.0338983050847457,1794,731,2022-08-17 21:19:19+00:00,107.0,0.0,112.25,True,115.45098039215686,102,train
kubernetes/kubernetes,74669757,0.042511574074074,False,108,0.0,0.0,,,,0.0,0.0,,,1794,731,2022-08-17 22:20:32+00:00,107.0,0.0,112.25,True,115.45098039215686,102,train
kubernetes/kubernetes,74671731,0.0329513888888888,False,109,0.0,0.0,,,,0.0,0.0,,,1794,731,2022-08-17 23:07:59+00:00,107.0,0.0,112.25,True,115.45098039215686,102,train
kubernetes/kubernetes,75156399,5.930416666666667,False,110,47.0,48.0,0.6875,586.1908164983165,276.17555555555555,26.0,5.0,0.1923076923076923,0.1489361702127659,1758,723,2022-08-23 21:27:47+00:00,112.0,0.0,112.25,True,115.45631067961165,103,train
kubernetes/kubernetes,77194312,21.970266203703705,False,111,268.0,352.0,0.6505681818181818,612.4471809801067,131.65444444444444,101.0,22.0,0.2178217821782178,0.1492537313432835,1741,728,2022-09-14 20:44:58+00:00,80.0,0.0,112.25,True,115.42857142857143,105,train
kubernetes/kubernetes,77213823,0.1574652777777777,False,112,3.0,1.0,1.0,311.3697222222222,311.3697222222222,2.0,0.0,0.0,0.6666666666666666,1740,727,2022-09-15 00:31:43+00:00,79.0,0.0,112.25,True,115.42857142857143,105,train
kubernetes/kubernetes,77303540,0.5907175925925926,False,113,9.0,9.0,0.6666666666666666,67.08319444444444,56.6525,9.0,3.0,0.3333333333333333,0.1111111111111111,1736,725,2022-09-15 14:42:21+00:00,82.0,0.0,112.25,True,115.42857142857143,105,train
kubernetes/kubernetes,77303985,0.0026504629629629,False,114,0.0,1.0,1.0,8.983888888888888,8.983888888888888,0.0,0.0,,,1736,725,2022-09-15 14:46:10+00:00,82.0,0.0,112.25,True,115.42857142857143,105,train
kubernetes/kubernetes,77795569,6.0865625,False,116,83.0,127.0,0.7007874015748031,442.33857365792755,76.92611111111111,43.0,6.0,0.1395348837209302,0.0963855421686747,1731,729,2022-09-21 16:50:49+00:00,76.0,0.0,112.25,True,115.14678899082568,109,train
kubernetes/kubernetes,77802321,0.0549189814814814,False,117,0.0,1.0,1.0,495.6488888888889,495.6488888888889,0.0,0.0,,,1728,728,2022-09-21 18:09:54+00:00,76.0,0.0,112.25,True,115.14678899082568,109,train
kubernetes/kubernetes,77807233,0.0376273148148148,False,118,3.0,3.0,1.0,1020.911111111111,1017.7238888888888,2.0,1.0,0.5,0.6666666666666666,1731,728,2022-09-21 19:04:05+00:00,76.0,0.0,112.25,True,115.14678899082568,109,train
kubernetes/kubernetes,77813556,0.0514467592592592,False,119,3.0,2.0,1.0,14.907361111111111,14.907361111111111,3.0,0.0,0.0,0.3333333333333333,1732,729,2022-09-21 20:18:10+00:00,76.0,0.0,112.25,True,115.14678899082568,109,train
kubernetes/kubernetes,79809601,21.87349537037037,False,121,263.0,275.0,0.6945454545454546,510.74214223385695,75.94055555555556,100.0,24.0,0.24,0.0950570342205323,1713,721,2022-10-13 17:16:00+00:00,77.0,0.0,112.25,True,115.11818181818182,110,train
kubernetes/kubernetes,79809812,0.0016435185185185,False,122,0.0,0.0,,,,0.0,0.0,,,1713,721,2022-10-13 17:18:22+00:00,77.0,0.0,112.25,True,115.11818181818182,110,train
kubernetes/kubernetes,79809886,0.000636574074074,False,123,0.0,0.0,,,,0.0,0.0,,,1713,721,2022-10-13 17:19:17+00:00,77.0,0.0,112.25,True,115.11818181818182,110,train
kubernetes/kubernetes,82710116,27.988333333333333,False,125,591.0,577.0,0.6741767764298093,539.6449214510139,79.36944444444444,144.0,34.0,0.2361111111111111,0.0609137055837563,1702,699,2022-11-10 17:02:29+00:00,81.0,0.0,112.25,True,112.29411764705883,119,train
kubernetes/kubernetes,82714136,0.0266666666666666,False,126,2.0,1.0,1.0,8168.530833333333,8168.530833333333,1.0,0.0,0.0,1.0,1700,697,2022-11-10 17:40:53+00:00,81.0,0.0,112.25,True,112.29411764705883,119,train
kubernetes/kubernetes,82714305,0.0011921296296296,False,127,1.0,0.0,,,,1.0,0.0,0.0,1.0,1700,697,2022-11-10 17:42:36+00:00,81.0,0.0,112.25,True,112.29411764705883,119,train
kubernetes/kubernetes,82714385,0.0006134259259259,False,128,0.0,0.0,,,,0.0,0.0,,,1700,697,2022-11-10 17:43:29+00:00,81.0,0.0,112.25,True,112.29411764705883,119,train
kubernetes/kubernetes,85466097,27.997858796296292,False,132,243.0,357.0,0.6386554621848739,837.4878240740741,340.0884722222222,100.0,16.0,0.16,0.0411522633744856,1740,716,2022-12-08 17:40:24+00:00,68.0,0.0,112.25,True,110.98387096774194,124,train
kubernetes/kubernetes,85470423,0.0236226851851851,False,133,0.0,1.0,1.0,821.5013888888889,821.5013888888889,0.0,0.0,,,1739,715,2022-12-08 18:14:25+00:00,68.0,0.0,112.25,True,110.98387096774194,124,train
kubernetes/kubernetes,85475750,0.0388078703703703,False,134,0.0,1.0,1.0,2201.4183333333335,2201.4183333333335,0.0,0.0,,,1740,715,2022-12-08 19:10:18+00:00,68.0,0.0,112.25,True,110.98387096774194,124,train
kubernetes/kubernetes,85487731,0.0929976851851851,False,135,1.0,0.0,,,,1.0,0.0,0.0,1.0,1740,715,2022-12-08 21:24:13+00:00,68.0,0.0,112.25,True,110.98387096774194,124,train
kubernetes/kubernetes,85515657,0.2755324074074074,False,136,2.0,3.0,0.6666666666666666,750.0972222222222,750.0972222222222,2.0,1.0,0.5,0.5,1739,715,2022-12-09 04:00:59+00:00,68.0,0.0,112.25,True,110.98387096774194,124,train
kubernetes/kubernetes,89461411,40.71791666666667,False,137,547.0,607.0,0.7067545304777595,598.0738209013209,114.26527777777778,147.0,44.0,0.2993197278911564,0.0968921389396709,1682,688,2023-01-18 21:14:47+00:00,82.0,0.0,112.25,True,107.77941176470588,136,train
kubernetes/kubernetes,89465459,0.0246180555555555,False,138,0.0,0.0,,,,0.0,0.0,,,1681,687,2023-01-18 21:50:14+00:00,82.0,0.0,112.25,True,107.77941176470588,136,train
kubernetes/kubernetes,89478326,0.131724537037037,False,139,1.0,5.0,0.8,134.76125000000002,11.288055555555557,1.0,0.0,0.0,1.0,1682,686,2023-01-19 00:59:55+00:00,82.0,0.0,112.25,True,107.77941176470588,136,train
kubernetes/kubernetes,89577865,0.6783912037037036,False,140,14.0,12.0,0.8333333333333334,271.8174722222222,40.880833333333335,8.0,1.0,0.125,0.3571428571428571,1682,686,2023-01-19 17:16:48+00:00,77.0,0.0,112.25,True,107.77941176470588,136,train
kubernetes/kubernetes,93991288,40.13732638888889,False,143,598.0,646.0,0.6919504643962848,481.7695855083271,156.37222222222223,160.0,40.0,0.25,0.1137123745819397,1715,685,2023-02-28 20:34:33+00:00,120.0,1.0,112.25,True,106.7872340425532,141,train
kubernetes/kubernetes,94000681,0.0320717592592592,False,144,0.0,0.0,,,,0.0,0.0,,,1715,686,2023-02-28 21:20:44+00:00,120.0,1.0,112.25,True,106.7872340425532,141,train
kubernetes/kubernetes,94006526,0.0313425925925925,False,145,4.0,3.0,1.0,74.16722222222222,46.24472222222222,3.0,0.0,0.0,0.5,1714,686,2023-02-28 22:05:52+00:00,120.0,1.0,112.25,True,106.7872340425532,141,train
kubernetes/kubernetes,94012442,0.0444791666666666,False,146,0.0,2.0,0.5,331.5083333333333,331.5083333333333,0.0,0.0,,,1712,684,2023-02-28 23:09:55+00:00,120.0,1.0,112.25,True,106.7872340425532,141,train
kubernetes/kubernetes,96018281,16.759270833333332,False,149,470.0,393.0,0.6844783715012722,545.0714322593969,51.16638888888889,126.0,16.0,0.1269841269841269,0.0595744680851063,1731,690,2023-03-17 17:23:16+00:00,92.0,0.0,112.25,True,106.7605633802817,142,train
kubernetes/kubernetes,96021741,0.0260300925925925,False,150,2.0,0.0,,,,2.0,0.0,0.0,0.5,1730,689,2023-03-17 18:00:45+00:00,92.0,0.0,112.25,True,106.7605633802817,142,train
kubernetes/kubernetes,96029525,0.0553125,False,151,0.0,2.0,1.0,607.9275,607.9275,0.0,0.0,,,1730,689,2023-03-17 19:20:24+00:00,92.0,0.0,112.25,True,106.7605633802817,142,train
kubernetes/kubernetes,98968195,25.00511574074074,False,154,226.0,327.0,0.5657492354740061,1179.5963903903905,346.24055555555555,89.0,11.0,0.1235955056179775,0.0663716814159292,1776,706,2023-04-11 19:27:46+00:00,88.0,0.0,112.25,True,107.16326530612245,147,train
kubernetes/kubernetes,99183057,0.9362037037037036,False,155,26.0,33.0,0.6363636363636364,746.3447354497355,512.69,22.0,3.0,0.1363636363636363,0.1153846153846153,1756,696,2023-04-12 17:55:54+00:00,92.0,0.0,112.25,True,107.16326530612245,147,train
kubernetes/kubernetes,99187893,0.0292361111111111,False,156,1.0,2.0,1.0,288.56402777777777,288.56402777777777,1.0,0.0,0.0,1.0,1756,696,2023-04-12 18:38:00+00:00,92.0,0.0,112.25,True,107.16326530612245,147,train
kubernetes/kubernetes,99192787,0.0294791666666666,False,157,0.0,0.0,,,,0.0,0.0,,,1756,696,2023-04-12 19:20:27+00:00,93.0,0.0,112.25,True,107.16326530612245,147,train
kubernetes/kubernetes,99571135,1.8755902777777775,False,158,41.0,88.0,0.7159090909090909,517.047971781305,353.7366666666667,21.0,3.0,0.1428571428571428,0.1463414634146341,1765,698,2023-04-14 16:21:18+00:00,83.0,0.0,112.25,True,107.16326530612245,147,train
kubernetes/kubernetes,103386457,33.23195601851852,False,159,412.0,549.0,0.663023679417122,557.5832692307692,128.97402777777776,138.0,31.0,0.2246376811594203,0.0679611650485436,1769,709,2023-05-17 21:55:19+00:00,98.0,0.0,112.25,True,105.93037974683544,158,train
kubernetes/kubernetes,103386495,0.0002314814814814,False,160,0.0,0.0,,,,0.0,0.0,,,1769,709,2023-05-17 21:55:39+00:00,98.0,0.0,112.25,True,105.93037974683544,158,train
kubernetes/kubernetes,103393064,0.0816782407407407,False,161,4.0,1.0,1.0,21.704722222222223,21.704722222222223,2.0,0.0,0.0,0.75,1769,709,2023-05-17 23:53:16+00:00,98.0,0.0,112.25,True,105.93037974683544,158,train
kubernetes/kubernetes,103395497,0.0377893518518518,False,162,3.0,0.0,,,,1.0,0.0,0.0,1.0,1769,709,2023-05-18 00:47:41+00:00,98.0,0.0,112.25,True,105.93037974683544,158,train
kubernetes/kubernetes,108620995,27.725497685185186,False,165,293.0,405.0,0.6395061728395062,724.6418318318318,125.77722222222222,103.0,18.0,0.174757281553398,0.0614334470989761,1792,721,2023-06-14 18:12:24+00:00,102.0,0.0,112.25,True,105.93037974683544,158,train
kubernetes/kubernetes,108627351,0.0374305555555555,False,166,1.0,2.0,0.5,9.258055555555556,9.258055555555556,1.0,0.0,0.0,1.0,1792,721,2023-06-14 19:06:18+00:00,103.0,0.0,112.25,True,105.93037974683544,158,train
kubernetes/kubernetes,108637771,0.0588773148148148,False,167,1.0,1.0,1.0,7.9319444444444445,7.9319444444444445,1.0,0.0,0.0,1.0,1792,721,2023-06-14 20:31:05+00:00,103.0,0.0,112.25,True,105.93037974683544,158,train
kubernetes/kubernetes,108644552,0.0455324074074074,False,168,0.0,0.0,,,,0.0,0.0,,,1794,722,2023-06-14 21:36:39+00:00,102.0,0.0,112.25,True,105.93037974683544,158,train
kubernetes/kubernetes,112862724,34.8928125,False,171,529.0,531.0,0.6666666666666666,633.3392827997488,105.10138888888889,145.0,23.0,0.1586206896551724,0.0756143667296786,1808,746,2023-07-19 19:02:18+00:00,95.0,0.0,112.25,True,105.55952380952381,168,train
kubernetes/kubernetes,112870721,0.0363425925925925,False,172,0.0,0.0,,,,0.0,0.0,,,1808,746,2023-07-19 19:54:38+00:00,95.0,0.0,112.25,True,105.55952380952381,168,train
kubernetes/kubernetes,112875833,0.0311226851851851,False,173,0.0,0.0,,,,0.0,0.0,,,1808,746,2023-07-19 20:39:27+00:00,95.0,0.0,112.25,True,105.55952380952381,168,train
kubernetes/kubernetes,112879656,0.028287037037037,False,174,1.0,0.0,,,,1.0,0.0,0.0,1.0,1809,747,2023-07-19 21:20:11+00:00,94.0,0.0,112.25,True,105.55952380952381,168,train
kubernetes/kubernetes,117338250,26.81935185185185,False,178,200.0,307.0,0.6319218241042345,768.0387184994273,369.16430555555553,92.0,21.0,0.2282608695652173,0.055,1893,792,2023-08-15 17:00:03+00:00,88.0,0.0,112.25,True,105.57058823529412,170,train
kubernetes/kubernetes,118493643,8.461701388888889,False,179,91.0,143.0,0.7062937062937062,357.1521287128713,166.77083333333334,45.0,9.0,0.2,0.0769230769230769,1879,785,2023-08-24 04:04:54+00:00,87.0,0.0,112.25,True,105.24571428571429,175,train
kubernetes/kubernetes,118493759,0.0016087962962962,False,180,0.0,0.0,,,,0.0,0.0,,,1879,785,2023-08-24 04:07:13+00:00,87.0,0.0,112.25,True,105.24571428571429,175,train
kubernetes/kubernetes,118498412,0.0615046296296296,False,181,1.0,2.0,0.5,1150.4841666666666,1150.4841666666666,1.0,0.0,0.0,1.0,1880,785,2023-08-24 05:35:47+00:00,87.0,0.0,112.25,True,105.24571428571429,175,train
kubernetes/kubernetes,118524649,0.1613425925925926,False,182,0.0,0.0,,,,0.0,0.0,,,1881,786,2023-08-24 09:28:07+00:00,86.0,0.0,112.25,True,105.24571428571429,175,train
kubernetes/kubernetes,118562913,0.1876851851851851,False,183,6.0,5.0,1.0,294.70483333333334,27.10527777777778,6.0,0.0,0.0,0.1666666666666666,1881,785,2023-08-24 13:58:23+00:00,86.0,0.0,112.25,True,105.24571428571429,175,train
kubernetes/kubernetes,121009496,20.172303240740742,False,184,277.0,343.0,0.6938775510204082,645.2331407563024,106.88916666666667,109.0,25.0,0.2293577981651376,0.0722021660649819,1903,801,2023-09-13 18:06:30+00:00,79.0,0.0,112.25,True,105.05649717514125,177,train
kubernetes/kubernetes,121011208,0.0098032407407407,False,185,0.0,0.0,,,,0.0,0.0,,,1903,801,2023-09-13 18:20:37+00:00,79.0,0.0,112.25,True,105.05649717514125,177,train
kubernetes/kubernetes,121027792,0.0810185185185185,False,186,1.0,5.0,0.8,1604.2009027777776,959.8923611111111,1.0,0.0,0.0,1.0,1903,800,2023-09-13 20:17:17+00:00,79.0,0.0,112.25,True,105.05649717514125,177,train
kubernetes/kubernetes,121033600,0.0318287037037037,False,187,0.0,0.0,,,,0.0,0.0,,,1904,800,2023-09-13 21:03:07+00:00,79.0,0.0,112.25,True,105.05649717514125,177,train
kubernetes/kubernetes,125627999,34.73142361111111,False,190,388.0,466.0,0.6974248927038627,464.4022384615384,94.76805555555555,123.0,20.0,0.1626016260162601,0.0592783505154639,1971,828,2023-10-18 14:36:22+00:00,83.0,0.0,112.25,True,103.9144385026738,187,train
kubernetes/kubernetes,125636180,0.0275231481481481,False,191,0.0,1.0,1.0,120.42,120.42,0.0,0.0,,,1971,828,2023-10-18 15:16:00+00:00,83.0,0.0,112.25,True,103.9144385026738,187,train
kubernetes/kubernetes,125643604,0.0216087962962962,False,192,1.0,0.0,,,,1.0,0.0,0.0,1.0,1971,828,2023-10-18 15:47:07+00:00,83.0,0.0,112.25,True,103.9144385026738,187,train
kubernetes/kubernetes,125649052,0.0229050925925925,False,193,0.0,0.0,,,,0.0,0.0,,,1971,828,2023-10-18 16:20:06+00:00,83.0,0.0,112.25,True,103.9144385026738,187,train
kubernetes/kubernetes,129613920,28.1409375,False,195,374.0,401.0,0.6733167082294265,771.046096707819,120.32416666666666,102.0,13.0,0.1274509803921568,0.0614973262032085,2000,841,2023-11-15 19:43:03+00:00,76.0,0.0,112.25,True,103.73544973544973,189,train
kubernetes/kubernetes,129616500,0.0159027777777777,False,196,2.0,0.0,,,,1.0,0.0,0.0,1.0,2000,841,2023-11-15 20:05:57+00:00,76.0,0.0,112.25,True,103.73544973544973,189,train
kubernetes/kubernetes,129622209,0.0264004629629629,False,197,3.0,1.0,1.0,674.5833333333334,674.5833333333334,2.0,0.0,0.0,0.6666666666666666,2000,841,2023-11-15 20:43:58+00:00,76.0,0.0,112.25,True,103.73544973544973,189,train
kubernetes/kubernetes,129714744,0.6157407407407407,False,198,4.0,6.0,1.0,638.8346759259259,672.7911111111111,4.0,0.0,0.0,0.25,2002,843,2023-11-16 11:30:38+00:00,74.0,0.0,112.25,True,103.73544973544973,189,train
kubernetes/kubernetes,133777858,27.21090277777778,False,202,204.0,233.0,0.648068669527897,1231.8647332597498,478.8561111111111,70.0,15.0,0.2142857142857142,0.1470588235294117,2057,873,2023-12-13 16:34:20+00:00,64.0,0.0,112.25,True,103.11855670103093,194,train
kubernetes/kubernetes,134607215,6.77792824074074,False,203,57.0,79.0,0.7468354430379747,588.3202683615818,168.7513888888889,30.0,2.0,0.0666666666666666,0.1228070175438596,2062,874,2023-12-20 11:14:33+00:00,55.0,0.0,112.25,True,102.56060606060606,198,train
kubernetes/kubernetes,134624427,0.0896296296296296,False,204,0.0,0.0,,,,0.0,0.0,,,2062,875,2023-12-20 13:23:37+00:00,54.0,0.0,112.25,True,102.56060606060606,198,train
kubernetes/kubernetes,134624945,0.002349537037037,False,205,0.0,0.0,,,,0.0,0.0,,,2063,875,2023-12-20 13:27:00+00:00,54.0,0.0,112.25,True,102.56060606060606,198,train
kubernetes/kubernetes,137446153,28.25728009259259,False,206,287.0,297.0,0.5959595959595959,875.9117043314501,199.18333333333334,75.0,13.0,0.1733333333333333,0.3344947735191638,2081,883,2024-01-17 19:37:29+00:00,52.0,0.0,112.25,True,101.86138613861387,202,train
kubernetes/kubernetes,137446434,0.0017708333333333,False,207,0.0,0.0,,,,0.0,0.0,,,2081,883,2024-01-17 19:40:02+00:00,52.0,0.0,112.25,True,101.86138613861387,202,train
kubernetes/kubernetes,137446444,8.101851851851852e-05,False,208,0.0,0.0,,,,0.0,0.0,,,2081,883,2024-01-17 19:40:09+00:00,52.0,0.0,112.25,True,101.86138613861387,202,train
kubernetes/kubernetes,137446709,0.0014814814814814,False,209,0.0,0.0,,,,0.0,0.0,,,2081,883,2024-01-17 19:42:17+00:00,52.0,0.0,112.25,True,101.86138613861387,202,train
kubernetes/kubernetes,142006393,27.83846064814815,False,212,284.0,325.0,0.6369230769230769,588.2869860440151,137.06472222222223,97.0,18.0,0.1855670103092783,0.0669014084507042,2026,862,2024-02-14 15:49:40+00:00,71.0,0.0,112.25,True,101.16585365853659,205,train
kubernetes/kubernetes,142007294,0.0015856481481481,False,213,0.0,0.0,,,,0.0,0.0,,,2026,862,2024-02-14 15:51:57+00:00,71.0,0.0,112.25,True,101.16585365853659,205,train
kubernetes/kubernetes,142009935,0.0110648148148148,False,214,0.0,0.0,,,,0.0,0.0,,,2026,862,2024-02-14 16:07:53+00:00,71.0,0.0,112.25,True,101.16585365853659,205,train
kubernetes/kubernetes,142028094,0.0792129629629629,False,215,2.0,1.0,0.0,,,2.0,0.0,0.0,0.5,2025,862,2024-02-14 18:01:57+00:00,71.0,0.0,112.25,True,101.16585365853659,205,train
kubernetes/kubernetes,146625039,28.93263888888889,False,218,455.0,448.0,0.6941964285714286,500.49756162915327,62.679722222222225,112.0,23.0,0.2053571428571428,0.0681318681318681,2035,862,2024-03-14 16:24:57+00:00,68.0,0.0,112.25,True,100.02857142857142,210,train
kubernetes/kubernetes,146834793,1.1031944444444444,False,219,11.0,11.0,0.6363636363636364,781.8975396825398,98.1975,8.0,0.0,0.0,0.2727272727272727,2035,862,2024-03-15 18:53:33+00:00,67.0,0.0,112.25,True,99.34883720930233,215,train
kubernetes/kubernetes,146839948,0.0229629629629629,False,220,0.0,0.0,,,,0.0,0.0,,,2037,864,2024-03-15 19:26:37+00:00,65.0,0.0,112.25,True,99.34883720930233,215,train
kubernetes/kubernetes,146845361,0.0340509259259259,False,221,1.0,1.0,1.0,73.82444444444444,73.82444444444444,1.0,0.0,0.0,1.0,2037,864,2024-03-15 20:15:39+00:00,65.0,0.0,112.25,True,99.34883720930233,215,train
kubernetes/kubernetes,151435050,31.97056712962963,False,225,175.0,242.0,0.6157024793388429,1254.2692636092468,497.4638888888889,81.0,23.0,0.2839506172839506,0.0971428571428571,1950,816,2024-04-16 19:33:16+00:00,66.0,0.0,112.25,True,98.52941176470588,221,train
kubernetes/kubernetes,151445084,0.0497453703703703,False,226,0.0,0.0,,,,0.0,0.0,,,1950,816,2024-04-16 20:44:54+00:00,67.0,0.0,112.25,True,98.52941176470588,221,train
kubernetes/kubernetes,151451712,0.0390856481481481,False,227,0.0,0.0,,,,0.0,0.0,,,1950,816,2024-04-16 21:41:11+00:00,67.0,0.0,112.25,True,98.52941176470588,221,train
kubernetes/kubernetes,151633234,0.9611689814814814,False,228,8.0,8.0,0.875,607.1437301587301,168.40166666666667,6.0,2.0,0.3333333333333333,0.25,1952,818,2024-04-17 20:45:16+00:00,67.0,0.0,112.25,True,98.52941176470588,221,train
kubernetes/kubernetes,155777868,27.04976851851852,False,229,307.0,379.0,0.6939313984168866,553.3541983523447,129.2725,86.0,15.0,0.1744186046511628,0.0879478827361563,1916,808,2024-05-14 21:56:56+00:00,69.0,0.0,112.25,True,98.19196428571429,224,train
kubernetes/kubernetes,155813961,0.3642824074074074,False,230,1.0,4.0,0.5,173.2163888888889,173.2163888888889,1.0,0.0,0.0,1.0,1916,808,2024-05-15 06:41:30+00:00,68.0,0.0,112.25,True,98.19196428571429,224,train
kubernetes/kubernetes,155816403,0.0149189814814814,False,231,0.0,0.0,,,,0.0,0.0,,,1917,808,2024-05-15 07:02:59+00:00,68.0,0.0,112.25,True,98.19196428571429,224,train
kubernetes/kubernetes,155824760,0.0411921296296296,False,232,3.0,0.0,,,,1.0,0.0,0.0,1.0,1917,808,2024-05-15 08:02:18+00:00,69.0,0.0,112.25,True,98.19196428571429,224,train
kubernetes/kubernetes,159979764,27.624212962962964,False,233,344.0,366.0,0.6912568306010929,759.8204973649538,135.56305555555556,111.0,16.0,0.1441441441441441,0.0784883720930232,1938,818,2024-06-11 23:01:10+00:00,74.0,0.0,112.25,True,97.64035087719299,228,validation
kubernetes/kubernetes,159982712,0.0325810185185185,False,234,0.0,0.0,,,,0.0,0.0,,,1938,818,2024-06-11 23:48:05+00:00,74.0,0.0,112.25,True,97.64035087719299,228,validation
kubernetes/kubernetes,160002003,0.1629282407407407,False,235,2.0,3.0,0.6666666666666666,3313.319722222222,3313.319722222222,2.0,0.0,0.0,0.5,1939,819,2024-06-12 03:42:42+00:00,74.0,0.0,112.25,True,97.64035087719299,228,validation
kubernetes/kubernetes,160003381,0.0158796296296296,False,236,1.0,1.0,1.0,5.657222222222222,5.657222222222222,1.0,0.0,0.0,1.0,1939,819,2024-06-12 04:05:34+00:00,74.0,0.0,112.25,True,97.64035087719299,228,validation
kubernetes/kubernetes,165784293,35.13930555555555,False,241,433.0,481.0,0.6777546777546778,420.9667893660532,83.31583333333333,126.0,27.0,0.2142857142857142,0.0623556581986143,1936,802,2024-07-17 07:26:10+00:00,80.0,0.0,112.25,True,96.64135021097046,237,validation
kubernetes/kubernetes,165788281,0.015474537037037,False,242,0.0,1.0,0.0,,,0.0,0.0,,,1936,802,2024-07-17 07:48:27+00:00,80.0,0.0,112.25,True,96.64135021097046,237,validation
kubernetes/kubernetes,165818269,0.127511574074074,False,243,4.0,9.0,0.7777777777777778,326.72273809523807,287.99944444444446,3.0,0.0,0.0,0.5,1938,802,2024-07-17 10:52:04+00:00,81.0,0.0,112.25,True,96.64135021097046,237,validation
kubernetes/kubernetes,165829199,0.0410069444444444,False,244,1.0,0.0,,,,1.0,0.0,0.0,1.0,1938,802,2024-07-17 11:51:07+00:00,81.0,0.0,112.25,True,96.64135021097046,237,validation
kubernetes/kubernetes,169974073,27.080717592592592,False,247,296.0,324.0,0.6203703703703703,559.8841639027087,191.05194444444444,104.0,20.0,0.1923076923076923,0.0574324324324324,1931,802,2024-08-13 13:47:21+00:00,80.0,0.0,112.25,True,96.4602510460251,239,validation
kubernetes/kubernetes,170265603,1.349699074074074,False,248,20.0,30.0,0.6666666666666666,268.1768055555555,48.90152777777777,12.0,2.0,0.1666666666666666,0.15,1925,800,2024-08-14 22:10:55+00:00,83.0,0.0,112.25,True,96.4602510460251,239,validation
kubernetes/kubernetes,170275415,0.1281712962962962,False,249,1.0,1.0,0.0,,,1.0,0.0,0.0,1.0,1926,801,2024-08-15 01:15:29+00:00,82.0,0.0,112.25,True,96.4602510460251,239,validation
kubernetes/kubernetes,170278324,0.033761574074074,False,250,0.0,0.0,,,,0.0,0.0,,,1926,801,2024-08-15 02:04:06+00:00,82.0,0.0,112.25,True,96.4602510460251,239,validation
kubernetes/kubernetes,174563931,27.49484953703704,False,251,367.0,419.0,0.6634844868735084,546.4282773780976,102.1886111111111,116.0,29.0,0.25,0.0708446866485013,1941,810,2024-09-11 13:56:41+00:00,90.0,0.0,112.25,True,95.96341463414635,246,validation
kubernetes/kubernetes,174658124,0.4341435185185185,False,252,6.0,9.0,0.4444444444444444,528.5811111111111,353.4533333333333,5.0,1.0,0.2,0.3333333333333333,1938,808,2024-09-12 00:21:51+00:00,93.0,0.0,112.25,True,95.96341463414635,246,validation
kubernetes/kubernetes,174660375,0.0286226851851851,False,253,1.0,0.0,,,,1.0,0.0,0.0,1.0,1938,808,2024-09-12 01:03:04+00:00,93.0,0.0,112.25,True,95.96341463414635,246,validation
kubernetes/kubernetes,174668094,0.0779166666666666,False,254,0.0,1.0,1.0,216.71833333333333,216.71833333333333,0.0,0.0,,,1939,808,2024-09-12 02:55:16+00:00,93.0,0.0,112.25,True,95.96341463414635,246,validation
kubernetes/kubernetes,181359779,41.06927083333333,False,257,589.0,673.0,0.6597325408618128,405.90692505005,76.31833333333333,140.0,26.0,0.1857142857142857,0.0696095076400679,1938,798,2024-10-23 04:35:01+00:00,69.0,0.0,112.25,True,95.68110236220473,254,validation
kubernetes/kubernetes,181359964,0.0017592592592592,False,258,0.0,0.0,,,,0.0,0.0,,,1938,798,2024-10-23 04:37:33+00:00,69.0,0.0,112.25,True,95.68110236220473,254,validation
kubernetes/kubernetes,181360153,0.001886574074074,False,259,0.0,0.0,,,,0.0,0.0,,,1938,798,2024-10-23 04:40:16+00:00,69.0,0.0,112.25,True,95.68110236220473,254,validation
kubernetes/kubernetes,181442196,0.3182754629629629,False,260,8.0,5.0,0.4,477.16097222222226,477.16097222222226,6.0,1.0,0.1666666666666666,0.25,1938,798,2024-10-23 12:18:35+00:00,71.0,0.0,112.25,True,95.68110236220473,254,validation
kubernetes/kubernetes,186527464,28.470636574074074,False,263,563.0,396.0,0.6590909090909091,644.2762281822052,65.35888888888888,110.0,12.0,0.109090909090909,0.0870337477797513,1929,787,2024-11-20 23:36:18+00:00,62.0,0.0,112.25,True,95.453125,256,validation
kubernetes/kubernetes,186532670,0.0490162037037037,False,264,1.0,0.0,,,,1.0,0.0,0.0,1.0,1925,787,2024-11-21 00:46:53+00:00,62.0,0.0,112.25,True,95.453125,256,validation
kubernetes/kubernetes,186534409,0.0180439814814814,False,265,0.0,0.0,,,,0.0,0.0,,,1925,787,2024-11-21 01:12:52+00:00,62.0,0.0,112.25,True,95.453125,256,validation
kubernetes/kubernetes,190042097,19.76502314814815,False,269,126.0,160.0,0.575,992.7875241545893,382.5459722222222,56.0,7.0,0.125,0.1746031746031746,1947,804,2024-12-10 19:34:30+00:00,53.0,0.0,112.25,True,94.81679389312977,262,validation
kubernetes/kubernetes,190042332,0.0009722222222222,False,270,0.0,0.0,,,,0.0,0.0,,,1947,804,2024-12-10 19:35:54+00:00,53.0,0.0,112.25,True,94.81679389312977,262,validation
kubernetes/kubernetes,190045272,0.0118634259259259,False,271,0.0,0.0,,,,0.0,0.0,,,1947,804,2024-12-10 19:52:59+00:00,53.0,0.0,112.25,True,94.81679389312977,262,validation
kubernetes/kubernetes,190303378,1.0556944444444445,False,272,10.0,11.0,0.45454545454545453,1416.2865555555557,135.34583333333333,8.0,0.0,0.0,0.2,1936,796,2024-12-11 21:13:11+00:00,53.0,0.0,112.25,True,94.81679389312977,262,validation
kubernetes/kubernetes,194998161,34.97518518518518,False,273,243.0,329.0,0.6443768996960486,768.9495492662475,177.8323611111111,86.0,10.0,0.1162790697674418,0.0781893004115226,1934,793,2025-01-15 20:37:27+00:00,42.0,0.0,112.25,True,93.40441176470588,272,validation
kubernetes/kubernetes,195004244,0.0238425925925925,False,274,2.0,1.0,1.0,691.6711111111111,691.6711111111111,1.0,0.0,0.0,1.0,1934,793,2025-01-15 21:11:47+00:00,42.0,0.0,112.25,True,93.40441176470588,272,validation
kubernetes/kubernetes,195009621,0.0258680555555555,False,275,0.0,0.0,,,,0.0,0.0,,,1934,793,2025-01-15 21:49:02+00:00,42.0,0.0,112.25,True,93.40441176470588,272,validation
kubernetes/kubernetes,195009966,0.0017476851851851,False,276,0.0,0.0,,,,0.0,0.0,,,1934,793,2025-01-15 21:51:33+00:00,42.0,0.0,112.25,True,93.40441176470588,272,validation
kubernetes/kubernetes,200050412,28.4409375,False,278,314.0,331.0,0.676737160120846,521.2721974206349,126.745,93.0,19.0,0.2043010752688172,0.0732484076433121,1946,786,2025-02-13 08:26:30+00:00,57.0,0.0,112.25,True,93.40441176470588,272,validation
kubernetes/kubernetes,200050943,0.0019791666666666,False,279,0.0,0.0,,,,0.0,0.0,,,1946,786,2025-02-13 08:29:21+00:00,57.0,0.0,112.25,True,93.40441176470588,272,validation
kubernetes/kubernetes,200050980,0.0001388888888888,False,280,0.0,0.0,,,,0.0,0.0,,,1946,786,2025-02-13 08:29:33+00:00,57.0,0.0,112.25,True,93.40441176470588,272,validation
kubernetes/kubernetes,200066707,0.0482638888888888,False,281,1.0,0.0,,,,1.0,0.0,0.0,1.0,1946,786,2025-02-13 09:39:03+00:00,57.0,0.0,112.25,True,93.40441176470588,272,validation
kubernetes/kubernetes,205164533,26.622916666666665,False,285,463.0,434.0,0.7073732718894009,589.0275551936302,123.87305555555555,121.0,22.0,0.1818181818181818,0.0453563714902807,1946,774,2025-03-12 00:36:03+00:00,66.0,0.0,112.25,True,92.50541516245487,277,validation
kubernetes/kubernetes,205171531,0.0434375,False,286,0.0,1.0,1.0,3.983888888888889,3.983888888888889,0.0,0.0,,,1947,774,2025-03-12 01:38:36+00:00,66.0,0.0,112.25,True,92.50541516245487,277,validation
kubernetes/kubernetes,205178168,0.0540509259259259,False,287,1.0,1.0,1.0,131.38083333333333,131.38083333333333,1.0,0.0,0.0,1.0,1947,774,2025-03-12 02:56:26+00:00,67.0,0.0,112.25,True,92.50541516245487,277,validation
kubernetes/kubernetes,205181589,0.0252893518518518,False,288,0.0,0.0,,,,0.0,0.0,,,1947,774,2025-03-12 03:32:51+00:00,67.0,0.0,112.25,True,92.50541516245487,277,validation
kubernetes/kubernetes,214087468,41.950208333333336,False,291,424.0,420.0,0.5928571428571429,693.2408846497099,177.59416666666667,123.0,26.0,0.2113821138211382,0.0683962264150943,1989,788,2025-04-23 02:21:09+00:00,50.0,0.0,112.25,True,91.34027777777777,288,validation
kubernetes/kubernetes,214087582,0.0010648148148148,False,292,0.0,0.0,,,,0.0,0.0,,,1989,788,2025-04-23 02:22:41+00:00,50.0,0.0,112.25,True,91.34027777777777,288,validation
kubernetes/kubernetes,214087590,6.944444444444444e-05,False,293,0.0,0.0,,,,0.0,0.0,,,1989,788,2025-04-23 02:22:47+00:00,50.0,0.0,112.25,True,91.34027777777777,288,validation
kubernetes/kubernetes,214300334,0.6403009259259259,False,294,3.0,5.0,0.4,11.902222222222221,11.902222222222221,3.0,0.0,0.0,0.3333333333333333,1989,789,2025-04-23 17:44:49+00:00,52.0,0.0,112.25,True,91.34027777777777,288,validation
kubernetes/kubernetes,218918759,22.002916666666668,False,295,277.0,268.0,0.7574626865671642,539.7293459222769,93.34166666666667,86.0,16.0,0.1860465116279069,0.075812274368231,1965,767,2025-05-15 17:49:01+00:00,51.0,0.0,112.25,True,91.21799307958477,289,validation
kubernetes/kubernetes,218919244,0.001875,False,296,0.0,0.0,,,,0.0,0.0,,,1965,767,2025-05-15 17:51:43+00:00,51.0,0.0,112.25,True,91.21799307958477,289,validation
kubernetes/kubernetes,218919439,0.0006597222222222,False,297,0.0,0.0,,,,0.0,0.0,,,1965,767,2025-05-15 17:52:40+00:00,51.0,0.0,112.25,True,91.21799307958477,289,validation
kubernetes/kubernetes,218920135,0.0027083333333333,False,298,0.0,0.0,,,,0.0,0.0,,,1965,767,2025-05-15 17:56:34+00:00,51.0,0.0,112.25,True,91.21799307958477,289,validation
kubernetes/kubernetes,226247533,33.998842592592595,False,300,389.0,405.0,0.7012345679012346,458.36442390453834,102.39708333333334,110.0,28.0,0.2545454545454545,0.1028277634961439,1965,760,2025-06-18 17:54:54+00:00,52.0,0.0,112.25,True,90.0,298,validation
kubernetes/kubernetes,226251309,0.0118287037037037,False,301,1.0,0.0,,,,1.0,0.0,0.0,1.0,1965,760,2025-06-18 18:11:56+00:00,52.0,0.0,112.25,True,90.0,298,validation
kubernetes/kubernetes,226256128,0.0168981481481481,False,302,0.0,0.0,,,,0.0,0.0,,,1965,760,2025-06-18 18:36:16+00:00,52.0,0.0,112.25,True,90.0,298,validation
kubernetes/kubernetes,226260786,0.0159375,False,303,0.0,0.0,,,,0.0,0.0,,,1965,760,2025-06-18 18:59:13+00:00,52.0,0.0,112.25,True,90.0,298,validation
kubernetes/kubernetes,232684167,27.13835648148148,False,306,464.0,429.0,0.682983682983683,449.58734452028824,114.55972222222222,121.0,26.0,0.2148760330578512,0.0905172413793103,1969,735,2025-07-15 22:18:27+00:00,55.0,0.0,112.25,True,90.0,298,validation
kubernetes/kubernetes,232684297,0.0007407407407407,False,307,0.0,0.0,,,,0.0,0.0,,,1969,735,2025-07-15 22:19:31+00:00,55.0,0.0,112.25,True,90.0,298,validation
kubernetes/kubernetes,232691011,0.0360648148148148,False,308,3.0,2.0,0.5,34.013333333333335,34.013333333333335,2.0,0.0,0.0,0.6666666666666666,1969,735,2025-07-15 23:11:27+00:00,55.0,0.0,112.25,True,90.0,298,validation
kubernetes/kubernetes,239793305,28.85679398148148,False,312,378.0,362.0,0.649171270718232,522.1469716312057,85.0736111111111,111.0,21.0,0.1891891891891892,0.0793650793650793,1943,726,2025-08-13 19:45:14+00:00,69.0,0.0,112.25,True,89.12786885245902,305,test
kubernetes/kubernetes,239793520,0.0008333333333333,False,313,0.0,0.0,,,,0.0,0.0,,,1943,726,2025-08-13 19:46:26+00:00,69.0,0.0,112.25,True,89.12786885245902,305,test
kubernetes/kubernetes,239794276,0.0024768518518518,False,314,0.0,0.0,,,,0.0,0.0,,,1943,726,2025-08-13 19:50:00+00:00,69.0,0.0,112.25,True,89.12786885245902,305,test
kubernetes/kubernetes,242938306,13.895335648148148,False,316,125.0,122.0,0.6311475409836066,539.8226623376623,243.5702777777778,53.0,12.0,0.2264150943396226,0.24,1939,729,2025-08-27 17:19:17+00:00,66.0,0.0,112.25,True,88.68284789644012,309,test
kubernetes/kubernetes,246021679,13.291736111111112,False,317,157.0,182.0,0.6208791208791209,528.633994591937,118.90583333333333,65.0,17.0,0.2615384615384615,0.1528662420382165,1905,723,2025-09-10 00:19:23+00:00,59.0,0.0,112.25,True,88.51768488745981,311,test
kubernetes/kubernetes,246030338,0.0551736111111111,False,318,0.0,0.0,,,,0.0,0.0,,,1905,723,2025-09-10 01:38:50+00:00,59.0,0.0,112.25,True,88.51768488745981,311,test
kubernetes/kubernetes,246044335,0.0759143518518518,False,319,1.0,0.0,,,,1.0,0.0,0.0,1.0,1904,723,2025-09-10 03:28:09+00:00,59.0,0.0,112.25,True,88.51768488745981,311,test
kubernetes/kubernetes,246050093,0.0247685185185185,False,320,1.0,0.0,,,,1.0,0.0,0.0,1.0,1904,723,2025-09-10 04:03:49+00:00,59.0,0.0,112.25,True,88.51768488745981,311,test
kubernetes/kubernetes,261684284,63.22383101851852,False,324,1044.0,958.0,0.673277661795407,458.6686347975883,96.06861111111111,184.0,47.0,0.2554347826086957,0.0775862068965517,1886,722,2025-11-12 09:26:08+00:00,50.0,0.0,112.25,True,87.75700934579439,321,test
kubernetes/kubernetes,261690420,0.0157407407407407,False,325,0.0,0.0,,,,0.0,0.0,,,1886,722,2025-11-12 09:48:48+00:00,50.0,0.0,112.25,True,87.75700934579439,321,test
kubernetes/kubernetes,261719477,0.0726388888888888,False,326,1.0,1.0,1.0,621.5833333333334,621.5833333333334,1.0,0.0,0.0,1.0,1887,722,2025-11-12 11:33:24+00:00,50.0,0.0,112.25,True,87.75700934579439,321,test
kubernetes/kubernetes,261726406,0.0191898148148148,False,327,0.0,0.0,,,,0.0,0.0,,,1887,722,2025-11-12 12:01:02+00:00,50.0,0.0,112.25,True,87.75700934579439,321,test
kubernetes/kubernetes,268945625,27.55059027777778,False,331,203.0,290.0,0.5310344827586206,722.2401208513706,524.4284722222222,76.0,19.0,0.25,0.1083743842364532,1900,735,2025-12-10 01:13:53+00:00,45.0,0.0,112.25,True,87.54798761609906,323,test
kubernetes/kubernetes,268945810,0.0010879629629629,False,332,0.0,0.0,,,,0.0,0.0,,,1900,735,2025-12-10 01:15:27+00:00,45.0,0.0,112.25,True,87.54798761609906,323,test
kubernetes/kubernetes,270894952,6.842627314814815,False,333,62.0,66.0,0.6060606060606061,886.371298611111,656.4688888888888,31.0,6.0,0.1935483870967742,0.2903225806451613,1893,734,2025-12-16 21:28:50+00:00,48.0,0.0,112.25,True,87.08868501529052,327,test
kubernetes/kubernetes,271217654,0.9396412037037036,False,334,11.0,14.0,0.35714285714285715,831.9674444444445,1069.0405555555556,7.0,1.0,0.1428571428571428,0.4545454545454545,1895,734,2025-12-17 20:01:55+00:00,46.0,0.0,112.25,True,87.08868501529052,327,test
kubernetes/kubernetes,284969517,54.959525462962965,False,336,661.0,824.0,0.6031553398058253,438.7071540353231,146.0911111111111,172.0,57.0,0.3313953488372093,0.0816944024205748,1875,693,2026-02-10 19:03:38+00:00,46.0,0.0,112.25,True,86.25748502994011,334,test
kubernetes/kubernetes,284969888,0.0009027777777777,False,337,0.0,0.0,,,,0.0,0.0,,,1875,693,2026-02-10 19:04:56+00:00,46.0,0.0,112.25,True,86.25748502994011,334,test
kubernetes/kubernetes,284970046,0.0004050925925925,False,338,0.0,0.0,,,,0.0,0.0,,,1875,693,2026-02-10 19:05:31+00:00,46.0,0.0,112.25,True,86.25748502994011,334,test
kubernetes/kubernetes,284970301,0.0006018518518518,False,339,0.0,0.0,,,,0.0,0.0,,,1875,693,2026-02-10 19:06:23+00:00,46.0,0.0,112.25,True,86.25748502994011,334,test
kubernetes/kubernetes,291155487,16.2015625,False,341,294.0,287.0,0.6167247386759582,463.9712084118016,193.13944444444445,102.0,19.0,0.1862745098039215,0.064625850340136,1851,678,2026-02-26 23:56:38+00:00,61.0,0.0,112.25,True,86.25748502994011,334,test
kubernetes/kubernetes,291155910,0.0005902777777777,False,342,0.0,0.0,,,,0.0,0.0,,,1851,678,2026-02-26 23:57:29+00:00,61.0,0.0,112.25,True,86.25748502994011,334,test
kubernetes/kubernetes,291156076,0.000636574074074,False,343,0.0,0.0,,,,0.0,0.0,,,1851,678,2026-02-26 23:58:24+00:00,61.0,0.0,112.25,True,86.25748502994011,334,test
kubernetes/kubernetes,291157965,0.0074421296296296,False,344,0.0,0.0,,,,0.0,0.0,,,1851,678,2026-02-27 00:09:07+00:00,61.0,0.0,112.25,True,86.25748502994011,334,test
kubernetes/kubernetes,298764997,20.13116898148148,False,345,496.0,444.0,0.5698198198198198,345.5122595520421,73.66722222222222,134.0,23.0,0.1716417910447761,0.0423387096774193,1835,667,2026-03-19 03:18:00+00:00,58.0,0.0,112.25,True,85.66961651917404,339,test
kubernetes/kubernetes,298765256,0.0012268518518518,False,346,1.0,0.0,,,,1.0,0.0,0.0,1.0,1835,667,2026-03-19 03:19:46+00:00,58.0,0.0,112.25,True,85.66961651917404,339,test
kubernetes/kubernetes,298765484,0.0007638888888888,False,347,0.0,0.0,,,,0.0,0.0,,,1835,667,2026-03-19 03:20:52+00:00,58.0,0.0,112.25,True,85.66961651917404,339,test
kubernetes/kubernetes,309580337,27.773020833333334,False,351,252.0,378.0,0.4603174603174603,591.0036877394635,431.1165277777778,100.0,24.0,0.24,0.0634920634920634,1834,664,2026-04-15 21:54:01+00:00,53.0,0.0,112.25,True,85.31104651162791,344,test
kubernetes/kubernetes,309580521,0.0004398148148148,False,352,0.0,0.0,,,,0.0,0.0,,,1834,664,2026-04-15 21:54:39+00:00,53.0,0.0,112.25,True,85.31104651162791,344,test
kubernetes/kubernetes,309580713,0.0005208333333333,False,353,0.0,0.0,,,,0.0,0.0,,,1834,664,2026-04-15 21:55:24+00:00,53.0,0.0,112.25,True,85.31104651162791,344,test
kubernetes/kubernetes,312368266,6.834606481481481,False,354,56.0,84.0,0.4880952380952381,529.2898035230352,285.4377777777778,35.0,4.0,0.1142857142857142,0.1428571428571428,1839,672,2026-04-22 17:57:14+00:00,50.0,0.0,112.25,True,84.98275862068965,348,test
kubernetes/kubernetes,321191052,19.84202546296296,False,355,334.0,358.0,0.5782122905027933,273.2218599033817,88.85055555555556,100.0,21.0,0.21,0.0718562874251497,1796,653,2026-05-12 14:09:45+00:00,53.0,0.0,112.25,True,84.89684813753581,349,test
kubernetes/kubernetes,321243963,0.0593634259259259,False,356,3.0,3.0,0.3333333333333333,10.122777777777777,10.122777777777777,2.0,0.0,0.0,0.6666666666666666,1796,653,2026-05-12 15:35:14+00:00,53.0,0.0,112.25,True,84.89684813753581,349,test
kubernetes/kubernetes,321245106,0.0015162037037037,False,357,0.0,0.0,,,,0.0,0.0,,,1796,653,2026-05-12 15:37:25+00:00,53.0,0.0,112.25,True,84.89684813753581,349,test
kubernetes/kubernetes,321280531,0.0430555555555555,False,358,2.0,1.0,1.0,192.0275,192.0275,2.0,0.0,0.0,0.5,1795,653,2026-05-12 16:39:25+00:00,53.0,0.0,112.25,True,84.89684813753581,349,test
kubernetes/kubernetes,338534286,30.785243055555554,False,360,435.0,499.0,0.531062124248497,218.8011310272537,111.95111111111112,118.0,20.0,0.1694915254237288,0.1057471264367816,1791,649,2026-06-12 11:30:10+00:00,69.0,0.0,112.25,True,84.09497206703911,358,test
kubernetes/kubernetes,338534516,0.0003703703703703,False,361,0.0,0.0,,,,0.0,0.0,,,1791,649,2026-06-12 11:30:42+00:00,69.0,0.0,112.25,True,84.09497206703911,358,test
kubernetes/kubernetes,338535372,0.0013657407407407,False,362,0.0,0.0,,,,0.0,0.0,,,1791,649,2026-06-12 11:32:40+00:00,69.0,0.0,112.25,True,84.09497206703911,358,test
kubernetes/kubernetes,338536321,0.001574074074074,False,363,0.0,0.0,,,,0.0,0.0,,,1791,649,2026-06-12 11:34:56+00:00,69.0,0.0,112.25,True,84.09497206703911,358,test
apache/airflow,37768119,,False,1,0.0,0.0,,,,0.0,0.0,,,768,367,2021-02-08 22:50:02+00:00,131.0,1.0,116.75,True,,0,train
apache/airflow,39957389,36.77746527777778,False,2,309.0,393.0,0.8371501272264631,157.7419824383654,12.761666666666667,99.0,71.0,0.7171717171717171,0.1553398058252427,823,401,2021-03-17 17:29:35+00:00,114.0,0.0,116.75,True,131.0,1,train
apache/airflow,41671752,33.15434027777778,False,3,268.0,341.0,0.8005865102639296,230.80360907610907,17.071666666666665,82.0,50.0,0.6097560975609756,0.1716417910447761,802,375,2021-04-19 21:11:50+00:00,109.0,0.0,116.75,True,122.5,2,train
apache/airflow,43255616,30.173796296296292,False,4,255.0,292.0,0.8767123287671232,150.66385091145833,9.84236111111111,66.0,31.0,0.4696969696969697,0.1568627450980392,809,384,2021-05-20 01:22:06+00:00,132.0,1.0,116.75,True,118.0,3,train
apache/airflow,45275500,37.55325231481481,False,5,317.0,368.0,0.8532608695652174,148.31167551309272,13.614166666666666,92.0,53.0,0.5760869565217391,0.138801261829653,815,381,2021-06-26 14:38:47+00:00,126.0,1.0,116.75,True,121.5,4,train
apache/airflow,45643358,6.231643518518519,False,6,46.0,57.0,0.8070175438596491,117.78490942028984,7.108055555555556,25.0,8.0,0.32,0.1739130434782608,820,379,2021-07-02 20:12:21+00:00,131.0,1.0,116.75,True,121.5,4,train
apache/airflow,46212130,12.001747685185183,False,7,73.0,120.0,0.7333333333333333,222.97809343434346,10.66875,35.0,16.0,0.4571428571428571,0.1917808219178082,840,381,2021-07-14 20:14:52+00:00,143.0,1.0,116.75,True,121.5,4,train
apache/airflow,46932862,14.015497685185183,False,8,138.0,168.0,0.8095238095238095,157.4090625,7.0761111111111115,48.0,26.0,0.5416666666666666,0.2028985507246377,845,380,2021-07-28 20:37:11+00:00,120.0,1.0,116.75,True,122.4,5,train
apache/airflow,49398510,45.05329861111111,False,9,426.0,480.0,0.875,115.21577976190477,9.54722222222222,132.0,81.0,0.6136363636363636,0.1995305164319248,874,409,2021-09-11 21:53:56+00:00,126.0,1.0,116.75,True,125.75,8,train
apache/airflow,49802204,7.004363425925926,False,10,84.0,92.0,0.8586956521739131,112.83884317862163,9.051388888888889,34.0,13.0,0.3823529411764705,0.1785714285714285,851,389,2021-09-18 22:00:13+00:00,129.0,1.0,116.75,True,125.75,8,train
apache/airflow,50419478,9.862951388888888,False,11,109.0,130.0,0.8538461538461538,107.45938188188188,10.600555555555555,40.0,16.0,0.4,0.2477064220183486,818,372,2021-09-28 18:42:52+00:00,135.0,1.0,116.75,True,125.75,8,train
apache/airflow,51158476,12.961967592592591,False,12,156.0,196.0,0.8673469387755102,167.77784150326798,12.7625,52.0,18.0,0.3461538461538461,0.1666666666666666,789,350,2021-10-11 17:48:06+00:00,130.0,1.0,116.75,True,125.75,8,train
apache/airflow,52360236,18.488819444444445,False,13,179.0,237.0,0.7932489451476793,245.19745271867612,24.96388888888889,85.0,41.0,0.4823529411764706,0.1229050279329608,813,365,2021-10-30 05:32:00+00:00,101.0,0.0,116.75,True,126.9090909090909,11,train
apache/airflow,53009948,10.387905092592591,False,14,78.0,90.0,0.8222222222222222,125.79873123123124,30.650972222222222,44.0,17.0,0.3863636363636363,0.1025641025641025,807,358,2021-11-09 14:50:35+00:00,118.0,1.0,116.75,True,126.9090909090909,11,train
apache/airflow,53412307,6.157407407407407,False,15,42.0,59.0,0.7966101694915254,248.5653132387707,13.788333333333334,25.0,7.0,0.28,0.119047619047619,808,360,2021-11-15 18:37:15+00:00,110.0,0.0,116.75,True,127.16666666666667,12,train
apache/airflow,55767051,35.95048611111111,False,16,420.0,497.0,0.8752515090543259,203.08708045977014,19.6625,98.0,48.0,0.4897959183673469,0.1452380952380952,819,355,2021-12-21 17:25:57+00:00,86.0,0.0,116.75,True,123.66666666666667,15,train
apache/airflow,56763257,20.04216435185185,False,17,205.0,224.0,0.8348214285714286,148.6217394533571,15.410277777777777,75.0,36.0,0.48,0.2292682926829268,785,338,2022-01-10 18:26:40+00:00,118.0,1.0,116.75,True,123.66666666666667,15,train
apache/airflow,60167989,43.08984953703704,False,18,400.0,509.0,0.825147347740668,135.77253373015876,23.917916666666667,112.0,53.0,0.4732142857142857,0.195,773,332,2022-02-22 20:36:03+00:00,117.0,1.0,116.75,True,121.11764705882354,17,train
apache/airflow,61637122,16.983506944444443,False,19,249.0,257.0,0.8754863813229572,118.83477160493827,12.59388888888889,87.0,35.0,0.4022988505747126,0.1686746987951807,764,321,2022-03-11 20:12:18+00:00,93.0,0.0,116.75,True,121.11764705882354,17,train
apache/airflow,63503389,23.55440972222222,False,20,230.0,278.0,0.8237410071942446,198.1059109655507,34.95777777777778,78.0,31.0,0.3974358974358974,0.2652173913043478,796,311,2022-04-04 09:30:39+00:00,108.0,0.0,116.75,True,120.88888888888889,18,train
apache/airflow,65746369,26.62961805555556,False,21,369.0,430.0,0.858139534883721,125.67173140620294,11.204722222222221,72.0,33.0,0.4583333333333333,0.1626016260162601,789,314,2022-05-01 00:37:18+00:00,122.0,1.0,116.75,True,119.42105263157895,19,train
apache/airflow,67434562,19.897106481481483,False,22,200.0,238.0,0.8571428571428571,218.45453703703706,24.628055555555555,65.0,23.0,0.3538461538461538,0.225,811,330,2022-05-20 22:09:08+00:00,102.0,0.0,116.75,True,118.85,20,train
apache/airflow,67783335,4.5119444444444445,False,23,40.0,41.0,0.926829268292683,289.4044444444445,27.106944444444444,23.0,5.0,0.217391304347826,0.275,811,328,2022-05-25 10:26:20+00:00,105.0,0.0,116.75,True,118.85,20,train
apache/airflow,68636824,10.161851851851852,False,24,132.0,163.0,0.8711656441717791,255.46582942097027,10.945833333333333,41.0,12.0,0.2926829268292683,0.2196969696969697,761,307,2022-06-04 14:19:24+00:00,105.0,0.0,116.75,True,119.0,21,train
apache/airflow,71627647,35.17363425925926,False,25,378.0,427.0,0.8501170960187353,103.3245041322314,20.794444444444444,101.0,42.0,0.4158415841584158,0.2169312169312169,693,287,2022-07-09 18:29:26+00:00,116.0,0.0,116.75,True,117.125,24,train
apache/airflow,75104415,44.84143518518518,False,26,445.0,535.0,0.8504672897196262,127.94470573870574,20.636944444444445,130.0,63.0,0.4846153846153846,0.1932584269662921,710,305,2022-08-23 14:41:06+00:00,104.0,0.0,116.75,True,117.08,25,train
apache/airflow,77524030,26.77133101851852,False,27,263.0,335.0,0.764179104477612,104.03358615451388,18.485277777777775,69.0,23.0,0.3333333333333333,0.2205323193916349,697,294,2022-09-19 09:11:49+00:00,100.0,0.0,116.75,True,117.08,25,train
apache/airflow,78733774,11.480682870370371,False,28,148.0,180.0,0.8611111111111112,135.36240681003585,14.428611111111111,54.0,16.0,0.2962962962962963,0.1351351351351351,703,295,2022-09-30 20:44:00+00:00,86.0,0.0,116.75,True,116.57692307692308,26,train
apache/airflow,79935067,13.78616898148148,False,29,93.0,122.0,0.9262295081967213,258.21287118977386,137.13972222222222,42.0,12.0,0.2857142857142857,0.075268817204301,705,295,2022-10-14 15:36:05+00:00,98.0,0.0,116.75,True,116.57692307692308,26,train
apache/airflow,80782477,9.8296875,False,30,61.0,86.0,0.8604651162790697,244.62597597597596,81.87569444444443,27.0,4.0,0.1481481481481481,0.2786885245901639,713,306,2022-10-24 11:30:50+00:00,99.0,0.0,116.75,True,115.96296296296296,27,train
apache/airflow,82994496,21.12894675925926,False,31,247.0,258.0,0.8217054263565892,119.54084250524109,12.386388888888888,90.0,37.0,0.4111111111111111,0.2591093117408907,712,304,2022-11-14 14:36:31+00:00,104.0,0.0,116.75,True,114.3103448275862,29,train
apache/airflow,84841010,18.116435185185185,False,32,163.0,226.0,0.8495575221238938,171.1900347222222,26.249027777777776,58.0,22.0,0.3793103448275862,0.1779141104294478,724,310,2022-12-02 17:24:11+00:00,84.0,0.0,116.75,True,113.8,30,train
apache/airflow,89772516,49.13540509259259,False,33,485.0,592.0,0.8260135135135135,205.6337707339241,20.0275,123.0,58.0,0.4715447154471545,0.2123711340206185,716,290,2023-01-20 20:39:10+00:00,100.0,0.0,116.75,True,112.5625,32,train
apache/airflow,91499799,16.886354166666667,False,34,145.0,162.0,0.8641975308641975,250.73329365079366,25.730555555555554,62.0,11.0,0.1774193548387097,0.1034482758620689,733,288,2023-02-06 17:55:31+00:00,103.0,0.0,116.75,True,112.5625,32,train
apache/airflow,95635225,36.281030092592594,False,35,338.0,394.0,0.850253807106599,176.20124543946932,24.99861111111111,122.0,50.0,0.4098360655737705,0.1331360946745562,719,283,2023-03-15 00:40:12+00:00,72.0,0.0,116.75,True,111.91176470588235,34,train
apache/airflow,97724092,17.37065972222222,False,36,128.0,166.0,0.8614457831325302,283.4481274281274,57.86416666666667,52.0,15.0,0.2884615384615384,0.171875,720,270,2023-04-01 09:33:57+00:00,72.0,0.0,116.75,True,111.91176470588235,34,train
apache/airflow,99597447,13.478078703703703,False,37,133.0,138.0,0.8260869565217391,184.88946150097468,11.506527777777777,60.0,22.0,0.3666666666666666,0.2481203007518796,702,261,2023-04-14 21:02:23+00:00,86.0,0.0,116.75,True,110.77142857142857,35,train
apache/airflow,101405180,15.66929398148148,False,38,168.0,217.0,0.8433179723502304,195.95390255009104,11.310555555555556,52.0,17.0,0.3269230769230769,0.3035714285714285,669,244,2023-04-30 13:06:10+00:00,110.0,0.0,116.75,True,110.77142857142857,35,train
apache/airflow,103174412,16.064131944444444,False,39,161.0,215.0,0.8232558139534883,176.3647771500314,21.156944444444445,64.0,23.0,0.359375,0.2236024844720497,680,255,2023-05-16 14:38:31+00:00,100.0,0.0,116.75,True,109.05405405405405,37,train
apache/airflow,108963862,31.819837962962964,False,40,336.0,403.0,0.858560794044665,171.40491490044957,20.821805555555557,84.0,29.0,0.3452380952380952,0.1934523809523809,694,267,2023-06-17 10:19:05+00:00,102.0,0.0,116.75,True,108.84615384615384,39,train
apache/airflow,110074462,10.17730324074074,False,41,101.0,116.0,0.8017241379310345,96.75045400238947,22.592222222222222,40.0,10.0,0.25,0.1386138613861386,697,274,2023-06-27 14:34:24+00:00,104.0,0.0,116.75,True,108.84615384615384,39,train
apache/airflow,111717340,13.35292824074074,False,42,196.0,192.0,0.8958333333333334,103.43395025839794,11.786249999999999,60.0,17.0,0.2833333333333333,0.1785714285714285,705,255,2023-07-10 23:02:37+00:00,113.0,0.0,116.75,True,108.84615384615384,39,train
apache/airflow,117791975,38.73447916666667,False,43,553.0,635.0,0.8913385826771654,153.66389036120927,15.955000000000002,109.0,41.0,0.3761467889908257,0.1971066907775768,716,253,2023-08-18 16:40:16+00:00,129.0,1.0,116.75,True,108.66666666666667,42,train
apache/airflow,120326303,20.061203703703704,False,44,423.0,455.0,0.9032967032967033,101.77081440929982,10.808333333333334,71.0,24.0,0.3380281690140845,0.1867612293144208,697,248,2023-09-07 18:08:24+00:00,95.0,0.0,116.75,True,108.66666666666667,42,train
apache/airflow,123409179,25.22329861111111,False,45,257.0,327.0,0.8409785932721713,180.82699494949497,23.924722222222222,87.0,33.0,0.3793103448275862,0.1206225680933852,722,261,2023-10-02 23:29:57+00:00,91.0,0.0,116.75,True,109.13953488372093,43,train
apache/airflow,124796751,9.47818287037037,False,46,72.0,87.0,0.8045977011494253,260.80484126984123,39.40069444444444,41.0,17.0,0.4146341463414634,0.1666666666666666,741,273,2023-10-12 10:58:32+00:00,93.0,0.0,116.75,True,108.81818181818181,44,train
apache/airflow,128072365,24.844270833333333,False,47,303.0,361.0,0.8781163434903048,145.87233438485805,10.113333333333333,89.0,35.0,0.3932584269662921,0.2574257425742574,765,276,2023-11-06 07:14:17+00:00,75.0,0.0,116.75,True,108.42222222222222,45,train
apache/airflow,134371717,42.50138888888889,False,48,478.0,538.0,0.8382899628252788,81.71900652870166,6.5377777777777775,111.0,46.0,0.4144144144144144,0.2803347280334728,759,275,2023-12-18 19:16:17+00:00,61.0,0.0,116.75,True,107.38297872340425,47,train
apache/airflow,137711221,31.745613425925924,False,49,370.0,420.0,0.8976190476190476,70.84789714117301,7.045277777777778,96.0,36.0,0.375,0.227027027027027,756,280,2024-01-19 13:09:58+00:00,81.0,0.0,116.75,True,106.41666666666667,48,train
apache/airflow,141561153,23.63898148148148,False,50,261.0,281.0,0.8825622775800712,128.25308019713262,8.359027777777778,87.0,32.0,0.367816091954023,0.2452107279693486,740,262,2024-02-12 04:30:06+00:00,99.0,0.0,116.75,True,106.41666666666667,48,train
apache/airflow,143584450,14.197314814814815,False,51,211.0,238.0,0.8613445378151261,91.84319918699188,6.97,70.0,22.0,0.3142857142857143,0.2654028436018957,746,264,2024-02-26 09:14:14+00:00,93.0,0.0,116.75,True,105.89795918367346,49,train
apache/airflow,144901174,8.295046296296297,False,52,100.0,136.0,0.8308823529411765,67.43845870206489,8.96888888888889,33.0,7.0,0.2121212121212121,0.25,751,269,2024-03-05 16:19:06+00:00,85.0,0.0,116.75,True,105.89795918367346,49,train
apache/airflow,145826375,5.857349537037037,False,53,86.0,91.0,0.8461538461538461,106.20807720057722,7.552777777777778,38.0,8.0,0.2105263157894736,0.2325581395348837,752,276,2024-03-11 12:53:41+00:00,82.0,0.0,116.75,True,105.89795918367346,49,train
apache/airflow,148320674,14.282731481481482,False,54,273.0,326.0,0.8895705521472392,86.12781800766284,7.794722222222222,51.0,15.0,0.2941176470588235,0.2893772893772894,744,264,2024-03-25 19:40:49+00:00,84.0,0.0,116.75,True,105.76,50,train
apache/airflow,148331227,0.0315856481481481,False,55,0.0,2.0,1.0,9.073611111111111,9.073611111111111,0.0,0.0,,,744,264,2024-03-25 20:26:18+00:00,84.0,0.0,116.75,True,105.76,50,train
apache/airflow,150204794,13.656041666666669,False,56,226.0,277.0,0.8592057761732852,127.19749066293184,9.395555555555555,50.0,9.0,0.18,0.2345132743362832,743,257,2024-04-08 12:11:00+00:00,85.0,0.0,116.75,True,105.11538461538461,52,train
apache/airflow,154380741,27.930497685185184,False,57,332.0,396.0,0.8484848484848485,160.68619543650794,18.808194444444446,81.0,22.0,0.2716049382716049,0.144578313253012,780,269,2024-05-06 10:30:55+00:00,100.0,0.0,116.75,True,103.92727272727272,55,train
apache/airflow,159644151,35.019108796296294,False,58,418.0,470.0,0.8808510638297873,109.64628488996243,10.681111111111111,107.0,36.0,0.3364485981308411,0.1555023923444976,800,290,2024-06-10 10:58:26+00:00,83.0,0.0,116.75,True,103.52631578947368,57,train
apache/airflow,161181480,8.560844907407407,False,59,89.0,88.0,0.8863636363636364,121.61683404558403,21.279027777777777,50.0,16.0,0.32,0.1348314606741573,808,296,2024-06-19 00:26:03+00:00,72.0,0.0,116.75,True,103.52631578947368,57,validation
apache/airflow,165625182,27.461678240740746,False,60,253.0,311.0,0.8553054662379421,161.31657894736844,12.906527777777779,87.0,33.0,0.3793103448275862,0.150197628458498,833,299,2024-07-16 11:30:52+00:00,101.0,0.0,116.75,True,103.17241379310344,58,validation
apache/airflow,166897846,8.051875,False,61,104.0,114.0,0.8421052631578947,73.70849537037037,11.57875,43.0,9.0,0.2093023255813953,0.1634615384615384,845,309,2024-07-24 12:45:34+00:00,110.0,0.0,116.75,True,102.64406779661017,59,validation
apache/airflow,170458696,22.54724537037037,False,62,295.0,373.0,0.8337801608579088,116.73307341907824,7.059444444444445,73.0,23.0,0.3150684931506849,0.2203389830508474,837,333,2024-08-16 01:53:36+00:00,117.0,1.0,116.75,True,102.61666666666666,60,validation
apache/airflow,173821517,21.40041666666667,False,63,227.0,365.0,0.8191780821917808,124.46626347082868,16.231666666666666,71.0,23.0,0.323943661971831,0.1101321585903083,879,355,2024-09-06 11:30:12+00:00,78.0,0.0,116.75,True,102.73770491803279,61,validation
apache/airflow,176198865,14.479872685185184,False,64,143.0,195.0,0.8461538461538461,88.61849326599327,9.768055555555556,65.0,30.0,0.4615384615384615,0.0699300699300699,951,370,2024-09-20 23:01:13+00:00,73.0,0.0,116.75,True,102.96774193548387,62,validation
apache/airflow,183601125,45.634733796296295,False,65,669.0,885.0,0.8440677966101695,82.68443775100401,10.549722222222222,139.0,63.0,0.4532374100719424,0.1225710014947683,1017,349,2024-11-05 14:15:14+00:00,73.0,0.0,116.75,True,102.109375,64,validation
apache/airflow,190940307,40.93407407407408,False,66,748.0,871.0,0.8714121699196326,80.79163812033377,9.461944444444445,111.0,33.0,0.2972972972972973,0.0962566844919786,1061,350,2024-12-16 12:40:18+00:00,56.0,0.0,116.75,True,101.66153846153846,65,validation
apache/airflow,199381500,56.05417824074074,False,67,868.0,1071.0,0.8627450980392157,93.95069023569025,8.485833333333334,124.0,46.0,0.3709677419354839,0.1324884792626728,1103,339,2025-02-10 13:58:19+00:00,147.0,1.0,116.75,True,100.96969696969697,66,validation
apache/airflow,209736341,50.4840625,False,68,1051.0,1277.0,0.8449490994518403,92.56327309236949,7.464166666666666,139.0,59.0,0.4244604316546763,0.0818268315889629,1126,379,2025-04-02 01:35:22+00:00,239.0,1.0,116.75,True,101.65671641791045,67,validation
apache/airflow,213942444,20.52734953703704,False,69,557.0,633.0,0.8988941548183255,68.66613503222027,6.083333333333333,81.0,17.0,0.2098765432098765,0.1274685816876122,1119,400,2025-04-22 14:14:45+00:00,199.0,1.0,116.75,True,101.65671641791045,67,validation
apache/airflow,217952121,19.87070601851852,False,70,467.0,574.0,0.8972125435540069,73.76059492988135,4.851388888888889,75.0,17.0,0.2266666666666666,0.2077087794432548,1103,422,2025-05-12 11:08:34+00:00,132.0,1.0,116.75,True,103.67647058823529,68,validation
apache/airflow,219713172,7.893645833333333,False,71,154.0,191.0,0.8952879581151832,103.17425601039636,5.956388888888889,54.0,11.0,0.2037037037037037,0.1688311688311688,1119,431,2025-05-20 08:35:25+00:00,132.0,1.0,116.75,True,103.67647058823529,68,validation
apache/airflow,224349965,21.256944444444443,False,72,359.0,489.0,0.8384458077709611,94.07274796747966,9.35527777777778,85.0,21.0,0.2470588235294117,0.1420612813370473,1150,445,2025-06-10 14:45:25+00:00,186.0,1.0,116.75,True,105.05797101449275,69,validation
apache/airflow,227200324,13.300219907407408,False,73,308.0,366.0,0.860655737704918,109.15153968253968,3.6038888888888887,82.0,24.0,0.2926829268292683,0.1201298701298701,1168,454,2025-06-23 21:57:44+00:00,183.0,1.0,116.75,True,105.8169014084507,71,validation
apache/airflow,232060796,19.724085648148147,False,74,631.0,805.0,0.9093167701863354,125.31772009714633,4.322222222222223,103.0,33.0,0.3203883495145631,0.1220285261489698,1295,500,2025-07-13 15:20:25+00:00,160.0,1.0,116.75,True,106.93055555555556,72,validation
apache/airflow,232316442,1.1565046296296295,False,75,16.0,18.0,0.8333333333333334,125.97348148148149,6.051944444444445,12.0,1.0,0.0833333333333333,0.3125,1291,500,2025-07-14 19:05:47+00:00,161.0,1.0,116.75,True,106.93055555555556,72,validation
apache/airflow,238719377,25.135439814814816,False,76,420.0,557.0,0.8348294434470377,179.79649462365592,16.9925,112.0,34.0,0.3035714285714285,0.0952380952380952,1302,499,2025-08-08 22:20:49+00:00,142.0,1.0,116.75,True,107.97260273972603,73,test
apache/airflow,241324139,11.917638888888888,False,77,220.0,289.0,0.8512110726643599,137.7172515808491,9.998333333333333,70.0,14.0,0.2,0.1227272727272727,1297,494,2025-08-20 20:22:13+00:00,190.0,1.0,116.75,True,109.37333333333333,75,test
apache/airflow,243522727,8.989918981481482,False,78,160.0,204.0,0.8578431372549019,140.91481428571427,9.554722222222223,57.0,8.0,0.1403508771929824,0.1125,1308,506,2025-08-29 20:07:42+00:00,196.0,1.0,116.75,True,109.37333333333333,75,test
apache/airflow,250088226,27.02793981481481,False,79,546.0,666.0,0.8243243243243243,130.9119884638737,15.72,104.0,29.0,0.2788461538461538,0.0769230769230769,1337,531,2025-09-25 20:47:56+00:00,174.0,1.0,116.75,True,110.84415584415585,77,test
apache/airflow,257461859,31.710578703703703,False,80,595.0,769.0,0.8517555266579974,123.70200593723496,10.087222222222222,138.0,51.0,0.3695652173913043,0.1042016806722689,1343,541,2025-10-27 13:51:10+00:00,148.0,1.0,116.75,True,112.72151898734177,79,test
apache/airflow,259964514,9.092210648148148,False,81,224.0,320.0,0.88125,90.82363770685579,14.912638888888889,71.0,11.0,0.1549295774647887,0.1026785714285714,1368,559,2025-11-05 16:03:57+00:00,126.0,1.0,116.75,True,112.72151898734177,79,test
apache/airflow,262457040,8.946956018518518,False,82,241.0,312.0,0.8397435897435898,100.17836513994911,13.827638888888888,66.0,13.0,0.1969696969696969,0.1120331950207468,1373,558,2025-11-14 14:47:34+00:00,135.0,1.0,116.75,True,112.72151898734177,79,test
apache/airflow,269035834,25.766354166666662,False,83,478.0,612.0,0.826797385620915,99.29823945981556,8.676944444444445,117.0,37.0,0.3162393162393162,0.1506276150627615,1371,554,2025-12-10 09:11:07+00:00,99.0,0.0,116.75,True,113.32098765432099,81,test
apache/airflow,276315192,34.08150462962963,False,84,519.0,801.0,0.7403245942571786,109.68666057710324,11.605833333333333,136.0,55.0,0.4044117647058823,0.0674373795761079,1392,559,2026-01-13 11:08:29+00:00,138.0,1.0,116.75,True,113.40963855421687,83,test
apache/airflow,276530798,0.4506712962962963,False,85,17.0,21.0,0.8095238095238095,167.29877450980393,24.3875,14.0,2.0,0.1428571428571428,0.1764705882352941,1391,554,2026-01-13 21:57:27+00:00,135.0,1.0,116.75,True,113.40963855421687,83,test
apache/airflow,282931220,21.599282407407408,False,86,376.0,631.0,0.7416798732171157,152.3372987891738,21.90736111111111,115.0,33.0,0.2869565217391304,0.0558510638297872,1368,534,2026-02-04 12:20:25+00:00,133.0,1.0,116.75,True,113.40963855421687,83,test
apache/airflow,287396789,13.315381944444445,False,87,265.0,426.0,0.7605633802816901,227.3516838134431,20.430416666666666,91.0,23.0,0.2527472527472527,0.0792452830188679,1367,528,2026-02-17 19:54:34+00:00,176.0,1.0,116.75,True,113.95294117647059,85,test
apache/airflow,290595792,8.077210648148148,False,88,171.0,282.0,0.7730496453900709,182.588999745158,32.22472222222222,77.0,24.0,0.3116883116883117,0.0643274853801169,1362,532,2026-02-25 21:45:45+00:00,166.0,1.0,116.75,True,113.95294117647059,85,test
apache/airflow,295900925,14.021192129629627,False,89,436.0,623.0,0.7720706260032103,112.42641603141605,12.485,110.0,29.0,0.2636363636363636,0.1353211009174312,1304,498,2026-03-11 22:16:16+00:00,167.0,1.0,116.75,True,114.17441860465117,86,test
apache/airflow,298892967,7.513078703703703,False,90,252.0,379.0,0.7308707124010554,145.59184917769755,16.31833333333333,92.0,21.0,0.2282608695652173,0.1388888888888889,1293,492,2026-03-19 10:35:06+00:00,143.0,1.0,116.75,True,114.17441860465117,86,test
apache/airflow,299977257,3.499652777777778,False,91,62.0,110.0,0.5818181818181818,168.82887586805555,14.105138888888888,30.0,2.0,0.0666666666666666,0.1935483870967742,1301,495,2026-03-22 22:34:36+00:00,139.0,1.0,116.75,True,114.88505747126437,87,test
apache/airflow,306141963,15.678622685185186,False,92,360.0,511.0,0.7475538160469667,153.23964441535776,15.913888888888888,106.0,32.0,0.3018867924528302,0.1166666666666666,1225,471,2026-04-07 14:51:49+00:00,158.0,1.0,116.75,True,115.4659090909091,88,test
apache/airflow,312131648,14.775092592592593,False,93,320.0,498.0,0.7871485943775101,116.00900581065761,13.418055555555554,94.0,17.0,0.1808510638297872,0.2375,1227,484,2026-04-22 09:27:57+00:00,138.0,1.0,116.75,True,116.5934065934066,91,test
apache/airflow,313416734,2.4769212962962963,False,94,53.0,87.0,0.8160919540229885,103.53360719874804,63.210277777777776,31.0,8.0,0.2580645161290322,0.0943396226415094,1244,485,2026-04-24 20:54:43+00:00,127.0,1.0,116.75,True,116.5934065934066,91,test
apache/airflow,331316417,34.39769675925926,False,95,805.0,1310.0,0.7213740458015268,115.5638706643151,22.54222222222222,194.0,87.0,0.4484536082474227,0.1391304347826087,1222,454,2026-05-29 06:27:24+00:00,100.0,0.0,116.75,True,117.37234042553192,94,test
apache/airflow,333981785,5.584826388888889,False,96,143.0,209.0,0.6698564593301436,105.14936111111112,16.34166666666667,57.0,16.0,0.2807017543859649,0.1398601398601398,1214,439,2026-06-03 20:29:33+00:00,102.0,0.0,116.75,True,117.37234042553192,94,test
apache/airflow,334088828,10.130416666666669,False,97,263.0,410.0,0.6853658536585366,106.31400751285092,28.515555555555554,93.0,22.0,0.2365591397849462,0.1026615969581749,1179,431,2026-06-13 23:37:21+00:00,88.0,0.0,116.75,True,117.37234042553192,94,test
apache/airflow,349639355,22.65184027777778,False,98,458.0,671.0,0.6423248882265276,92.3212019850477,24.804444444444446,126.0,31.0,0.246031746031746,0.0895196506550218,1150,421,2026-07-06 15:16:00+00:00,,,116.75,False,117.03125,96,test
microsoft/vscode,37367812,,False,1,0.0,0.0,,,,0.0,0.0,,,4287,1027,2021-02-04 17:41:43+00:00,445.0,1.0,381.0,True,,0,train
microsoft/vscode,37817301,5.027152777777777,False,2,238.0,38.0,0.6842105263157895,184.99920940170935,21.989583333333332,32.0,5.0,0.15625,0.1470588235294117,4376,1056,2021-02-09 18:20:49+00:00,414.0,1.0,381.0,True,,0,train
microsoft/vscode,37943605,2.1083101851851853,False,3,190.0,29.0,0.8620689655172413,69.54641111111111,4.375,25.0,1.0,0.04,0.1526315789473684,4416,1048,2021-02-11 20:56:47+00:00,409.0,1.0,381.0,True,,0,train
microsoft/vscode,39294083,20.892905092592592,False,4,1137.0,133.0,0.7443609022556391,160.46172278338946,30.011388888888888,54.0,23.0,0.4259259259259259,0.1204925241864555,4569,1103,2021-03-04 18:22:34+00:00,386.0,1.0,381.0,True,,0,train
microsoft/vscode,39312361,0.2458217592592592,False,5,19.0,4.0,1.0,9.793263888888887,9.845555555555555,8.0,0.0,0.0,0.2105263157894736,4577,1102,2021-03-05 00:16:33+00:00,382.0,1.0,381.0,True,,0,train
microsoft/vscode,39688865,6.992835648148148,False,6,368.0,67.0,0.7313432835820896,56.05113378684807,15.114444444444445,43.0,10.0,0.2325581395348837,0.1902173913043478,4664,1116,2021-03-12 00:06:14+00:00,397.0,1.0,381.0,True,429.5,2,train
microsoft/vscode,39843725,3.879259259259259,False,7,102.0,23.0,0.5217391304347826,692.5941435185185,43.26972222222222,20.0,4.0,0.2,0.1862745098039215,4725,1132,2021-03-15 21:12:22+00:00,438.0,1.0,381.0,True,422.6666666666667,3,train
microsoft/vscode,40776715,15.87025462962963,False,8,871.0,123.0,0.8048780487804879,183.23116161616164,15.821111111111112,50.0,13.0,0.26,0.1182548794489093,4812,1162,2021-03-31 18:05:32+00:00,510.0,1.0,381.0,True,422.6666666666667,3,train
microsoft/vscode,41141564,8.013796296296297,False,9,437.0,70.0,0.7,214.4706349206349,44.03861111111111,42.0,10.0,0.238095238095238,0.1556064073226544,4908,1175,2021-04-08 18:25:24+00:00,514.0,1.0,381.0,True,407.2,5,train
microsoft/vscode,41368481,4.944930555555556,False,10,251.0,29.0,0.8620689655172413,256.6360666666667,22.600833333333334,28.0,2.0,0.0714285714285714,0.1593625498007968,5019,1226,2021-04-13 17:06:06+00:00,495.0,1.0,381.0,True,405.5,6,train
microsoft/vscode,42503695,22.165497685185183,False,11,1460.0,160.0,0.775,71.01285394265231,8.156388888888888,57.0,20.0,0.3508771929824561,0.1821917808219178,5138,1272,2021-05-05 21:04:25+00:00,434.0,1.0,381.0,True,422.625,8,train
microsoft/vscode,42788476,5.8421875,False,12,339.0,52.0,0.8846153846153846,373.5581582125603,69.93,33.0,4.0,0.1212121212121212,0.1445427728613569,5184,1265,2021-05-11 17:17:10+00:00,400.0,1.0,381.0,True,432.77777777777777,9,train
microsoft/vscode,42914761,1.9917013888888888,False,13,150.0,20.0,0.7,46.993452380952384,13.982916666666666,23.0,2.0,0.0869565217391304,0.2,5203,1269,2021-05-13 17:05:13+00:00,402.0,1.0,381.0,True,432.77777777777777,9,train
microsoft/vscode,44431897,28.025601851851853,False,14,1573.0,237.0,0.7637130801687764,268.0613060159607,14.238888888888889,65.0,23.0,0.3538461538461538,0.0998092816274634,5390,1320,2021-06-10 17:42:05+00:00,425.0,1.0,381.0,True,435.3333333333333,12,train
microsoft/vscode,44831232,7.1711226851851855,False,15,392.0,65.0,0.7384615384615385,524.6948263888888,11.919027777777778,41.0,3.0,0.073170731707317,0.1301020408163265,5511,1352,2021-06-17 21:48:30+00:00,381.0,0.0,381.0,True,432.7692307692308,13,train
microsoft/vscode,45923262,20.839930555555554,False,16,1001.0,121.0,0.8016528925619835,328.6420131729668,11.587777777777777,57.0,18.0,0.3157894736842105,0.1768231768231768,5615,1390,2021-07-08 17:58:00+00:00,293.0,0.0,381.0,True,432.7692307692308,13,train
microsoft/vscode,46137151,4.965381944444444,False,17,135.0,35.0,0.7714285714285715,51.49741769547325,19.171388888888888,31.0,3.0,0.0967741935483871,0.2,5652,1411,2021-07-13 17:08:09+00:00,276.0,0.0,381.0,True,432.2142857142857,14,train
microsoft/vscode,46269305,1.972974537037037,False,18,127.0,23.0,0.7391304347826086,57.94821895424837,8.37861111111111,23.0,2.0,0.0869565217391304,0.2125984251968504,5685,1402,2021-07-15 16:29:14+00:00,275.0,0.0,381.0,True,432.2142857142857,14,train
microsoft/vscode,47380908,21.061921296296298,False,19,769.0,126.0,0.7619047619047619,165.92348958333335,19.57777777777778,59.0,16.0,0.2711864406779661,0.0962288686605981,5823,1433,2021-08-05 17:58:24+00:00,273.0,0.0,381.0,True,428.8,15,train
microsoft/vscode,48147681,14.200289351851852,False,20,510.0,98.0,0.7346938775510204,90.12407793209876,18.09027777777778,42.0,8.0,0.1904761904761904,0.1156862745098039,5933,1442,2021-08-19 22:46:49+00:00,277.0,0.0,381.0,True,404.22222222222223,18,train
microsoft/vscode,48909216,13.76119212962963,False,21,499.0,79.0,0.7721518987341772,192.04658469945355,28.210833333333333,51.0,19.0,0.3725490196078431,0.1222444889779559,5987,1455,2021-09-02 17:02:56+00:00,315.0,0.0,381.0,True,404.22222222222223,18,train
microsoft/vscode,49545491,12.002951388888889,False,22,356.0,80.0,0.6125,142.3092290249433,20.27111111111111,44.0,8.0,0.1818181818181818,0.1601123595505618,6113,1501,2021-09-14 17:07:11+00:00,315.0,0.0,381.0,True,397.3157894736842,19,train
microsoft/vscode,50724198,19.642881944444444,False,23,742.0,118.0,0.652542372881356,180.8650541125541,12.810555555555556,50.0,13.0,0.26,0.1064690026954177,6170,1544,2021-10-04 08:32:56+00:00,283.0,0.0,381.0,True,387.6666666666667,21,train
microsoft/vscode,50995570,3.524293981481481,False,24,91.0,25.0,0.64,73.22510416666665,2.455,23.0,2.0,0.0869565217391304,0.1648351648351648,5951,1547,2021-10-07 21:07:55+00:00,287.0,0.0,381.0,True,387.6666666666667,21,train
microsoft/vscode,51383547,6.890601851851852,False,25,257.0,35.0,0.8571428571428571,62.694805555555554,17.222361111111113,34.0,8.0,0.2352941176470588,0.1400778210116731,5553,1476,2021-10-14 18:30:23+00:00,302.0,0.0,381.0,True,384.3636363636364,22,train
microsoft/vscode,51646803,5.023356481481481,False,26,149.0,34.0,0.5882352941176471,154.8812361111111,2.68375,28.0,6.0,0.2142857142857142,0.1879194630872483,5319,1420,2021-10-19 19:04:01+00:00,316.0,0.0,381.0,True,384.3636363636364,22,train
microsoft/vscode,52713427,15.913726851851852,False,27,638.0,102.0,0.7745098039215687,120.76728551336143,18.71361111111111,56.0,15.0,0.2678571428571428,0.1347962382445141,5039,1306,2021-11-04 16:59:47+00:00,292.0,0.0,381.0,True,379.95652173913044,23,train
microsoft/vscode,53026736,5.048680555555555,False,28,215.0,35.0,0.7428571428571429,2892.4200854700853,72.69958333333332,34.0,7.0,0.2058823529411764,0.1209302325581395,5034,1309,2021-11-09 18:09:53+00:00,287.0,0.0,381.0,True,376.0833333333333,24,train
microsoft/vscode,53207412,2.232523148148148,False,29,169.0,30.0,0.8,444.3993634259259,1.2709722222222224,24.0,1.0,0.0416666666666666,0.2071005917159763,5043,1309,2021-11-11 23:44:43+00:00,275.0,0.0,381.0,True,376.0833333333333,24,train
microsoft/vscode,53665953,6.798969907407408,False,30,228.0,31.0,0.8387096774193549,292.089155982906,25.911805555555556,31.0,5.0,0.1612903225806451,0.1622807017543859,5093,1332,2021-11-18 18:55:14+00:00,279.0,0.0,381.0,True,373.12,25,train
microsoft/vscode,54908167,20.11634259259259,False,31,701.0,118.0,0.7372881355932204,322.733269476373,20.085277777777776,52.0,12.0,0.2307692307692307,0.1469329529243937,5173,1342,2021-12-08 21:42:46+00:00,226.0,0.0,381.0,True,368.0,27,train
microsoft/vscode,55299055,5.847604166666667,False,32,186.0,42.0,0.7380952380952381,45.39132616487455,15.249166666666667,28.0,3.0,0.1071428571428571,0.1397849462365591,5216,1373,2021-12-14 18:03:19+00:00,217.0,0.0,381.0,True,362.0,29,train
microsoft/vscode,55479840,1.9917708333333333,False,33,96.0,26.0,0.8461538461538461,244.70662878787883,3.8970833333333337,22.0,3.0,0.1363636363636363,0.15625,5164,1363,2021-12-16 17:51:28+00:00,209.0,0.0,381.0,True,362.0,29,train
microsoft/vscode,58631352,49.05792824074074,False,34,1838.0,265.0,0.7320754716981132,155.3161197021764,16.405,69.0,26.0,0.3768115942028985,0.1425462459194777,5326,1456,2022-02-03 19:14:53+00:00,408.0,1.0,381.0,True,346.3333333333333,33,train
microsoft/vscode,59039716,4.954155092592592,False,35,251.0,47.0,0.8936170212765957,55.10470238095238,12.817222222222222,35.0,7.0,0.2,0.1354581673306772,5368,1472,2022-02-08 18:08:52+00:00,394.0,1.0,381.0,True,346.3333333333333,33,train
microsoft/vscode,59258028,1.9939467592592592,False,36,162.0,19.0,0.8421052631578947,37.18333333333334,5.466666666666667,26.0,4.0,0.1538461538461538,0.1358024691358024,5391,1468,2022-02-10 18:00:09+00:00,367.0,0.0,381.0,True,346.3333333333333,33,train
microsoft/vscode,60929829,21.04394675925926,False,37,827.0,133.0,0.7669172932330827,222.61425653594767,8.67,54.0,11.0,0.2037037037037037,0.1064087061668681,5563,1520,2022-03-03 19:03:26+00:00,354.0,0.0,381.0,True,346.3333333333333,33,train
microsoft/vscode,61302351,4.959525462962963,False,38,143.0,40.0,0.825,46.83984848484848,15.69138888888889,27.0,5.0,0.1851851851851851,0.1398601398601398,5610,1527,2022-03-08 18:05:09+00:00,359.0,0.0,381.0,True,348.1470588235294,34,train
microsoft/vscode,61529769,2.0363657407407407,False,39,114.0,24.0,0.8333333333333334,65.14488888888889,12.90875,23.0,1.0,0.0434782608695652,0.175438596491228,5597,1524,2022-03-10 18:57:31+00:00,363.0,0.0,381.0,True,349.45714285714286,35,train
microsoft/vscode,63185929,19.965891203703706,False,40,1036.0,186.0,0.8279569892473119,254.22461580086582,5.083055555555555,61.0,16.0,0.2622950819672131,0.1187258687258687,5727,1547,2022-03-30 18:08:24+00:00,303.0,0.0,381.0,True,349.94444444444446,36,train
microsoft/vscode,63892925,7.982384259259259,False,41,372.0,82.0,0.8292682926829268,326.5810089869281,21.299444444444447,42.0,9.0,0.2142857142857142,0.1881720430107527,5859,1580,2022-04-07 17:43:02+00:00,272.0,0.0,381.0,True,350.05405405405406,37,train
microsoft/vscode,64270464,4.979780092592593,False,42,127.0,24.0,0.7083333333333334,546.65772875817,47.80833333333333,26.0,1.0,0.0384615384615384,0.2362204724409448,5933,1598,2022-04-12 17:13:55+00:00,268.0,0.0,381.0,True,350.61538461538464,39,train
microsoft/vscode,66150183,23.039016203703703,False,43,598.0,206.0,0.8300970873786407,88.27157244964263,3.7402777777777776,51.0,8.0,0.1568627450980392,0.1588628762541806,6068,1621,2022-05-05 18:10:06+00:00,321.0,0.0,381.0,True,349.425,40,train
microsoft/vscode,66499794,4.977604166666667,False,44,133.0,83.0,0.9036144578313253,82.87223703703705,0.6855555555555556,26.0,1.0,0.0384615384615384,0.1278195488721804,6117,1631,2022-05-10 17:37:51+00:00,310.0,0.0,381.0,True,347.5365853658537,41,train
microsoft/vscode,67208072,8.01900462962963,False,45,234.0,168.0,0.8630952380952381,80.77289463601531,0.7705555555555555,30.0,2.0,0.0666666666666666,0.1752136752136752,6212,1655,2022-05-18 18:05:13+00:00,327.0,0.0,381.0,True,345.64285714285717,42,train
microsoft/vscode,69088479,22.00155092592593,False,46,593.0,433.0,0.9053117782909931,86.68585955215421,0.8818055555555555,55.0,19.0,0.3454545454545454,0.1349072512647554,6456,1742,2022-06-09 18:07:27+00:00,369.0,0.0,381.0,True,344.27272727272725,44,train
microsoft/vscode,69548231,5.990219907407408,False,47,285.0,186.0,0.9086021505376344,43.11979783037475,1.071388888888889,34.0,4.0,0.1176470588235294,0.1368421052631579,6508,1749,2022-06-15 17:53:22+00:00,390.0,1.0,381.0,True,344.27272727272725,44,train
microsoft/vscode,71502038,22.01039351851852,False,48,896.0,653.0,0.9341500765696784,68.61537795992713,1.0241666666666667,58.0,12.0,0.2068965517241379,0.1473214285714285,6719,1805,2022-07-07 18:08:20+00:00,385.0,1.0,381.0,True,343.8888888888889,45,train
microsoft/vscode,71824091,4.9555439814814815,False,49,171.0,112.0,0.9017857142857143,67.2415319031903,2.05,29.0,3.0,0.1034482758620689,0.3040935672514619,6790,1833,2022-07-12 17:04:19+00:00,389.0,1.0,381.0,True,344.4347826086956,46,train
microsoft/vscode,72267785,6.149872685185185,False,50,180.0,141.0,0.9219858156028369,84.17294658119658,1.7620833333333334,32.0,3.0,0.09375,0.1888888888888888,6875,1852,2022-07-18 20:40:08+00:00,383.0,1.0,381.0,True,345.40425531914894,47,train
microsoft/vscode,73681305,16.886168981481482,False,51,601.0,451.0,0.9090909090909091,89.03139092140921,1.5162499999999999,60.0,17.0,0.2833333333333333,0.0898502495840266,7009,1894,2022-08-04 17:56:13+00:00,382.0,1.0,381.0,True,345.40425531914894,47,train
microsoft/vscode,74130772,6.004745370370371,False,52,228.0,172.0,0.9302325581395349,187.84527430555556,1.8987500000000002,40.0,7.0,0.175,0.1973684210526315,7151,1928,2022-08-10 18:03:03+00:00,352.0,0.0,381.0,True,346.2291666666667,48,train
microsoft/vscode,74651367,7.005833333333333,False,53,174.0,147.0,0.891156462585034,61.16715012722646,1.5097222222222222,28.0,2.0,0.0714285714285714,0.1149425287356321,7154,1943,2022-08-17 18:11:27+00:00,345.0,0.0,381.0,True,347.1020408163265,49,train
microsoft/vscode,76071146,14.997777777777776,False,54,514.0,355.0,0.9154929577464789,94.30210683760683,1.9361111111111111,44.0,6.0,0.1363636363636363,0.1498054474708171,7230,2007,2022-09-01 18:08:15+00:00,364.0,0.0,381.0,True,347.82,50,train
microsoft/vscode,77034280,11.990393518518518,False,55,323.0,241.0,0.8672199170124482,61.074774056353,2.075833333333333,36.0,4.0,0.1111111111111111,0.1424148606811145,7307,2062,2022-09-13 17:54:25+00:00,345.0,0.0,381.0,True,348.5576923076923,52,train
microsoft/vscode,77323275,2.0063773148148147,False,56,87.0,58.0,0.896551724137931,67.5475908119658,3.205277777777778,25.0,2.0,0.08,0.1724137931034483,7305,2066,2022-09-15 18:03:36+00:00,335.0,0.0,381.0,True,348.5576923076923,52,train
microsoft/vscode,79195907,21.00777777777778,False,57,707.0,561.0,0.9233511586452763,24.207034534534536,0.8640277777777778,58.0,16.0,0.2758620689655172,0.1442715700141442,7449,2110,2022-10-06 18:14:48+00:00,309.0,0.0,381.0,True,348.77777777777777,54,train
microsoft/vscode,79559974,4.9616087962962965,False,58,134.0,120.0,0.8583333333333333,68.73750000000001,0.3988888888888889,28.0,3.0,0.1071428571428571,0.1716417910447761,7510,2124,2022-10-11 17:19:31+00:00,313.0,0.0,381.0,True,348.77777777777777,54,train
microsoft/vscode,81875229,22.13954861111111,False,59,679.0,622.0,0.8938906752411575,63.166743105515586,0.9975,67.0,15.0,0.2238805970149253,0.2076583210603829,7625,2188,2022-11-02 20:40:28+00:00,366.0,0.0,381.0,True,348.4642857142857,56,train
microsoft/vscode,82594810,6.945891203703703,False,60,225.0,213.0,0.8967136150234741,57.07280541012217,1.073888888888889,40.0,8.0,0.2,0.1244444444444444,7684,2218,2022-11-09 19:22:33+00:00,377.0,0.0,381.0,True,347.7719298245614,57,train
microsoft/vscode,85353072,28.035983796296296,False,61,913.0,709.0,0.9026798307475318,96.24395486111112,0.5272222222222223,77.0,27.0,0.3506493506493506,0.0963855421686747,6738,2198,2022-12-07 20:14:22+00:00,279.0,0.0,381.0,True,347.49152542372883,59,train
microsoft/vscode,86140126,7.572372685185186,False,62,309.0,276.0,0.9384057971014492,37.11917953667953,0.5002777777777778,46.0,10.0,0.217391304347826,0.1229773462783171,5768,1815,2022-12-15 09:58:35+00:00,231.0,0.0,381.0,True,347.98333333333335,60,train
microsoft/vscode,79815982,0.00125,False,63,0.0,0.0,,,,0.0,0.0,,,5768,1815,2022-12-15 10:00:23+00:00,231.0,0.0,381.0,True,347.98333333333335,60,train
microsoft/vscode,86689083,5.379027777777778,False,64,205.0,144.0,0.9652777777777778,28.550601518784973,0.4627777777777778,31.0,4.0,0.1290322580645161,0.2585365853658536,5547,1765,2022-12-20 19:06:11+00:00,211.0,0.0,381.0,True,347.98333333333335,60,train
microsoft/vscode,88483006,20.96,False,65,451.0,308.0,0.9090909090909091,42.34079761904761,0.5334722222222222,37.0,4.0,0.1081081081081081,0.3148558758314856,5496,1737,2023-01-10 18:08:35+00:00,409.0,1.0,381.0,True,346.8524590163934,61,train
microsoft/vscode,91182971,23.07056712962963,False,66,837.0,665.0,0.9293233082706767,84.14958603020496,0.5823611111111111,53.0,15.0,0.2830188679245283,0.1565113500597371,5666,1818,2023-02-02 19:50:12+00:00,388.0,1.0,381.0,True,341.109375,64,train
microsoft/vscode,91935081,6.97056712962963,False,67,156.0,146.0,0.9178082191780822,233.3832669983416,0.8419444444444444,30.0,5.0,0.1666666666666666,0.1858974358974359,5793,1865,2023-02-09 19:07:49+00:00,362.0,0.0,381.0,True,342.15384615384613,65,train
microsoft/vscode,94139371,20.037256944444444,False,68,617.0,404.0,0.9108910891089109,67.92448369565217,0.6506944444444445,49.0,11.0,0.2244897959183673,0.1410048622366288,6073,1970,2023-03-01 20:01:28+00:00,347.0,0.0,381.0,True,342.15384615384613,65,train
microsoft/vscode,95113631,7.931967592592593,False,69,334.0,242.0,0.9173553719008265,94.41144269269269,1.1745833333333333,38.0,7.0,0.1842105263157894,0.1616766467065868,6291,2004,2023-03-09 18:23:30+00:00,306.0,0.0,381.0,True,342.8484848484849,66,train
microsoft/vscode,95724132,5.903078703703704,False,70,183.0,145.0,0.8758620689655172,27.405658355205603,1.5847222222222221,34.0,4.0,0.1176470588235294,0.2240437158469945,6412,2026,2023-03-15 16:03:56+00:00,299.0,0.0,381.0,True,343.13432835820896,67,train
microsoft/vscode,97531004,15.120405092592591,False,71,736.0,420.0,0.9333333333333333,55.09281887755102,0.7609722222222222,53.0,13.0,0.2452830188679245,0.1480978260869565,6435,2056,2023-03-30 18:57:19+00:00,258.0,0.0,381.0,True,343.13432835820896,67,train
microsoft/vscode,98217566,5.890486111111112,False,72,232.0,127.0,0.9291338582677166,73.7855131826742,1.390138888888889,28.0,1.0,0.0357142857142857,0.2284482758620689,6481,2070,2023-04-05 16:19:37+00:00,280.0,0.0,381.0,True,343.19117647058823,68,train
microsoft/vscode,98954070,6.035902777777777,False,73,183.0,96.0,0.9375,88.98866666666666,1.7159722222222222,31.0,4.0,0.1290322580645161,0.2404371584699453,6494,2086,2023-04-11 17:11:19+00:00,307.0,0.0,381.0,True,342.6521739130435,69,train
microsoft/vscode,99179067,1.007337962962963,False,74,47.0,28.0,0.9642857142857143,22.245606995884774,0.6419444444444444,14.0,1.0,0.0714285714285714,0.2127659574468085,6485,2086,2023-04-12 17:21:53+00:00,315.0,0.0,381.0,True,342.6521739130435,69,train
microsoft/vscode,101788867,21.19547453703704,False,75,749.0,483.0,0.8674948240165632,69.31244364889949,0.7561111111111111,48.0,11.0,0.2291666666666666,0.1762349799732977,6544,2138,2023-05-03 22:03:22+00:00,327.0,0.0,381.0,True,340.84507042253523,71,train
microsoft/vscode,102384496,5.828472222222223,False,76,135.0,89.0,0.8764044943820225,377.2530092592592,2.0176388888888885,26.0,1.0,0.0384615384615384,0.2962962962962963,6666,2189,2023-05-09 17:56:22+00:00,278.0,0.0,381.0,True,340.0,72,train
microsoft/vscode,102722107,2.3119444444444444,False,77,171.0,109.0,0.9357798165137615,175.69194444444446,1.0834722222222222,35.0,3.0,0.0857142857142857,0.1345029239766081,6649,2185,2023-05-12 01:25:34+00:00,267.0,0.0,381.0,True,339.54794520547944,73,train
microsoft/vscode,107875358,27.70425925925926,False,78,1094.0,652.0,0.9095092024539877,94.80087549184934,0.9466666666666667,66.0,16.0,0.2424242424242424,0.1755027422303473,6745,2212,2023-06-08 18:19:42+00:00,390.0,1.0,381.0,True,338.25,76,train
microsoft/vscode,108419575,5.072256944444445,False,79,155.0,104.0,0.9423076923076923,216.67378401360546,1.2420833333333334,27.0,0.0,0.0,0.1806451612903225,6826,2248,2023-06-13 20:03:45+00:00,400.0,1.0,381.0,True,337.3246753246753,77,train
microsoft/vscode,108764918,1.8735648148148147,False,80,94.0,42.0,0.9761904761904762,14.016422764227642,1.2697222222222222,21.0,1.0,0.0476190476190476,0.2127659574468085,6854,2260,2023-06-15 17:01:41+00:00,388.0,1.0,381.0,True,337.3246753246753,77,train
microsoft/vscode,111301684,21.04125,False,81,854.0,503.0,0.9343936381709742,24.950758274231678,1.0502777777777776,55.0,12.0,0.2181818181818181,0.1920374707259953,7063,2356,2023-07-06 18:01:05+00:00,345.0,0.0,381.0,True,337.3246753246753,77,train
microsoft/vscode,112148927,6.9634837962962965,False,82,277.0,188.0,0.898936170212766,151.64736028928337,1.655,29.0,4.0,0.1379310344827586,0.2021660649819494,7149,2387,2023-07-13 17:08:30+00:00,311.0,0.0,381.0,True,338.0,78,train
microsoft/vscode,113907434,14.274479166666667,False,83,496.0,334.0,0.8982035928143712,56.99761018518519,0.8436111111111111,45.0,7.0,0.1555555555555555,0.2540322580645161,7337,2471,2023-07-27 23:43:45+00:00,233.0,0.0,381.0,True,339.4,80,train
microsoft/vscode,115015295,6.772013888888889,False,84,165.0,121.0,0.9256198347107438,39.422934027777785,1.24,30.0,0.0,0.0,0.206060606060606,7357,2461,2023-08-03 18:15:27+00:00,300.0,0.0,381.0,True,339.4,80,train
microsoft/vscode,115963844,6.953043981481481,False,85,249.0,142.0,0.9084507042253521,119.16844315245478,1.2097222222222221,32.0,3.0,0.09375,0.2048192771084337,7429,2478,2023-08-10 17:07:50+00:00,316.0,0.0,381.0,True,339.4691358024691,81,train
microsoft/vscode,120333378,28.06414351851852,False,86,1232.0,617.0,0.9108589951377634,70.80681148675366,1.0897222222222223,64.0,16.0,0.25,0.1663961038961039,7552,2562,2023-09-07 18:40:12+00:00,361.0,0.0,381.0,True,337.39285714285717,84,train
microsoft/vscode,120835552,4.940300925925926,False,87,206.0,127.0,0.9133858267716536,83.37464559386974,0.6063888888888889,27.0,1.0,0.037037037037037,0.1359223300970873,7604,2574,2023-09-12 17:14:14+00:00,363.0,0.0,381.0,True,337.1411764705882,85,train
microsoft/vscode,121480572,5.543611111111111,False,88,133.0,84.0,0.8928571428571429,32.72805555555556,2.1755555555555555,34.0,5.0,0.1470588235294117,0.1654135338345864,7690,2603,2023-09-18 06:17:02+00:00,361.0,0.0,381.0,True,337.1411764705882,85,train
microsoft/vscode,123355143,14.389953703703704,False,89,470.0,361.0,0.9307479224376731,74.92613508597883,0.7022222222222223,42.0,3.0,0.0714285714285714,0.2106382978723404,7838,2671,2023-10-02 15:38:34+00:00,344.0,0.0,381.0,True,337.1411764705882,85,train
microsoft/vscode,123736439,2.1089467592592595,False,90,132.0,76.0,0.9473684210526315,250.76762731481483,2.070277777777778,22.0,0.0,0.0,0.1893939393939394,7816,2678,2023-10-04 18:15:27+00:00,352.0,0.0,381.0,True,337.1411764705882,85,train
microsoft/vscode,124696615,7.1340625,False,91,248.0,176.0,0.8693181818181818,37.79406318082789,1.318888888888889,42.0,9.0,0.2142857142857142,0.1975806451612903,7897,2699,2023-10-11 21:28:30+00:00,349.0,0.0,381.0,True,337.4186046511628,86,train
microsoft/vscode,127569793,20.85971064814815,False,92,793.0,498.0,0.9257028112449799,26.212939865027717,0.8172222222222222,50.0,6.0,0.12,0.1778058007566204,8146,2750,2023-11-01 18:06:29+00:00,381.0,0.0,381.0,True,338.0449438202247,89,train
microsoft/vscode,128197191,5.008229166666666,False,93,159.0,100.0,0.86,141.91331395348843,0.8601388888888889,29.0,1.0,0.0344827586206896,0.2515723270440251,8223,2775,2023-11-06 18:18:20+00:00,360.0,0.0,381.0,True,338.2,90,train
microsoft/vscode,132979603,31.03297453703704,False,94,1310.0,887.0,0.9041713641488163,81.75077687725133,0.5556944444444445,77.0,26.0,0.3376623376623376,0.1580152671755725,7936,2797,2023-12-07 19:05:49+00:00,178.0,0.0,381.0,True,339.01075268817203,93,train
microsoft/vscode,133791083,5.958136574074074,False,95,188.0,136.0,0.8529411764705882,87.83036637931036,0.4063888888888889,31.0,3.0,0.0967741935483871,0.202127659574468,7609,2698,2023-12-13 18:05:32+00:00,166.0,0.0,381.0,True,339.01075268817203,93,train
microsoft/vscode,135728221,21.057199074074077,False,96,305.0,215.0,0.9255813953488372,73.98038805136795,0.5155555555555555,53.0,13.0,0.2452830188679245,0.1508196721311475,7165,2562,2024-01-03 19:27:54+00:00,319.0,0.0,381.0,True,339.01075268817203,93,train
microsoft/vscode,137595644,14.94662037037037,False,97,433.0,334.0,0.9221556886227545,49.42582251082252,0.42583333333333334,45.0,11.0,0.2444444444444444,0.1270207852193995,7107,2589,2024-01-18 18:11:02+00:00,342.0,0.0,381.0,True,335.4947368421053,95,train
microsoft/vscode,139501858,13.799895833333334,False,98,415.0,337.0,0.9406528189910979,24.34959428671574,0.5102777777777778,47.0,8.0,0.1702127659574468,0.1060240963855421,7202,2624,2024-02-01 13:22:53+00:00,334.0,0.0,381.0,True,335.4947368421053,95,train
microsoft/vscode,140525002,7.013738425925926,False,99,215.0,202.0,0.9158415841584159,63.78125375375376,0.7333333333333333,41.0,9.0,0.2195121951219512,0.1162790697674418,7301,2664,2024-02-08 13:42:40+00:00,302.0,0.0,381.0,True,335.3229166666667,96,train
microsoft/vscode,142158503,7.005138888888889,False,100,301.0,181.0,0.9060773480662984,96.14080792682927,0.6456944444444445,33.0,4.0,0.1212121212121212,0.1893687707641196,7348,2690,2024-02-15 13:50:04+00:00,321.0,0.0,381.0,True,335.3229166666667,96,train
microsoft/vscode,144055742,13.196064814814816,False,101,438.0,314.0,0.9076433121019108,33.703768031189085,0.5405555555555556,43.0,5.0,0.1162790697674418,0.1324200913242009,7506,2737,2024-02-28 18:32:24+00:00,354.0,0.0,381.0,True,335.3917525773196,97,train
microsoft/vscode,145323317,7.997118055555555,False,102,231.0,152.0,0.9276315789473685,22.0838061465721,0.8336111111111111,34.0,3.0,0.088235294117647,0.2121212121212121,7553,2756,2024-03-07 18:28:15+00:00,345.0,0.0,381.0,True,335.3775510204082,98,train
microsoft/vscode,146100846,4.973935185185185,False,103,138.0,90.0,0.9111111111111111,9.504698509485094,0.6204166666666666,31.0,3.0,0.0967741935483871,0.217391304347826,7643,2778,2024-03-12 17:50:43+00:00,344.0,0.0,381.0,True,335.04040404040404,99,train
microsoft/vscode,149814200,22.96778935185185,False,104,1019.0,638.0,0.9122257053291536,74.32185519282167,0.5475,67.0,19.0,0.2835820895522388,0.2443572129538763,7807,2850,2024-04-04 17:04:20+00:00,311.0,0.0,381.0,True,335.08910891089107,101,train
microsoft/vscode,150797079,7.003506944444444,False,105,240.0,178.0,0.8932584269662921,26.09691474493362,0.8036111111111112,36.0,7.0,0.1944444444444444,0.2208333333333333,7898,2862,2024-04-11 17:09:23+00:00,319.0,0.0,381.0,True,335.1862745098039,102,train
microsoft/vscode,153873284,21.02747685185185,False,106,609.0,454.0,0.8590308370044053,199.19863888888892,0.606111111111111,46.0,8.0,0.1739130434782608,0.348111658456486,8126,2938,2024-05-02 17:48:57+00:00,270.0,0.0,381.0,True,335.2718446601942,103,train
microsoft/vscode,154983536,6.987442129629629,False,107,181.0,129.0,0.8992248062015504,48.318613505747116,0.5663888888888888,29.0,1.0,0.0344827586206896,0.2320441988950276,8209,2977,2024-05-09 17:30:52+00:00,265.0,0.0,381.0,True,335.03846153846155,104,train
microsoft/vscode,159075980,27.155613425925925,False,108,676.0,643.0,0.9097978227060654,88.52708309591642,0.4855555555555556,54.0,9.0,0.1666666666666666,0.1183431952662721,8428,3068,2024-06-05 21:14:57+00:00,282.0,0.0,381.0,True,334.27358490566036,106,train
microsoft/vscode,160346297,7.841817129629629,False,109,142.0,136.0,0.8088235294117647,108.54069696969698,0.48847222222222225,31.0,2.0,0.064516129032258,0.1478873239436619,8513,3106,2024-06-13 17:27:10+00:00,278.0,0.0,381.0,True,333.6261682242991,107,validation
microsoft/vscode,161326740,5.962048611111111,False,110,122.0,122.0,0.9426229508196722,162.98483333333337,0.7444444444444445,29.0,1.0,0.0344827586206896,0.1557377049180328,8555,3118,2024-06-19 16:32:31+00:00,277.0,0.0,381.0,True,333.6261682242991,107,validation
microsoft/vscode,163868610,14.076724537037038,False,111,328.0,294.0,0.9251700680272109,238.54768280228757,0.4448611111111111,44.0,8.0,0.1818181818181818,0.1097560975609756,8662,3172,2024-07-03 18:23:00+00:00,316.0,0.0,381.0,True,333.6261682242991,107,validation
microsoft/vscode,165004015,7.803229166666667,False,112,169.0,171.0,0.9005847953216374,38.48093975468975,0.49944444444444447,32.0,4.0,0.125,0.1124260355029585,8737,3199,2024-07-11 13:39:39+00:00,341.0,0.0,381.0,True,333.14814814814815,108,validation
microsoft/vscode,168291552,21.14327546296296,False,113,586.0,486.0,0.9074074074074074,103.45848261526831,0.6516666666666666,57.0,16.0,0.2807017543859649,0.3327645051194539,8920,3257,2024-08-01 17:05:58+00:00,353.0,0.0,381.0,True,332.1363636363636,110,validation
microsoft/vscode,169369196,6.969525462962963,False,114,220.0,179.0,0.9106145251396648,59.1387406271302,0.8613888888888889,33.0,2.0,0.0606060606060606,0.3136363636363636,9015,3295,2024-08-08 16:22:05+00:00,349.0,0.0,381.0,True,331.990990990991,111,validation
microsoft/vscode,170407271,7.057349537037037,False,115,236.0,169.0,0.893491124260355,101.6477906548933,1.1894444444444445,37.0,2.0,0.054054054054054,0.1483050847457627,9129,3328,2024-08-15 17:44:40+00:00,364.0,0.0,381.0,True,332.07142857142856,112,validation
microsoft/vscode,173695787,20.975775462962964,False,116,680.0,548.0,0.8813868613138686,80.11106855302508,0.45916666666666667,51.0,7.0,0.1372549019607843,0.2029411764705882,9381,3446,2024-09-05 17:09:47+00:00,390.0,1.0,381.0,True,332.2566371681416,113,validation
microsoft/vscode,174811451,7.000115740740741,False,117,239.0,192.0,0.8854166666666666,66.70317483660132,0.5911111111111111,35.0,2.0,0.0571428571428571,0.1548117154811715,9461,3494,2024-09-12 17:09:57+00:00,358.0,0.0,381.0,True,332.4035087719298,114,validation
microsoft/vscode,178259340,20.994791666666668,False,118,859.0,684.0,0.9342105263157895,57.48787428273343,0.45305555555555554,51.0,9.0,0.1764705882352941,0.1606519208381839,9672,3606,2024-10-03 17:02:27+00:00,249.0,0.0,381.0,True,332.67826086956524,115,validation
microsoft/vscode,178954173,5.019548611111111,False,119,131.0,138.0,0.8478260869565217,48.21707977207977,0.6861111111111111,27.0,3.0,0.1111111111111111,0.1450381679389313,9726,3616,2024-10-08 17:30:36+00:00,289.0,0.0,381.0,True,333.17241379310343,116,validation
microsoft/vscode,179341265,1.8743634259259256,False,120,27.0,29.0,0.7241379310344828,2.849444444444445,0.7533333333333333,14.0,1.0,0.0714285714285714,0.1851851851851851,9790,3621,2024-10-10 14:29:41+00:00,288.0,0.0,381.0,True,333.17241379310343,116,validation
microsoft/vscode,182523912,19.115324074074078,False,121,512.0,494.0,0.888663967611336,63.41735763097951,0.4247222222222222,47.0,11.0,0.2340425531914893,0.16015625,9990,3664,2024-10-29 17:15:45+00:00,335.0,0.0,381.0,True,333.38461538461536,117,validation
microsoft/vscode,183016531,2.2047916666666665,False,122,135.0,90.0,0.9333333333333333,91.3910052910053,0.36319444444444443,27.0,1.0,0.037037037037037,0.2740740740740741,9980,3674,2024-10-31 22:10:39+00:00,309.0,0.0,381.0,True,333.38461538461536,117,validation
microsoft/vscode,184258993,7.041273148148148,False,123,244.0,183.0,0.8907103825136612,20.713249829584186,0.43583333333333335,24.0,1.0,0.0416666666666666,0.3360655737704918,10066,3720,2024-11-07 23:10:05+00:00,338.0,0.0,381.0,True,332.30252100840335,119,validation
microsoft/vscode,185530462,6.965648148148148,False,124,224.0,165.0,0.8848484848484849,44.683514079147635,0.5925,27.0,1.0,0.037037037037037,0.21875,10109,3743,2024-11-14 22:20:37+00:00,350.0,0.0,381.0,True,331.93333333333334,120,validation
microsoft/vscode,190282879,26.87009259259259,False,125,836.0,748.0,0.8943850267379679,59.838353678790895,0.3819444444444444,53.0,12.0,0.2264150943396226,0.1363636363636363,9504,3671,2024-12-11 19:13:33+00:00,231.0,0.0,381.0,True,331.8211382113821,123,validation
microsoft/vscode,191500700,6.936342592592593,False,126,288.0,266.0,0.9172932330827067,37.17511498178507,0.3284722222222222,42.0,11.0,0.2619047619047619,0.1111111111111111,8687,3439,2024-12-18 17:41:53+00:00,192.0,0.0,381.0,True,331.96774193548384,124,validation
microsoft/vscode,191730414,1.0573726851851852,False,127,56.0,56.0,0.9464285714285714,9.652185534591196,0.3952777777777778,19.0,0.0,0.0,0.125,8526,3399,2024-12-19 19:04:30+00:00,188.0,0.0,381.0,True,331.96774193548384,124,validation
microsoft/vscode,194435633,24.79493055555556,False,128,291.0,261.0,0.8620689655172413,121.03088395061728,0.6727777777777778,41.0,7.0,0.1707317073170731,0.1649484536082474,8351,3348,2025-01-13 14:09:12+00:00,360.0,0.0,381.0,True,331.16,125,validation
microsoft/vscode,195234780,3.386828703703704,False,129,113.0,110.0,0.8636363636363636,17.162298245614032,0.6330555555555556,26.0,3.0,0.1153846153846153,0.1327433628318584,8398,3369,2025-01-16 23:26:14+00:00,371.0,0.0,381.0,True,331.16,125,validation
microsoft/vscode,198877577,20.72976851851852,False,130,761.0,663.0,0.9064856711915535,46.55203041227583,0.4280555555555556,51.0,6.0,0.1176470588235294,0.2036793692509855,8611,3443,2025-02-06 16:57:06+00:00,436.0,1.0,381.0,True,328.93700787401576,127,validation
microsoft/vscode,199679394,5.050613425925926,False,131,203.0,146.0,0.9041095890410958,46.694547558922565,0.7356944444444444,30.0,7.0,0.2333333333333333,0.2758620689655172,8703,3481,2025-02-11 18:09:59+00:00,416.0,1.0,381.0,True,328.93700787401576,127,validation
microsoft/vscode,200205683,1.9964351851851847,False,132,115.0,96.0,0.8958333333333334,61.87940891472869,0.6777777777777778,31.0,2.0,0.064516129032258,0.2,8714,3489,2025-02-13 18:04:51+00:00,411.0,1.0,381.0,True,329.1796875,128,validation
microsoft/vscode,203925835,19.985694444444444,False,133,857.0,716.0,0.9175977653631285,42.20037924911213,0.5986111111111111,50.0,9.0,0.18,0.1213535589264877,8965,3595,2025-03-05 17:44:15+00:00,379.0,0.0,381.0,True,329.50387596899225,129,validation
microsoft/vscode,204834300,5.105173611111111,False,134,104.0,100.0,0.83,89.53748995983938,0.6061111111111112,24.0,1.0,0.0416666666666666,0.2115384615384615,9045,3623,2025-03-10 20:15:42+00:00,388.0,1.0,381.0,True,330.32307692307694,130,validation
microsoft/vscode,205645537,2.855578703703704,False,135,146.0,123.0,0.8943089430894309,27.277224747474747,0.6741666666666666,32.0,2.0,0.0625,0.2123287671232876,9111,3640,2025-03-13 16:47:44+00:00,370.0,0.0,381.0,True,330.32307692307694,130,validation
microsoft/vscode,210233021,21.60482638888889,False,136,1067.0,846.0,0.9066193853427896,24.332631826741995,0.4261111111111111,57.0,12.0,0.2105263157894736,0.1171508903467666,9274,3740,2025-04-04 07:18:41+00:00,356.0,0.0,381.0,True,331.5833333333333,132,validation
microsoft/vscode,211083770,4.410069444444445,False,137,119.0,114.0,0.9035087719298246,143.9702966558792,0.5838888888888889,24.0,2.0,0.0833333333333333,0.2100840336134453,9347,3767,2025-04-08 17:09:11+00:00,335.0,0.0,381.0,True,331.9398496240602,133,validation
microsoft/vscode,211624742,1.9841435185185183,False,138,70.0,68.0,0.9264705882352942,51.280507054673734,0.6494444444444445,24.0,0.0,0.0,0.1428571428571428,9394,3776,2025-04-10 16:46:21+00:00,338.0,0.0,381.0,True,332.35820895522386,134,validation
microsoft/vscode,212878238,6.032650462962963,False,139,247.0,180.0,0.9111111111111111,15.956087398373983,0.4308333333333333,38.0,5.0,0.131578947368421,0.2024291497975708,9477,3806,2025-04-16 17:33:22+00:00,327.0,0.0,381.0,True,332.63703703703703,135,validation
microsoft/vscode,217393079,21.987569444444443,False,140,820.0,574.0,0.9128919860627178,23.148122879558947,0.7095833333333333,58.0,15.0,0.2586206896551724,0.2829268292682926,9703,3911,2025-05-08 17:15:28+00:00,304.0,0.0,381.0,True,332.82481751824815,137,validation
microsoft/vscode,218344785,5.007164351851852,False,141,169.0,135.0,0.8962962962962963,12.214504132231404,0.6563888888888889,26.0,2.0,0.0769230769230769,0.1834319526627219,9779,3932,2025-05-13 17:25:47+00:00,302.0,0.0,381.0,True,332.8623188405797,138,validation
microsoft/vscode,218911884,1.9951157407407407,False,142,66.0,61.0,0.9836065573770492,14.473032407407409,0.5419444444444445,22.0,1.0,0.0454545454545454,0.1666666666666666,9825,3939,2025-05-15 17:18:45+00:00,315.0,0.0,381.0,True,332.8623188405797,138,validation
microsoft/vscode,222843338,18.986296296296292,False,143,504.0,454.0,0.8568281938325991,33.17695515566981,0.6216666666666667,46.0,8.0,0.1739130434782608,0.123015873015873,10041,4020,2025-06-03 16:59:01+00:00,457.0,1.0,381.0,True,332.8201438848921,139,validation
microsoft/vscode,224972643,9.017013888888888,False,144,352.0,305.0,0.7901639344262295,25.54586906408483,0.5647222222222222,46.0,8.0,0.1739130434782608,0.15625,10038,4036,2025-06-12 17:23:31+00:00,493.0,1.0,381.0,True,332.6142857142857,140,validation
microsoft/vscode,226503146,6.989791666666667,False,145,164.0,171.0,0.7251461988304093,13.484540770609318,1.4305555555555556,34.0,5.0,0.1470588235294117,0.1707317073170731,10201,4072,2025-06-19 17:08:49+00:00,535.0,1.0,381.0,True,332.27464788732397,142,validation
microsoft/vscode,227783908,6.028854166666667,False,146,130.0,166.0,0.7349397590361446,52.99345173041894,0.9766666666666667,30.0,1.0,0.0333333333333333,0.1307692307692307,10357,4097,2025-06-25 17:50:22+00:00,546.0,1.0,381.0,True,332.27464788732397,142,validation
microsoft/vscode,231562545,15.023275462962962,False,147,729.0,585.0,0.7846153846153846,34.39581396756233,1.2302777777777778,60.0,15.0,0.25,0.0946502057613168,11091,4221,2025-07-10 18:23:53+00:00,600.0,1.0,381.0,True,333.1468531468532,143,validation
microsoft/vscode,232881520,5.841215277777778,False,148,267.0,191.0,0.774869109947644,81.15607732732734,0.7138888888888888,64.0,22.0,0.34375,0.1385767790262172,11169,4278,2025-07-16 14:35:14+00:00,606.0,1.0,381.0,True,334.25694444444446,144,validation
microsoft/vscode,234641159,7.102743055555556,False,149,411.0,216.0,0.8425925925925926,46.22741452991453,1.3269444444444445,45.0,8.0,0.1777777777777777,0.218978102189781,11375,4317,2025-07-23 17:03:11+00:00,612.0,1.0,381.0,True,335.6413793103448,145,test
microsoft/vscode,236028045,5.975706018518519,False,150,319.0,179.0,0.8156424581005587,57.88422564687976,0.7152777777777778,42.0,6.0,0.1428571428571428,0.109717868338558,11676,4380,2025-07-29 16:28:12+00:00,602.0,1.0,381.0,True,337.0821917808219,146,test
microsoft/vscode,238393156,9.054652777777775,False,151,515.0,359.0,0.7938718662952646,49.56464132553606,0.9913888888888889,54.0,5.0,0.0925925925925925,0.2893203883495145,11925,4467,2025-08-07 17:46:54+00:00,612.0,1.0,381.0,True,337.0821917808219,146,test
microsoft/vscode,239780431,6.0438425925925925,False,152,358.0,195.0,0.7846153846153846,31.998954248366008,1.2136111111111112,40.0,8.0,0.2,0.3743016759776536,12157,4525,2025-08-13 18:50:02+00:00,586.0,1.0,381.0,True,338.8707482993197,147,test
microsoft/vscode,241618186,8.008877314814814,False,153,455.0,284.0,0.795774647887324,41.88393682399214,0.9618055555555556,52.0,7.0,0.1346153846153846,0.1714285714285714,12251,4573,2025-08-21 19:02:49+00:00,537.0,1.0,381.0,True,340.6756756756757,148,test
microsoft/vscode,246491048,20.77423611111111,False,154,1056.0,748.0,0.8114973262032086,51.057706388431264,0.6236111111111111,62.0,7.0,0.1129032258064516,0.0890151515151515,12623,4754,2025-09-11 13:37:43+00:00,449.0,1.0,381.0,True,346.0,151,test
microsoft/vscode,248155319,6.500266203703704,False,155,168.0,140.0,0.7357142857142858,42.53270765911543,0.6758333333333333,33.0,3.0,0.0909090909090909,0.1309523809523809,12892,4800,2025-09-18 01:38:06+00:00,487.0,1.0,381.0,True,347.57894736842104,152,test
microsoft/vscode,250226077,8.284560185185185,False,156,296.0,209.0,0.7559808612440191,72.88356540084388,0.6545833333333333,54.0,8.0,0.1481481481481481,0.1047297297297297,13102,4873,2025-09-26 08:27:52+00:00,531.0,1.0,381.0,True,348.8169934640523,153,test
microsoft/vscode,251802178,6.370324074074074,False,157,351.0,259.0,0.7915057915057915,26.97981707317073,0.5736111111111111,44.0,2.0,0.0454545454545454,0.1025641025641025,13176,4918,2025-10-02 17:21:08+00:00,510.0,1.0,381.0,True,348.8169934640523,153,test
microsoft/vscode,253418659,6.9979050925925925,False,158,407.0,263.0,0.7870722433460076,42.9158024691358,1.3727777777777779,54.0,10.0,0.1851851851851851,0.2358722358722358,13226,4928,2025-10-09 17:18:07+00:00,771.0,1.0,381.0,True,348.8169934640523,153,test
microsoft/vscode,254828317,6.153206018518518,False,159,282.0,176.0,0.7443181818181818,37.890676420695506,1.1727777777777777,50.0,4.0,0.08,0.1950354609929078,13501,4975,2025-10-15 20:58:44+00:00,830.0,1.0,381.0,True,349.46753246753246,154,test
microsoft/vscode,261850326,27.88738425925926,False,160,2233.0,1373.0,0.8026219956300072,24.27040078644888,0.8043055555555556,80.0,11.0,0.1375,0.1464397671294223,13585,5243,2025-11-12 18:16:34+00:00,1065.0,1.0,381.0,True,355.17088607594934,158,test
microsoft/vscode,263105607,5.126875,False,161,322.0,220.0,0.8045454545454546,23.749896421845573,0.7875,48.0,1.0,0.0208333333333333,0.1366459627329192,13770,5321,2025-11-17 21:19:16+00:00,1065.0,1.0,381.0,True,358.15723270440253,159,test
microsoft/vscode,263768428,1.9416550925925928,False,162,177.0,131.0,0.8549618320610687,15.639660218253967,0.5938888888888889,33.0,0.0,0.0,0.1129943502824858,13820,5351,2025-11-19 19:55:15+00:00,1050.0,1.0,381.0,True,358.15723270440253,159,test
microsoft/vscode,265439624,6.684166666666667,False,163,415.0,279.0,0.7849462365591398,61.50443302891933,0.9633333333333334,49.0,4.0,0.0816326530612244,0.1373493975903614,13907,5441,2025-11-26 12:20:27+00:00,939.0,1.0,381.0,True,358.15723270440253,159,test
microsoft/vscode,269240526,14.255671296296295,False,164,834.0,695.0,0.7251798561151079,41.93113205467372,0.6865277777777778,63.0,12.0,0.1904761904761904,0.1139088729016786,12690,5556,2025-12-10 18:28:37+00:00,545.0,1.0,381.0,True,358.15723270440253,159,test
microsoft/vscode,271252851,7.165659722222222,False,165,467.0,379.0,0.7810026385224275,49.831859984984995,0.7241666666666666,63.0,13.0,0.2063492063492063,0.1263383297644539,11543,5321,2025-12-17 22:27:10+00:00,443.0,1.0,381.0,True,366.9378881987578,161,test
microsoft/vscode,275307407,21.93391203703704,False,166,700.0,436.0,0.7018348623853211,57.71534949164851,1.4368055555555554,59.0,12.0,0.2033898305084746,0.2657142857142857,11413,5239,2026-01-08 20:52:00+00:00,824.0,1.0,381.0,True,374.63803680981596,163,test
microsoft/vscode,277418115,7.733599537037037,False,167,585.0,398.0,0.7562814070351759,48.33921188630491,1.126111111111111,63.0,10.0,0.1587301587301587,0.1042735042735042,11776,5288,2026-01-16 14:28:23+00:00,820.0,1.0,381.0,True,375.6768292682927,164,test
microsoft/vscode,279512009,7.302326388888889,False,168,879.0,562.0,0.7953736654804271,26.000978125776786,0.7522222222222222,61.0,10.0,0.1639344262295081,0.0762229806598407,12012,5333,2026-01-23 21:43:44+00:00,763.0,1.0,381.0,True,376.08484848484846,165,test
microsoft/vscode,283135054,11.975300925925923,False,169,1123.0,777.0,0.7940797940797941,16.84526472177201,0.8544444444444445,64.0,4.0,0.0625,0.0792520035618878,12468,5390,2026-02-04 21:08:10+00:00,741.0,1.0,381.0,True,376.08484848484846,165,test
microsoft/vscode,284958517,5.890625,False,170,455.0,327.0,0.6941896024464832,53.949579050416055,1.4955555555555555,52.0,3.0,0.0576923076923076,0.1010989010989011,12580,5449,2026-02-10 18:30:40+00:00,712.0,1.0,381.0,True,378.7831325301205,166,test
microsoft/vscode,285081339,0.3710300925925926,False,171,75.0,45.0,0.8444444444444444,14.251966374269006,1.0886111111111112,20.0,1.0,0.05,0.2533333333333333,12619,5455,2026-02-11 03:24:57+00:00,739.0,1.0,381.0,True,378.7831325301205,166,test
microsoft/vscode,288512678,8.871585648148148,False,172,905.0,582.0,0.7938144329896907,19.764851491101496,0.9984722222222222,67.0,12.0,0.1791044776119403,0.1138121546961326,12853,5485,2026-02-20 00:20:02+00:00,810.0,1.0,381.0,True,381.4251497005988,167,test
microsoft/vscode,293129552,12.79023148148148,False,173,1427.0,919.0,0.8063112078346029,27.634981256560206,1.0247222222222223,66.0,11.0,0.1666666666666666,0.1324456902592852,13310,5529,2026-03-04 19:17:58+00:00,837.0,1.0,381.0,True,383.69642857142856,168,test
microsoft/vscode,294156116,2.2378009259259257,False,174,269.0,160.0,0.8375,35.55839759535655,1.129722222222222,43.0,3.0,0.0697674418604651,0.1524163568773234,13487,5554,2026-03-07 01:00:24+00:00,761.0,1.0,381.0,True,385.81065088757396,169,test
microsoft/vscode,294646386,2.419861111111111,False,175,38.0,37.0,0.5675675675675675,63.20343915343915,2.5441666666666665,15.0,0.0,0.0,0.2105263157894736,13560,5568,2026-03-09 11:05:00+00:00,780.0,1.0,381.0,True,385.81065088757396,169,test
microsoft/vscode,298469024,9.123587962962963,False,176,781.0,593.0,0.6897133220910624,21.872778456941052,1.363611111111111,64.0,9.0,0.140625,0.117797695262484,14119,5699,2026-03-18 14:02:58+00:00,682.0,1.0,381.0,True,389.7836257309942,171,test
microsoft/vscode,301163165,6.90792824074074,False,177,784.0,538.0,0.7156133828996283,12.036213564213563,1.3911111111111112,60.0,9.0,0.15,0.1084183673469387,14145,5738,2026-03-25 11:50:23+00:00,600.0,1.0,381.0,True,392.2267441860465,172,test
microsoft/vscode,304148026,6.98582175925926,False,178,788.0,608.0,0.6036184210526315,17.254831214047837,1.615,61.0,8.0,0.1311475409836065,0.0964467005076142,14412,5718,2026-04-01 11:29:58+00:00,584.0,1.0,381.0,True,392.2267441860465,172,test
microsoft/vscode,306501291,6.9391087962962965,False,179,517.0,515.0,0.6116504854368932,33.69687566137566,1.0,57.0,5.0,0.087719298245614,0.1141199226305609,14428,5751,2026-04-08 10:02:17+00:00,622.0,1.0,381.0,True,396.9022988505747,174,test
microsoft/vscode,309286222,7.030520833333333,False,180,641.0,650.0,0.72,18.314550094966762,1.4102777777777777,59.0,7.0,0.1186440677966101,0.093603744149766,14673,5781,2026-04-15 10:46:14+00:00,650.0,1.0,381.0,True,399.0914285714286,175,test
microsoft/vscode,309915674,1.1946875,False,181,150.0,402.0,0.22388059701492538,13.427287037037036,1.5788888888888888,39.0,2.0,0.0512820512820512,0.2866666666666667,14647,5751,2026-04-16 15:26:35+00:00,639.0,1.0,381.0,True,399.0914285714286,175,test
microsoft/vscode,311091911,3.7514814814814814,False,182,218.0,263.0,0.6653992395437263,26.477999999999998,1.133888888888889,42.0,1.0,0.0238095238095238,0.1192660550458715,14724,5737,2026-04-20 09:28:43+00:00,687.0,1.0,381.0,True,400.6988636363636,176,test
microsoft/vscode,312162617,2.0530092592592597,False,183,207.0,228.0,0.7412280701754386,10.030031229454305,1.4877777777777779,35.0,0.0,0.0,0.1932367149758454,14770,5753,2026-04-22 10:45:03+00:00,659.0,1.0,381.0,True,400.6988636363636,176,test
microsoft/vscode,312919206,1.3855902777777778,False,184,214.0,160.0,0.85625,9.248491484184916,1.2155555555555555,37.0,1.0,0.027027027027027,0.1542056074766355,14803,5757,2026-04-23 20:00:18+00:00,656.0,1.0,381.0,True,400.6988636363636,176,test
microsoft/vscode,315116361,5.601157407407407,False,185,362.0,403.0,0.7096774193548387,17.278736402486402,1.525,57.0,6.0,0.1052631578947368,0.1022099447513812,14989,5806,2026-04-29 10:25:58+00:00,664.0,1.0,381.0,True,401.82485875706215,177,test
microsoft/vscode,315998060,1.360613425925926,False,186,203.0,168.0,0.7738095238095238,13.666737179487178,1.397361111111111,34.0,1.0,0.0294117647058823,0.3251231527093596,15035,5814,2026-04-30 19:05:15+00:00,635.0,1.0,381.0,True,401.82485875706215,177,test
microsoft/vscode,318254349,5.529444444444445,False,187,388.0,371.0,0.7088948787061995,16.98237853823405,1.511111111111111,59.0,6.0,0.1016949152542373,0.1288659793814432,15329,5850,2026-05-06 07:47:39+00:00,622.0,1.0,381.0,True,402.84831460674155,178,test
microsoft/vscode,321341220,6.452673611111111,False,188,571.0,556.0,0.7679856115107914,22.537432344522507,1.4572222222222222,65.0,10.0,0.1538461538461538,0.1155866900175131,15600,5931,2026-05-12 18:39:30+00:00,536.0,1.0,381.0,True,404.07262569832403,179,test
microsoft/vscode,321722534,0.5688888888888889,False,189,55.0,56.0,0.8035714285714286,38.44528395061729,1.1944444444444444,25.0,0.0,0.0,0.109090909090909,15598,5920,2026-05-13 08:18:42+00:00,543.0,1.0,381.0,True,404.07262569832403,179,test
microsoft/vscode,325804905,7.057650462962963,False,190,464.0,490.0,0.6795918367346939,29.803919753086422,1.4136111111111112,50.0,6.0,0.12,0.1400862068965517,15802,5959,2026-05-20 09:41:43+00:00,515.0,1.0,381.0,True,408.2692307692308,182,test
microsoft/vscode,330727311,7.952048611111111,False,191,457.0,435.0,0.6942528735632184,25.16442144959529,1.90125,53.0,9.0,0.1698113207547169,0.0897155361050328,16067,6030,2026-05-28 08:32:40+00:00,477.0,1.0,381.0,True,410.9782608695652,184,test
microsoft/vscode,331516246,1.1814583333333333,False,192,67.0,87.0,0.6781609195402298,24.33322975517891,3.5508333333333333,29.0,0.0,0.0,0.1194029850746268,16111,6043,2026-05-29 12:53:58+00:00,456.0,1.0,381.0,True,412.34594594594597,185,test
microsoft/vscode,334826672,6.831053240740741,False,193,388.0,421.0,0.7410926365795725,21.997004095441596,2.045,57.0,7.0,0.1228070175438596,0.1365979381443298,16288,6087,2026-06-05 08:50:41+00:00,424.0,1.0,381.0,True,414.6577540106952,187,test
microsoft/vscode,337124757,5.033310185185186,False,194,305.0,295.0,0.7593220338983051,18.595006200396824,1.7505555555555556,47.0,6.0,0.1276595744680851,0.1147540983606557,16235,6108,2026-06-10 09:38:39+00:00,428.0,1.0,381.0,True,414.6577540106952,187,test
microsoft/vscode,337125364,0.0007523148148148,False,195,0.0,0.0,,,,0.0,0.0,,,16235,6108,2026-06-10 09:39:44+00:00,428.0,1.0,381.0,True,414.6577540106952,187,test
microsoft/vscode,337262896,0.1665509259259259,False,196,14.0,12.0,0.5833333333333334,5.57781746031746,5.513055555555556,8.0,2.0,0.25,0.2857142857142857,16233,6106,2026-06-10 13:39:34+00:00,427.0,1.0,381.0,True,414.6577540106952,187,test
microsoft/vscode,338369768,1.6440046296296296,False,197,145.0,144.0,0.7222222222222222,18.809281517094014,2.3651388888888887,36.0,1.0,0.0277777777777777,0.1862068965517241,16286,6114,2026-06-12 05:06:56+00:00,406.0,1.0,381.0,True,415.3031914893617,188,test
microsoft/vscode,340858462,5.411493055555556,False,198,277.0,277.0,0.7220216606498195,29.078031944444444,2.7125,45.0,1.0,0.0222222222222222,0.1624548736462094,16396,6124,2026-06-17 14:59:29+00:00,392.0,1.0,381.0,True,415.978835978836,189,test
microsoft/vscode,344104988,6.909780092592593,False,199,416.0,409.0,0.7872860635696821,14.711442374051071,2.152638888888889,55.0,9.0,0.1636363636363636,0.1081730769230769,16515,6128,2026-06-24 12:49:34+00:00,,,381.0,False,416.5,190,test
microsoft/vscode,347353206,6.863483796296296,False,200,498.0,485.0,0.8041237113402062,13.969893162393163,1.3650000000000002,46.0,1.0,0.0217391304347826,0.1064257028112449,16719,6145,2026-07-01 09:32:59+00:00,,,381.0,False,417.0208333333333,192,test
microsoft/vscode,350789479,6.953078703703704,False,201,391.0,409.0,0.7555012224938875,15.043518518518518,1.89,51.0,6.0,0.1176470588235294,0.1125319693094629,16856,6097,2026-07-08 08:25:25+00:00,,,381.0,False,417.05699481865287,193,test
microsoft/vscode,354067098,6.515798611111111,False,202,395.0,443.0,0.7629796839729119,11.05124835634451,1.54375,53.0,8.0,0.1509433962264151,0.1113924050632911,16985,6099,2026-07-14 20:48:10+00:00,,,381.0,False,417.16243654822335,197,test
microsoft/vscode,354739843,1.0591782407407409,False,203,95.0,108.0,0.7685185185185185,7.726572958500669,2.1102777777777777,30.0,3.0,0.1,0.1263157894736842,17017,6104,2026-07-15 22:13:23+00:00,,,381.0,False,417.16243654822335,197,test
microsoft/vscode,355932954,1.9719328703703705,False,204,127.0,164.0,0.6158536585365854,6.447579757975799,2.4875,31.0,1.0,0.032258064516129,0.2204724409448819,17073,6095,2026-07-17 21:32:58+00:00,,,381.0,False,417.0353535353535,198,test
